[
  {
    "name": ["Connector", "Table"],
    "weapon": "weapon_molotov",
    "position": [-432.03573608398, 937.15594482422, 320.03125],
    "viewangles": [-49.754272460938, -30.437696456909],
    "duck": true
  },
  {
    "name": ["here", "Back Room"],
    "description": "glass",
    "weapon": "weapon_molotov",
    "position": [-799.63824462891, -184.59886169434, 512.03125],
    "viewangles": [-10.826586723328, 111.74664306641],
    "grenade": {
      "run": 1,
      "run_speed": true
    }
  },
  {
    "name": ["here", "Back Hall"],
    "weapon": "weapon_hegrenade",
    "position": [-1188.8803710938, 143.89091491699, 320.03125],
    "viewangles": [-26.517234802246, 82.64168548584],
    "grenade": {
      "run": 1
    }
  },
  {
    "name": ["Boost[1]", "Boost"],
    "weapon": "weapon_hegrenade",
    "position": [-1212.5748291016, 975.56878662109, 512.03125],
    "viewangles": [-22.948431015015, -75.298896789551],
    "grenade": {
      "strength": 0.5,
      "fov": 5.12,
      "run": 62
    }
  },
  {
    "name": ["Boost[1]", "Boost"],
    "weapon": "weapon_molotov",
    "position": [-1212.5748291016, 975.56878662109, 512.03125],
    "viewangles": [-22.948431015015, -75.298896789551],
    "grenade": {
      "strength": 0.5,
      "fov": 5.12,
      "run": 58
    }
  },
  {
    "name": ["Stairs[2]", "Connector"],
    "weapon": "weapon_hegrenade",
    "position": [-271.96875, 1105.3381347656, 512.03125],
    "viewangles": [-0.34016251564026, -10.889155387878],
    "grenade": {
      "fov": 5.12
    }
  },
  {
    "name": ["Stairs[1]", "Connector"],
    "weapon": "weapon_molotov",
    "position": [-271.96875, 1105.3381347656, 512.03125],
    "viewangles": [5.3374109268188, -14.793946266174],
    "grenade": {
      "fov": 5.12,
      "run": 1
    }
  },
  {
    "name": ["Unnamed", "Stairs"],
    "weapon": "weapon_hegrenade",
    "position": [-316.25912475586, 1224.3090820313, 512.03125],
    "viewangles": [4.4316468238831, -41.75857925415],
    "grenade": {
      "fov": 5.12,
      "run": 1
    }
  },
  {
    "name": ["Utility[1]", "Back Room"],
    "weapon": "weapon_molotov",
    "position": [-1428.9642333984, 125.16588592529, 320.03125],
    "viewangles": [-25.944690704346, 56.38818359375],
    "grenade": {
      "fov": 5.12,
      "run": 1
    }
  },
  {
    "name": ["Boost[2]", "Boost"],
    "weapon": "weapon_molotov",
    "position": [-1207.7043457031, 1003.6811523438, 512.03125],
    "viewangles": [-10.157413482666, -77.00227355957],
    "grenade": {
      "fov": 5.12,
      "run": 52
    }
  },
  {
    "name": ["Unnamed", "Table"],
    "weapon": "weapon_molotov",
    "position": [-999.16302490234, -207.25621032715, 512.03125],
    "viewangles": [-10.727186203003, 63.476913452148],
    "grenade": {
      "run": 1,
      "run_speed": true
    }
  },
  {
    "name": ["Unnamed", "Table"],
    "weapon": "weapon_hegrenade",
    "position": [-992.08190917969, -263.73156738281, 550.28326416016],
    "viewangles": [-3.9698996543884, 65.19019317627],
    "grenade": {
      "run": 5
    }
  },
  {
    "name": ["Unnamed", "Table"],
    "weapon": "weapon_molotov",
    "position": [-1189.0191650391, 143.95858764648, 320.03125],
    "viewangles": [-27.434160232544, 41.218830108643]
  },
  {
    "name": ["Unnamed", "Hall"],
    "description": "glass",
    "weapon": "weapon_molotov",
    "position": [-1188.9782714844, 143.91416931152, 320.03125],
    "viewangles": [-24.420198440552, 41.842620849609],
    "grenade": {
      "run": 16
    }
  },
  {
    "name": ["Unnamed", "Table"],
    "description": "glass",
    "weapon": "weapon_hegrenade",
    "position": [-1188.8916015625, 143.81219482422, 320.03125],
    "viewangles": [-24.959371566772, 41.76732635498],
    "grenade": {
      "run": 3,
      "run_speed": true
    }
  },
  {
    "name": ["Unnamed", "Hall"],
    "description": "glass",
    "weapon": "weapon_hegrenade",
    "position": [-1188.9143066406, 143.88026428223, 320.03125],
    "viewangles": [-0.15422214567661, 42.119560241699],
    "grenade": {
      "run": 23,
      "jump": true
    }
  },
  {
    "name": ["Unnamed", "Table"],
    "weapon": "weapon_molotov",
    "position": [-456.54025268555, 800.72894287109, 320.03125],
    "viewangles": [-23.15191078186, 59.429149627686],
    "duck": true
  },
  {
    "name": ["Unnamed", "Back Hall"],
    "description": "GLASS",
    "weapon": "weapon_molotov",
    "position": [-1188.9171142578, 143.91801452637, 320.03125],
    "viewangles": [-25.991638183594, 82.780670166016],
    "grenade": {
      "run": 5
    }
  },
  {
    "name": ["Unnamed", "Back room"],
    "description": "glass",
    "weapon": "weapon_hegrenade",
    "position": [-881.56518554688, -216.83163452148, 512.03125],
    "viewangles": [14.431994438171, 107.1039276123],
    "grenade": {
      "run": 6,
      "recovery_yaw": 90,
      "jump": true
    }
  },
  {
    "name": ["Unnamed", "Hall"],
    "weapon": "weapon_molotov",
    "position": [-162.36756896973, 67.334327697754, 494.84332275391],
    "viewangles": [6.7737941741943, 57.023017883301],
    "grenade": {
      "run": 20,
      "recovery_yaw": 90,
      "jump": true
    }
  },
  {
    "name": ["Unnamed", "Stairs"],
    "weapon": "weapon_molotov",
    "position": [-164.77836608887, 47.644664764404, 461.64538574219],
    "viewangles": [9.5832033157349, 93.747688293457],
    "grenade": {
      "run": 20,
      "recovery_jump": true,
      "run_yaw": -90,
      "jump": true
    }
  },
  {
    "name": ["Unnamed", "FD"],
    "weapon": "weapon_molotov",
    "position": [854.1728515625, -534.51788330078, 256.03125],
    "viewangles": [-21.98237991333, -127.4036026001],
    "grenade": {
      "run": 18,
      "recovery_jump": true,
      "recovery_yaw": 0
    }
  },
  {
    "name": ["Unnamed", "Back Room"],
    "weapon": "weapon_hegrenade",
    "position": [-1369.6918945313, 500.28802490234, 552.03125],
    "viewangles": [6.3151044845581, 33.011573791504],
    "grenade": {
      "run": 14,
      "recovery_jump": true,
      "recovery_yaw": 90
    }
  },
  {
    "name": ["Unnamed", "Back Room"],
    "weapon": "weapon_molotov",
    "position": [-1367.216796875, 507.76156616211, 552.03125],
    "viewangles": [5.5627064704895, 32.021572113037],
    "grenade": {
      "run": 14,
      "recovery_jump": true,
      "recovery_yaw": 90
    }
  },
  {
    "name": ["Unnamed", "Back Room"],
    "description": "glass",
    "weapon": "weapon_hegrenade",
    "position": [-1573.5417480469, 392.26763916016, 386.8056640625],
    "viewangles": [1.9458986520767, 29.837177276611],
    "grenade": {
      "run": 16,
      "recovery_jump": true,
      "recovery_yaw": 90,
      "jump": true
    }
  },
  {
    "name": ["Unnamed", "Back Room"],
    "description": "glass",
    "weapon": "weapon_molotov",
    "position": [-1573.5443115234, 392.26623535156, 386.8056640625],
    "viewangles": [1.9458986520767, 29.837177276611],
    "grenade": {
      "run": 16,
      "recovery_jump": true,
      "recovery_yaw": 90,
      "jump": true
    }
  },
  {
    "name": ["Unnamed", "Stairs"],
    "weapon": "weapon_hegrenade",
    "position": [-1015.0263671875, 1264.05078125, 512.03125],
    "viewangles": [-1.8161420822144, 5.1530284881592],
    "grenade": {
      "run": 22
    }
  },
  {
    "name": ["Unnamed", "Stairs"],
    "weapon": "weapon_molotov",
    "position": [-1015.0159912109, 1264.0516357422, 512.03125],
    "viewangles": [-1.8161420822144, 5.1530284881592],
    "grenade": {
      "run": 22
    }
  },
  {
    "name": ["Unnamed", "Connector"],
    "description": "glass",
    "weapon": "weapon_hegrenade",
    "position": [-317.58935546875, 1126.1427001953, 512.03125],
    "viewangles": [11.065955162048, -15.749816894531],
    "grenade": {
      "run": 6
    }
  },
  {
    "name": ["Unnamed", "Stairs"],
    "weapon": "weapon_hegrenade",
    "position": [-442.69372558594, 1252.8084716797, 512.03125],
    "viewangles": [3.9159610271454, 11.288175582886],
    "grenade": {
      "run": 3
    }
  },
  {
    "name": ["Unnamed", "Connector"],
    "weapon": "weapon_hegrenade",
    "position": [-333.71154785156, 1473.9190673828, 512.03125],
    "viewangles": [-11.154036521912, -62.477798461914],
    "duck": true
  },
  {
    "name": ["Unnamed", "Stairs"],
    "weapon": "weapon_molotov",
    "position": [-304.04116821289, 1494.4632568359, 512.03125],
    "viewangles": [1.0999253988266, 17.73419380188],
    "grenade": {
      "run": 18,
      "recovery_jump": true,
      "recovery_yaw": 180,
      "run_yaw": -123
    }
  },
  {
    "name": ["Unnamed", "Stairs"],
    "weapon": "weapon_hegrenade",
    "position": [-271.93765258789, 1105.3148193359, 512.03125],
    "viewangles": [-1.5743560791016, -29.292850494385]
  },
  {
    "name": ["Unnamed", "Stairs"],
    "weapon": "weapon_molotov",
    "position": [-271.93356323242, 1105.3125, 512.03125],
    "viewangles": [-1.5743560791016, -29.292850494385]
  },
  {
    "name": ["Stairs", "Hall"],
    "weapon": "weapon_hegrenade",
    "position": [64.012969970703, 1138.1029052734, 353.0862121582],
    "viewangles": [-28.948514938354, -6.4033007621765],
    "grenade": {
      "run": 2,
      "delay": 6,
      "jump": true
    }
  },
  {
    "name": ["Stairs", "Hall"],
    "weapon": "weapon_molotov",
    "position": [64.03125, 1151.9807128906, 360.02532958984],
    "viewangles": [-38.69815826416, -8.362473487854],
    "grenade": {
      "run": 12,
      "delay": 10,
      "jump": true
    }
  },
  {
    "name": ["Unnamed", "Back Room"],
    "description": "glass",
    "weapon": "weapon_molotov",
    "position": [-1188.9310302734, 143.9144744873, 320.03125],
    "viewangles": [-30.54377746582, 81.642135620117],
    "grenade": {
      "run": 17
    }
  },
  {
    "name": ["Unnamed", "Back Room"],
    "description": "glass",
    "weapon": "weapon_hegrenade",
    "position": [-1188.9274902344, 143.91535949707, 320.03125],
    "viewangles": [-30.54377746582, 81.642135620117],
    "grenade": {
      "run": 17
    }
  },
  {
    "name": ["A Ramp", "A Site"],
    "weapon": "weapon_molotov",
    "position": [-578.54052734375, -1211.6442871094, 11673.852539063],
    "viewangles": [-24.721466064453, 40.554149627686],
    "grenade": {
      "run": 1
    }
  },
  {
    "name": ["Unnamed", "A Ramp\/Beton FD"],
    "weapon": "weapon_molotov",
    "position": [-616.05078125, -210.81918334961, 11776.03125],
    "viewangles": [-7.6156783103943, -134.39794921875],
    "grenade": {
      "run": 8,
      "delay": 11,
      "jump": true
    }
  },
  {
    "name": ["Unnamed", "Back Hall"],
    "description": "glass",
    "weapon": "weapon_molotov",
    "position": [-532.38024902344, 92.079803466797, 512.03125],
    "viewangles": [-6.9438333511353, 107.11127471924],
    "grenade": {
      "run": 5,
      "delay": 4,
      "jump": true
    }
  },
  {
    "name": ["Unnamed", "Back Hall"],
    "description": "to destroy the glass",
    "weapon": "weapon_hegrenade",
    "position": [-532.37054443359, 92.101638793945, 512.03125],
    "viewangles": [-5.7056503295898, 106.88988494873],
    "grenade": {
      "run": 6,
      "delay": 3,
      "jump": true
    }
  },
  {
    "name": ["Unnamed", "Push"],
    "weapon": "weapon_molotov",
    "position": [-1509.6960449219, 794.70373535156, 512.03125],
    "viewangles": [-6.5995087623596, 22.251346588135],
    "grenade": {
      "run": 8
    }
  },
  {
    "name": ["Unnamed", "Push"],
    "weapon": "weapon_molotov",
    "position": [-1373.5391845703, 882.63159179688, 512.03125],
    "viewangles": [-8.4658985137939, 17.28782081604],
    "grenade": {
      "run": 2
    }
  },
  {
    "name": ["Unnamed", "Stairs"],
    "weapon": "weapon_molotov",
    "position": [-293.17852783203, 1207.4035644531, 512.03125],
    "viewangles": [2.7880172729492, -42.134559631348]
  },
  {
    "name": ["Unnamed", "Back Hall"],
    "description": "to destroy the glass",
    "weapon": "weapon_hegrenade",
    "position": [-956.02221679688, -137.95361328125, 512.03125],
    "viewangles": [-28.908239364624, 90.115264892578],
    "grenade": {
      "run": 16
    }
  },
  {
    "name": ["Unnamed", "Back Hall"],
    "description": "glass",
    "weapon": "weapon_molotov",
    "position": [-956.02209472656, -137.98715209961, 512.03125],
    "viewangles": [-29.238090515137, 90.445373535156],
    "grenade": {
      "run": 13
    }
  },
  {
    "name": ["Unnamed", "Push"],
    "weapon": "weapon_hegrenade",
    "position": [-1373.5391845703, 882.63159179688, 512.03125],
    "viewangles": [-8.4658985137939, 17.28782081604],
    "grenade": {
      "run": 2
    }
  },
  {
    "name": ["Unnamed", "Push"],
    "weapon": "weapon_hegrenade",
    "position": [-1509.6960449219, 794.70373535156, 512.03125],
    "viewangles": [-6.5995087623596, 22.251346588135],
    "grenade": {
      "run": 8
    }
  },
  {
    "name": ["Unnamed", "Hall"],
    "weapon": "weapon_molotov",
    "position": [-57.549175262451, 958.29626464844, 320.03125],
    "viewangles": [-49.41296005249, 7.2556858062744],
    "grenade": {
      "run": 6
    }
  },
  {
    "name": ["Unnamed", "Connector"],
    "weapon": "weapon_molotov",
    "position": [-420.76797485352, 1187.3758544922, 512.03125],
    "viewangles": [1.8945363759995, -18.269491195679],
    "grenade": {
      "run": 1
    }
  },
  {
    "name": ["Unnamed", "Stairs"],
    "weapon": "weapon_molotov",
    "position": [-304.03125, 1494.3895263672, 512.03125],
    "viewangles": [-8.0772266387939, -155.11502075195],
    "grenade": {
      "run": 3
    }
  },
  {
    "name": ["Unnamed", "Connector"],
    "weapon": "weapon_molotov",
    "position": [-316.884765625, 1126.681640625, 512.03125],
    "viewangles": [0.94772738218307, -15.154012680054]
  },
  {
    "name": ["Unnamed", "Connector"],
    "description": "glass",
    "weapon": "weapon_hegrenade",
    "position": [-420.75506591797, 1187.3697509766, 512.03125],
    "viewangles": [2.0862758159637, -17.487436294556]
  },
  {
    "name": ["Unnamed", "Stairs"],
    "weapon": "weapon_molotov",
    "position": [-420.73123168945, 1187.3878173828, 512.03125],
    "viewangles": [-0.59146505594254, 36.488567352295],
    "grenade": {
      "run": 1,
      "run_speed": true,
      "recovery_yaw": 180
    }
  },
  {
    "name": ["Unnamed", "Hall"],
    "weapon": "weapon_hegrenade",
    "position": [-57.57230758667, 958.31884765625, 320.03125],
    "viewangles": [-15.166875839233, 7.1877975463867],
    "grenade": {
      "run": 6,
      "jump": true
    }
  },
  {
    "name": ["Unnamed", "Hall"],
    "weapon": "weapon_molotov",
    "position": [-1429.9184570313, 130.11730957031, 320.03125],
    "viewangles": [-25.70051574707, 32.721515655518],
    "grenade": {
      "run": 18
    }
  },
  {
    "name": ["Unnamed", "Main Hall"],
    "weapon": "weapon_hegrenade",
    "position": [-997.99768066406, 1268.7585449219, 512.03125],
    "viewangles": [-4.609513759613, -76.789985656738],
    "grenade": {
      "run": 11,
      "recovery_yaw": 180,
      "run_yaw": -90
    }
  }
],
"cs_assault": [
  {
    "name": ["Red Car", "Red Car"],
    "weapon": "weapon_molotov",
    "position": [4856.6870117188, 4586.8989257813, -865.96246337891],
    "viewangles": [-8.2426996231079, -49.91752243042],
    "grenade": {
      "fov": 5.12,
      "run": 8
    }
  },
  {
    "name": ["Street", "CT Start"],
    "description": "Safe",
    "weapon": "weapon_molotov",
    "position": [6295.33203125, 5336.3295898438, -871.96875],
    "viewangles": [-2.6576404571533, 36.830375671387],
    "grenade": {
      "run": 37,
      "recovery_jump": true,
      "recovery_yaw": 90,
      "jump": true
    }
  },
  {
    "name": ["CT Start", "Street"],
    "description": "SAfe",
    "weapon": "weapon_molotov",
    "position": [6310.9814453125, 6201.205078125, -863.96875],
    "viewangles": [-2.4112281799316, -34.310348510742],
    "grenade": {
      "run": 23,
      "recovery_jump": true,
      "recovery_yaw": -90,
      "jump": true
    }
  },
  {
    "name": ["Front Entrance", "Stairs"],
    "weapon": "weapon_molotov",
    "position": [6622.4096679688, 4863.0268554688, -863.96875],
    "viewangles": [-57.129581451416, 149.87362670898]
  },
  {
    "name": ["Front Entrance", "Ramp \/ Room"],
    "description": "UNSAFE",
    "weapon": "weapon_molotov",
    "position": [6401.7060546875, 4651.8349609375, -868.01574707031],
    "viewangles": [-1.4784245491028, 174.47822570801],
    "grenade": {
      "strength": 0,
      "run": 9,
      "recovery_jump": true,
      "recovery_yaw": -90,
      "jump": true
    }
  },
  {
    "name": ["Front Entrace", "Ramp"],
    "weapon": "weapon_molotov",
    "position": [6496.0966796875, 4698.99609375, -863.96875],
    "viewangles": [-9.6800146102905, 153.76370239258],
    "grenade": {
      "run": 14,
      "recovery_yaw": 180,
      "run_yaw": 90
    }
  },
  {
    "name": ["Unnamed", "Red Car"],
    "weapon": "weapon_molotov",
    "position": [6247.1689453125, 4428.5126953125, -870.64611816406],
    "viewangles": [-21.192554473877, -149.66262817383],
    "grenade": {
      "fov": 5.12
    }
  },
  {
    "name": ["Unnamed", "Barrels"],
    "weapon": "weapon_molotov",
    "position": [6247.1689453125, 4428.5126953125, -870.64611816406],
    "viewangles": [-32.102272033691, -118.99373947144],
    "grenade": {
      "fov": 5.12
    }
  },
  {
    "name": ["Unnamed", "Car"],
    "weapon": "weapon_molotov",
    "position": [6247.1689453125, 4428.5126953125, -870.64611816406],
    "viewangles": [-52.66813659668, -131.89321899414],
    "grenade": {
      "fov": 5.12
    }
  },
  {
    "name": ["wheels", "wheels"],
    "weapon": "weapon_molotov",
    "position": [4896.8408203125, 4498.3706054688, -606.92358398438],
    "viewangles": [-9.984527, -14.2949562]
  },
  {
    "name": ["car", "Car"],
    "weapon": "weapon_hegrenade",
    "position": [5028.0229492188, 4440.9384765625, -607.96875],
    "viewangles": [-2.1230280399323, -39.254619598389],
    "grenade": {
      "run": 3
    }
  },
  {
    "name": ["barrels5", "Barrels"],
    "weapon": "weapon_molotov",
    "position": [5028.03125, 4649.0180664063, -606.96875],
    "viewangles": [-16.6097164, -49.9198837]
  },
  {
    "name": ["barrels2", "Barrels"],
    "weapon": "weapon_molotov",
    "position": [5018.283203125, 4495.9526367188, -607.92358398438],
    "viewangles": [-7.3151273727417, -53.057250976563],
    "grenade": {
      "run": 1
    }
  },
  {
    "name": ["barrels", "barrels"],
    "weapon": "weapon_molotov",
    "position": [5036.802734375, 4759.564453125, -831.96875],
    "viewangles": [-5.9772686958313, -53.019989013672],
    "grenade": {
      "jump": true
    }
  },
  {
    "name": ["wheels2", "wheels"],
    "weapon": "weapon_molotov",
    "position": [5037.9375, 4631.5087890625, -843.20446777344],
    "viewangles": [-19.9100952, -17.0695686],
    "grenade": {
      "run": 12
    }
  },
  {
    "name": ["car2", "car"],
    "weapon": "weapon_hegrenade",
    "position": [5042.7768554688, 4356.4990234375, -862.96875],
    "viewangles": [-25.3001518, -37.5547],
    "grenade": {
      "run": 3
    }
  },
  {
    "name": ["barrels3", "barrels"],
    "weapon": "weapon_molotov",
    "position": [5801.7763671875, 4481.7666015625, -872.96875],
    "viewangles": [-31.944973, -90.06384]
  },
  {
    "name": ["car3", "car"],
    "weapon": "weapon_hegrenade",
    "position": [5894.5209960938, 4422.2026367188, -874.79760742188],
    "viewangles": [-36.553142547607, -86.629837036133],
    "grenade": {
      "run": 1,
      "jump": true
    },
    "duck": true
  },
  {
    "name": ["car3", "car"],
    "weapon": "weapon_molotov",
    "position": [5862.8071289063, 4365.2265625, -872.96875],
    "viewangles": [-51.01494, -86.11953]
  },
  {
    "name": ["Unnamed", "Left corner"],
    "description": "UNSAFE",
    "weapon": "weapon_molotov",
    "position": [5625.1040039063, 5914.5805664063, -863.96875],
    "viewangles": [4.2239990234375, 121.29202270508],
    "grenade": {
      "run": 39,
      "recovery_jump": true,
      "jump": true
    }
  },
  {
    "name": ["Unnamed", "WALL"],
    "description": "UNSAFE",
    "weapon": "weapon_hegrenade",
    "position": [5716.2622070313, 6030.9750976563, -863.96875],
    "viewangles": [-11.541200637817, 160.38177490234],
    "grenade": {
      "run": 1,
      "recovery_jump": true,
      "recovery_yaw": 90
    }
  },
  {
    "name": ["Unnamed", "Car"],
    "description": "SAFE",
    "weapon": "weapon_molotov",
    "position": [5049.2646484375, 4616.4536132813, -848.00018310547],
    "viewangles": [1.2099734544754, -35.189479827881],
    "grenade": {
      "run": 14,
      "recovery_yaw": -156,
      "run_yaw": 55,
      "jump": true
    }
  },
  {
    "name": ["Unnamed", "Car"],
    "weapon": "weapon_molotov",
    "position": [4930.1157226563, 4494.8466796875, -607.92358398438],
    "viewangles": [-10.480278015137, -19.955263137817],
    "grenade": {
      "run": 5,
      "run_speed": true,
      "run_yaw": 180
    }
  },
  {
    "name": ["Unnamed", "Car [UNSAFE]"],
    "description": "MAX DMG",
    "weapon": "weapon_hegrenade",
    "position": [4940.1479492188, 4518.88671875, -607.92358398438],
    "viewangles": [16.5246925354, -25.47102355957],
    "grenade": {
      "run": 1,
      "run_speed": true,
      "jump": true
    }
  },
  {
    "name": ["Unnamed", "Wheels [UNSAFE]"],
    "description": "MAX DMG",
    "weapon": "weapon_hegrenade",
    "position": [4940.2353515625, 4518.83984375, -607.92358398438],
    "viewangles": [14.599697113037, -15.326168060303],
    "grenade": {
      "run": 1,
      "run_speed": true,
      "delay": 2,
      "jump": true
    }
  },
  {
    "name": ["Unnamed", "Wheels [UNSAFE]"],
    "weapon": "weapon_hegrenade",
    "position": [5050.8579101563, 4616.14453125, -848.07720947266],
    "viewangles": [-9.3254241943359, -37.926120758057],
    "grenade": {
      "run": 12,
      "recovery_jump": true,
      "recovery_yaw": -171,
      "run_yaw": 59
    }
  },
  {
    "name": ["Unnamed", "Car [UNSAFE]"],
    "weapon": "weapon_hegrenade",
    "position": [5128.857421875, 4596.0268554688, -853.150390625],
    "viewangles": [-18.403022766113, -64.218154907227],
    "grenade": {
      "run": 17,
      "recovery_jump": true,
      "recovery_yaw": -172,
      "run_yaw": 90
    }
  },
  {
    "name": ["Unnamed", "Car"],
    "weapon": "weapon_molotov",
    "position": [6339.0556640625, 4385.8076171875, -869.70190429688],
    "viewangles": [-43.318199157715, -137.80731201172],
    "grenade": {
      "strength": 0.5,
      "run": 4,
      "run_speed": true
    }
  },
  {
    "name": ["Unnamed", "Car"],
    "weapon": "weapon_hegrenade",
    "position": [6339.1044921875, 4385.8564453125, -869.68725585938],
    "viewangles": [-21.813213348389, -138.02770996094],
    "grenade": {
      "run": 2,
      "run_yaw": 180
    }
  },
  {
    "name": ["Unnamed", "Barrels"],
    "weapon": "weapon_hegrenade",
    "position": [6247.0893554688, 4428.3588867188, -870.63671875],
    "viewangles": [-29.253311157227, -126.0857925415]
  },
  {
    "name": ["Unnamed", "Street"],
    "weapon": "weapon_molotov",
    "position": [6574.9692382813, 4352.0209960938, -863.96875],
    "viewangles": [-5.9150242805481, 93.22737121582],
    "grenade": {
      "run": 11,
      "delay": 6,
      "jump": true
    }
  },
  {
    "name": ["Placa", "Rail"],
    "weapon": "weapon_knife",
    "position": [6698.1166992188, 7231.99609375, -583.96875],
    "viewangles": [25.09813117981, -1.9524146318436],
    "movement": {
      "frames": [
        [
          0,
          0,
          "F",
          225
        ],
        [
          -0.3036003112793,
          -0.25300014019012
        ],
        [
          -0.35420036315918,
          -0.30359983444214
        ],
        [
          -0.40480041503906,
          -0.25300002098083
        ],
        [
          -0.40480041503906,
          -0.15180015563965
        ],
        [
          -0.60720062255859,
          -0.25300025939941
        ],
        [
          -0.3036003112793,
          -0.050600051879883
        ],
        [
          -0.50600051879883,
          -0.10120010375977
        ],
        [
          -0.40480041503906,
          -0.10120010375977
        ],
        [
          -0.3036003112793
        ],
        [
          -0.20240020751953,
          -0.050600051879883
        ],
        [
          -0.20240020751953,
          -0.050600051879883
        ],
        [
          -0.25300025939941
        ],
        [
          -0.20240020751953
        ],
        [
          -0.25300025939941
        ],
        [
          -0.15180015563965,
          0.050600051879883
        ],
        [
          -0.15180015563965,
          0.10120010375977
        ],
        [
          -0.10120010375977,
          0.10120010375977
        ],
        [
          -0.10120010375977,
          0.050600051879883
        ],
        [
          -0.10120010375977,
          0.10120010375977
        ],
        2,
        [
          -0.050600051879883,
          0.050600051879883
        ],
        [
          -0.050600051879883,
          0.050600051879883
        ],
        [
          0,
          0.050600051879883
        ],
        [
          -0.050600051879883,
          0.10120010375977
        ],
        [
          -0.050600051879883,
          0.050600051879883
        ],
        [
          -0.050600051879883,
          0.10120010375977
        ],
        [
          -0.050600051879883,
          0.10120010375977
        ],
        [
          0,
          0.10120010375977
        ],
        [
          0,
          0.10120010375977
        ],
        [
          0,
          0.10120010375977
        ],
        [
          0,
          0.050600051879883
        ],
        2,
        [
          0,
          0,
          "J"
        ],
        [
          0,
          0,
          "jR",
          450,
          0
        ],
        [
          0,
          0,
          "rL",
          450,
          0
        ],
        [
          0,
          0,
          "DRl",
          450,
          0
        ],
        [
          0,
          0,
          "rL",
          450,
          0
        ],
        [
          0,
          0,
          "Rl",
          450,
          0
        ],
        [
          0,
          0,
          "rL",
          450,
          0
        ],
        [
          0.050600051879883,
          0,
          "Rl",
          450,
          0
        ],
        [
          0.050600051879883,
          0.050600051879883,
          "rL",
          450,
          0
        ],
        [
          0,
          0.050600051879883,
          "Rl",
          450,
          0
        ],
        [
          0.050600051879883,
          -0.050600051879883,
          "rL",
          450,
          0
        ],
        [
          0.050600051879883,
          0,
          "Rl",
          450,
          0
        ],
        [
          0,
          0,
          "rL",
          450,
          0
        ],
        [
          0,
          0,
          "Rl",
          450,
          0
        ],
        [
          0,
          0,
          "rL",
          450,
          0
        ],
        [
          0,
          0,
          "Rl",
          450,
          0
        ],
        [
          0,
          0,
          "rL",
          450,
          0
        ],
        [
          0,
          0,
          "Rl",
          450,
          0
        ],
        [
          0,
          0,
          "rL",
          450,
          0
        ],
        [
          0,
          0,
          "Rl",
          450,
          0
        ],
        [
          0,
          0,
          "rL",
          450,
          0
        ],
        [
          0,
          0,
          "Rl",
          450,
          0
        ],
        [
          0,
          0,
          "rL",
          450,
          0
        ],
        [
          0,
          0,
          "Rl",
          450,
          0
        ],
        [
          0,
          0,
          "rL",
          450,
          0
        ],
        [
          0,
          0,
          "Rl",
          450,
          0
        ],
        [
          0,
          0,
          "rL",
          450,
          0
        ],
        [
          0,
          0,
          "Rl",
          450,
          0
        ],
        [
          0,
          0,
          "JrL",
          450,
          0
        ],
        [
          0,
          0,
          "jRl",
          450,
          0
        ],
        [
          0,
          0,
          "rL",
          450,
          0
        ],
        [
          0,
          0,
          "Rl",
          450,
          0
        ],
        [
          0,
          0,
          "rL",
          450,
          0
        ],
        [
          0,
          0,
          "Rl",
          450,
          0
        ],
        [
          0,
          0,
          "rL",
          450,
          0
        ],
        [
          0.10120010375977,
          0.10120010375977,
          "Rl",
          450,
          0
        ],
        [
          0,
          0,
          "rL",
          450,
          0
        ],
        [
          0.050600051879883,
          0.15180015563965,
          "Rl",
          450,
          0
        ],
        [
          0,
          0.050600051879883,
          "rL",
          450,
          0
        ],
        [
          0,
          0.10120010375977,
          "Rl",
          450,
          0
        ],
        [
          0,
          0,
          "rL",
          450,
          0
        ],
        [
          0,
          0,
          "Rl",
          450,
          0
        ],
        [
          0,
          0,
          "rL",
          450,
          0
        ],
        [
          0,
          0,
          "Rl",
          450,
          0
        ],
        [
          0,
          0,
          "rL",
          450,
          0
        ],
        [
          0.050600051879883,
          0,
          "Rl",
          450,
          0
        ],
        [
          0,
          0,
          "rL",
          450,
          0
        ],
        [
          0,
          0,
          "Rl",
          450,
          0
        ],
        [
          0,
          0,
          "drL",
          450,
          0
        ],
        [
          0,
          0,
          "Rl",
          450,
          0
        ],
        [
          0,
          0,
          "rL",
          450,
          0
        ],
        [
          0,
          0,
          "Rl",
          450,
          0
        ],
        [
          0,
          0,
          "rL",
          450,
          0
        ],
        [
          0,
          0,
          "Rl",
          450,
          0
        ],
        [
          0,
          0,
          "rL",
          450,
          0
        ],
        [
          -0.050600051879883,
          -0.050600051879883,
          "Rl",
          450,
          0
        ],
        [
          0,
          0,
          "rL",
          450,
          0
        ],
        [
          -0.050600051879883,
          0,
          "Rl",
          450,
          0
        ],
        [
          0,
          0,
          "rL",
          450,
          0
        ],
        [
          -0.050600051879883,
          0,
          "Rl",
          450,
          0
        ],
        [
          0,
          -0.050600051879883,
          "rL",
          450,
          0
        ],
        [
          0,
          -0.050600051879883,
          "Rl",
          450,
          0
        ],
        [
          0,
          -0.050600051879883,
          "rL",
          450,
          0
        ],
        [
          0,
          -0.10120010375977,
          "Rl",
          450,
          0
        ],
        [
          0,
          -0.050600051879883,
          "rL",
          450,
          0
        ],
        [
          0,
          -0.050600051879883,
          "Rl",
          450,
          0
        ],
        [
          0,
          -0.050600051879883,
          "rL",
          450,
          0
        ],
        [
          0,
          0,
          "Rl",
          450,
          0
        ],
        [
          -0.050600051879883,
          0,
          "rL",
          450,
          0
        ],
        [
          0,
          0,
          "Rl",
          450,
          0
        ],
        [
          0,
          0,
          "rL",
          450,
          0
        ],
        [
          0,
          -0.050600051879883,
          "Rl",
          450,
          0
        ],
        [
          0,
          -0.10120010375977,
          "rL",
          450,
          0
        ],
        [
          0.050600051879883,
          -0.050600051879883,
          "Rl",
          450,
          0
        ],
        [
          0,
          -0.050600051879883,
          "r"
        ],
        1,
        [
          0.050600051879883,
          -0.050600051879883
        ],
        1,
        [
          0.050600051879883,
          -0.050600051879883
        ],
        [
          0.050600051879883,
          -0.050600051879883
        ],
        [
          0.050600051879883,
          -0.050600051879883
        ],
        18,
        [
          0,
          0,
          "D"
        ],
        7,
        [
          0,
          0,
          "BfL",
          0,
          0
        ],
        [
          0,
          0,
          "",
          0,
          0
        ],
        [
          0,
          0,
          "",
          0,
          0
        ],
        [
          0,
          0,
          "",
          0,
          0
        ],
        [
          0,
          0,
          "",
          0,
          0
        ],
        [
          0,
          0,
          "",
          0,
          0
        ],
        [
          0,
          0,
          "",
          0,
          0
        ],
        [
          0,
          0,
          "",
          0,
          0
        ],
        [
          0,
          0,
          "bl"
        ],
        18
      ]
    }
  },
  {
    "name": ["Wood boxes", "Car"],
    "weapon": "weapon_molotov",
    "position": [5066.787109375, 4664.0551757813, -835.96875],
    "viewangles": [-20.780004501343, -28.330696105957],
    "grenade": {
      "run": 17,
      "recovery_jump": true,
      "recovery_yaw": -90
    }
  },
  {
    "name": ["Wood box", "Car"],
    "weapon": "weapon_hegrenade",
    "position": [5070.9067382813, 4656.9580078125, -837.78106689453],
    "viewangles": [-15.095916748047, -28.223163604736],
    "grenade": {
      "run": 17,
      "recovery_jump": true,
      "recovery_yaw": -90
    }
  },
  {
    "name": ["Wood box", "Car (Jump)"],
    "weapon": "weapon_hegrenade",
    "position": [5070.958984375, 4656.9516601563, -837.78192138672],
    "viewangles": [3.8285126686096, -28.039604187012],
    "grenade": {
      "run": 25,
      "recovery_jump": true,
      "recovery_yaw": -90,
      "jump": true
    }
  },
  {
    "name": ["Wood box", "Car (Jump)"],
    "weapon": "weapon_molotov",
    "position": [5071.0249023438, 4656.9716796875, -837.77819824219],
    "viewangles": [3.8791103363037, -27.180328369141],
    "grenade": {
      "run": 25,
      "recovery_jump": true,
      "recovery_yaw": -90,
      "jump": true
    }
  },
  {
    "name": ["here", "Car"],
    "weapon": "weapon_molotov",
    "position": [5942.6528320313, 4398.2724609375, -875.96875],
    "viewangles": [-47.355792999268, -98.21167755127],
    "grenade": {
      "strength": 0.5
    },
    "duck": true
  },
  {
    "name": ["here", "Barrels"],
    "weapon": "weapon_molotov",
    "position": [6175.1684570313, 4416.46875, -871.92028808594],
    "viewangles": [-31.646883010864, -115.06634521484]
  },
  {
    "name": ["here", "Car"],
    "weapon": "weapon_molotov",
    "position": [5625.8232421875, 4381.2021484375, -873.0341796875],
    "viewangles": [-23.214233398438, -62.408496856689],
    "duck": true
  },
  {
    "name": ["here", "Barrels"],
    "weapon": "weapon_hegrenade",
    "position": [6148.841796875, 4448.78125, -872.88824462891],
    "viewangles": [-29.640165328979, -115.860496521]
  },
  {
    "name": ["here", "Car"],
    "weapon": "weapon_hegrenade",
    "position": [6125.0073242188, 4470.7553710938, -873.29431152344],
    "viewangles": [-20.38032913208, -106.19560241699]
  },
  {
    "name": ["Wood box", "Barrels (Left)"],
    "description": "Unsafe if someone in car",
    "weapon": "weapon_molotov",
    "position": [5036.173828125, 4702.6357421875, -831.96875],
    "viewangles": [-1.0511683225632, -33.841979980469],
    "grenade": {
      "run": 40,
      "recovery_jump": true,
      "jump": true
    }
  },
  {
    "name": ["Wood boxes", "Barrels (Right)"],
    "weapon": "weapon_molotov",
    "position": [5025.3627929688, 4419.1396484375, -862.96875],
    "viewangles": [-28.071603775024, -54.53694152832],
    "grenade": {
      "run": 2
    }
  },
  {
    "name": ["Unnamed", "Door"],
    "weapon": "weapon_molotov",
    "position": [5047.8559570313, 5035.0971679688, -871.96875],
    "viewangles": [-50.491893768311, -133.12084960938],
    "grenade": {
      "run": 1
    }
  },
  {
    "name": ["Unnamed", "Left Corner"],
    "weapon": "weapon_molotov",
    "position": [5540.0463867188, 6027.5854492188, -863.96875],
    "viewangles": [-1.332810997963, 154.82501220703],
    "grenade": {
      "run": 10
    }
  },
  {
    "name": ["Unnamed", "Left Corner"],
    "weapon": "weapon_hegrenade",
    "position": [5540.0463867188, 6027.5854492188, -863.96875],
    "viewangles": [-1.332810997963, 154.82501220703],
    "grenade": {
      "run": 10
    }
  }
]