[
    {
      "name": ["push", "push"],
      "weapon": "weapon_molotov",
      "position": [583.44348144531, 762.51550292969, 232.58489990234],
      "viewangles": [2.19991255, -15.5679474]
    },
    {
      "name": ["Tunnel", "Roof"],
      "weapon": "weapon_molotov",
      "position": [1922.1215820313, 366.64321899414, -275.68713378906],
      "viewangles": [-34.581371307373, 155.3254699707],
      "grenade": {
        "run": 5,
        "recovery_jump": true,
        "delay": 1,
        "jump": true
      }
    },
    {
      "name": ["Tunnel", "Chimney "],
      "weapon": "weapon_molotov",
      "position": [1921.978515625, 366.55706787109, -275.97314453125],
      "viewangles": [-39.129779815674, 161.03521728516],
      "grenade": {
        "run": 5,
        "recovery_jump": true,
        "delay": 1,
        "jump": true
      }
    },
    {
      "name": ["Tunnel", "Roof Ledge"],
      "weapon": "weapon_molotov",
      "position": [1922.3089599609, 366.78826904297, -275.31216430664],
      "viewangles": [-33.613620758057, 148.7431640625],
      "grenade": {
        "run": 5,
        "recovery_jump": true,
        "delay": 1,
        "jump": true
      }
    }
  ]