[
    {
      "name": ["Back Way", "Trash"],
      "weapon": "weapon_molotov",
      "position": [1013.5485229492, -667.89953613281, -159.96875],
      "viewangles": [-4.2577028274536, 97.964347839355],
      "grenade": {
        "run": 32
      }
    },
    {
      "name": ["here", "Trash"],
      "description": "70HP",
      "weapon": "weapon_hegrenade",
      "position": [1013.5485229492, -667.89953613281, -158.96875],
      "viewangles": [-2.577028274536, 97.964347839355],
      "grenade": {
        "run": 13
      }
    },
    {
      "name": ["here", "Paper"],
      "weapon": "weapon_hegrenade",
      "position": [981.73223876953, -266.83871459961, -158.96875],
      "viewangles": [-6.9504432678223, 45.657255554199],
      "grenade": {
        "run": 4
      }
    },
    {
      "name": ["MID", "MID"],
      "description": "corner",
      "weapon": "weapon_hegrenade",
      "position": [-316.76641845703, 231.14228820801, -159.96875],
      "viewangles": [-5.8937301635742, -24.006732940674],
      "grenade": {
        "fov": 5.12,
        "run": 25
      }
    },
    {
      "name": ["1w", "Soda"],
      "description": "Fakeduck",
      "weapon": "weapon_molotov",
      "position": [-134.96875, -1124.96875, -222.96875],
      "viewangles": [-11.9899912, 67.50125],
      "grenade": {
        "run": 22
      }
    },
    {
      "name": ["1w", "Soda"],
      "description": "Fakeduck",
      "weapon": "weapon_hegrenade",
      "position": [-134.96875, -1124.96875, -222.96875],
      "viewangles": [-11.9899912, 67.50125],
      "grenade": {
        "run": 22
      }
    },
    {
      "name": ["hall", "T Start"],
      "description": "Right",
      "weapon": "weapon_molotov",
      "position": [1277.9421386719, 984.79644775391, -159.96875],
      "viewangles": [-3.7348766326904, -53.884750366211],
      "grenade": {
        "run": 15
      }
    },
    {
      "name": ["hall", "T Start"],
      "description": "Left",
      "weapon": "weapon_molotov",
      "position": [1277.9421386719, 984.79644775391, -159.96875],
      "viewangles": [-1.2698873281479, -48.251136779785],
      "grenade": {
        "run": 11
      }
    },
    {
      "name": ["MainHall", "Kitchen"],
      "weapon": "weapon_hegrenade",
      "position": [712.58758544922, -573.98486328125, -159.96875],
      "viewangles": [-1.1751308441162, 48.085620880127],
      "grenade": {
        "run": 16
      }
    },
    {
      "name": ["High", "BackWay"],
      "weapon": "weapon_molotov",
      "position": [536.92932128906, -858.02874755859, -223.96875],
      "viewangles": [-6.977719783783, -120.34844207764]
    },
    {
      "name": ["High", "BackWay"],
      "weapon": "weapon_hegrenade",
      "position": [536.92358398438, -858.03839111328, -223.96875],
      "viewangles": [-6.977719783783, -120.34844207764]
    },
    {
      "name": ["Sidehall", "T door"],
      "weapon": "weapon_molotov",
      "position": [1217.1575927734, 900.98553466797, -159.96875],
      "viewangles": [2.2882056236267, -13.104189872742]
    },
    {
      "name": ["BackWay", "BathRoom"],
      "weapon": "weapon_hegrenade",
      "position": [1271.9500732422, -1161.7553710938, -255.17031860352],
      "viewangles": [-15.369999885559, 125.36259460449],
      "grenade": {
        "run": 1
      }
    },
    {
      "name": ["BackWay", "BatchRoom"],
      "weapon": "weapon_molotov",
      "position": [1271.953125, -1161.7614746094, -255.17068481445],
      "viewangles": [-19.370000839233, 125.36259460449]
    },
    {
      "name": ["Main", "FakeDuck"],
      "weapon": "weapon_hegrenade",
      "position": [790.22082519531, -446.10162353516, -159.96875],
      "viewangles": [-6.1630387306213, -50.607627868652],
      "grenade": {
        "run": 6
      }
    },
    {
      "name": ["Main", "FakeDuck"],
      "weapon": "weapon_molotov",
      "position": [790.22094726563, -446.10153198242, -159.96875],
      "viewangles": [-6.1630387306213, -50.607627868652],
      "grenade": {
        "run": 5
      }
    },
    {
      "name": ["BackWay", "NearlyTstart"],
      "weapon": "weapon_molotov",
      "position": [723.97467041016, -1454.0612792969, -279.96875],
      "viewangles": [-17, 76.531814575195],
      "grenade": {
        "run": 4
      }
    },
    {
      "name": ["BackWay", "NearlyTstart"],
      "weapon": "weapon_hegrenade",
      "position": [723.97137451172, -1454.0473632813, -279.96875],
      "viewangles": [-20, 76.531814575195],
      "grenade": {
        "run": 4
      }
    },
    {
      "name": ["SideHall", "BathRoom"],
      "weapon": "weapon_molotov",
      "position": [51.209812164307, -109.73165130615, -159.96875],
      "viewangles": [-4.9268360137939, 39.472019195557],
      "grenade": {
        "run": 1,
        "recovery_yaw": -90
      }
    },
    {
      "name": ["SideHall", "BathRoom"],
      "weapon": "weapon_hegrenade",
      "position": [51.209812164307, -109.73165130615, -159.96875],
      "viewangles": [-4.9268360137939, 39.472019195557],
      "grenade": {
        "run": 1,
        "recovery_yaw": -90
      }
    },
    {
      "name": ["Stairwell", "SideHall"],
      "weapon": "weapon_molotov",
      "position": [-82.069557189941, -1022.3259887695, -223.96875],
      "viewangles": [-12.822058677673, 69.633491516113],
      "grenade": {
        "run": 2
      }
    },
    {
      "name": ["Stairwell", "SideHall"],
      "weapon": "weapon_hegrenade",
      "position": [-82.074378967285, -1022.3026123047, -223.96875],
      "viewangles": [-14.170000076294, 68.25],
      "grenade": {
        "run": 1
      }
    },
    {
      "name": ["Starirwell", "Side hall"],
      "description": "LEFT",
      "weapon": "weapon_molotov",
      "position": [-160.04119873047, -834.10113525391, -279.96875],
      "viewangles": [-19.410285949707, 35.061935424805]
    },
    {
      "name": ["BackWay", "Wall"],
      "description": "53HP",
      "weapon": "weapon_hegrenade",
      "position": [774.01800537109, -1502.7927246094, -282.97509765625],
      "viewangles": [-21.5, 80],
      "grenade": {
        "run": 33
      }
    },
    {
      "name": ["BackWay", "Wall"],
      "weapon": "weapon_molotov",
      "position": [774.00653076172, -1502.7663574219, -282.96853637695],
      "viewangles": [-21.5, 80],
      "grenade": {
        "run": 40
      }
    },
    {
      "name": ["MainDoor", "Paper"],
      "weapon": "weapon_molotov",
      "position": [981.72119140625, -266.85000610352, -159.96875],
      "viewangles": [-6.9504432678223, 45.657257080078],
      "grenade": {
        "run": 8
      }
    },
    {
      "name": ["MainHall", "Vending"],
      "weapon": "weapon_hegrenade",
      "position": [311.29696655273, 18.017518997192, -159.96875],
      "viewangles": [-7.2399997711182, 28.979999542236]
    },
    {
      "name": ["MainHall", "Vending"],
      "weapon": "weapon_molotov",
      "position": [311.29696655273, 18.017518997192, -159.96875],
      "viewangles": [-7.2399997711182, 28.979999542236]
    },
    {
      "name": ["StorageRoom", "Kitchen"],
      "weapon": "weapon_hegrenade",
      "position": [1203.9895019531, -80.038909912109, -159.96875],
      "viewangles": [-0.88042289018631, -47.736473083496]
    },
    {
      "name": ["StorageRoom", "Kitchen"],
      "weapon": "weapon_molotov",
      "position": [1203.9903564453, -80.039825439453, -159.96875],
      "viewangles": [-0.88042289018631, -47.736473083496]
    },
    {
      "name": ["Box", "Side Hall"],
      "description": "Door \/ Boost",
      "weapon": "weapon_molotov",
      "position": [512.29077148438, 18.009111404419, -111.96875],
      "viewangles": [3.5, 68.750419616699],
      "grenade": {
        "run": 2,
        "recovery_jump": true,
        "recovery_yaw": 89
      }
    },
    {
      "name": ["Box", "Side Hall"],
      "description": "Boost",
      "weapon": "weapon_hegrenade",
      "position": [512.29559326172, 18.021331787109, -111.96875],
      "viewangles": [3.5, 68.750419616699],
      "grenade": {
        "run": 2,
        "recovery_jump": true,
        "recovery_yaw": 89
      }
    },
    {
      "name": ["Box", "SideHall"],
      "weapon": "weapon_molotov",
      "position": [-19.460277557373, -849.62213134766, -215.96875],
      "viewangles": [-14.807096481323, 69.730690002441]
    },
    {
      "name": ["Box", "SideHall"],
      "weapon": "weapon_hegrenade",
      "position": [-19.460819244385, -849.55285644531, -215.96875],
      "viewangles": [-11.703845024109, 68.608131408691]
    },
    {
      "name": ["lastone", "Garage"],
      "weapon": "weapon_molotov",
      "position": [-249.95950317383, -781.36975097656, -279.96875],
      "viewangles": [-1.1388405561447, -151.22862243652]
    },
    {
      "name": ["Main", "FakeDuck"],
      "weapon": "weapon_molotov",
      "position": [565.40911865234, -444.45550537109, -159.96875],
      "viewangles": [-5.3589444160461, 179.6135559082],
      "grenade": {
        "run": 1
      }
    },
    {
      "name": ["Main", "Fakeduck"],
      "weapon": "weapon_hegrenade",
      "position": [565.34429931641, -444.45523071289, -159.96875],
      "viewangles": [-5.3589324951172, 179.64431762695],
      "grenade": {
        "run": 2
      }
    },
    {
      "name": ["Unnamed", "FD C"],
      "description": "Destroy Left GLASS",
      "weapon": "weapon_molotov",
      "position": [730.77423095703, -418.03964233398, -159.96875],
      "viewangles": [-4.2590866088867, -51.496223449707]
    },
    {
      "name": ["Unnamed", "FD C"],
      "description": "Destroy LEFT Glass",
      "weapon": "weapon_hegrenade",
      "position": [730.79083251953, -418.04904174805, -159.96875],
      "viewangles": [-4.6726837158203, -51.500606536865]
    },
    {
      "name": ["Back Courtyard", "conner"],
      "description": "Picture",
      "weapon": "weapon_molotov",
      "position": [1271.9415283203, -1161.7669677734, -255.17471313477],
      "viewangles": [-14.4936170578, 122.80309295654],
      "grenade": {
        "run": 1,
        "run_speed": true
      }
    },
    {
      "name": ["Back Courtyard", "conner"],
      "description": "PICTURE",
      "weapon": "weapon_hegrenade",
      "position": [1271.9500732422, -1161.7517089844, -255.16987609863],
      "viewangles": [-20.037616729736, 125.26713562012]
    },
    {
      "name": ["Unnamed", "Main Hall"],
      "description": "Safe",
      "weapon": "weapon_hegrenade",
      "position": [-591.01654052734, -599.427734375, -292.65649414063],
      "viewangles": [-21.383979797363, 7.576503276825],
      "grenade": {
        "run": 29
      }
    },
    {
      "name": ["Unnamed", "Main Hall"],
      "description": "Safe",
      "weapon": "weapon_molotov",
      "position": [-591.01654052734, -599.427734375, -292.65649414063],
      "viewangles": [-21.383979797363, 7.576503276825],
      "grenade": {
        "run": 29
      }
    },
    {
      "name": ["MainHall", "Kitchen"],
      "weapon": "weapon_molotov",
      "position": [712.58758544922, -573.98486328125, -159.96875],
      "viewangles": [-1.1751308441162, 48.085620880127],
      "grenade": {
        "run": 16
      }
    },
    {
      "name": ["kitchen", "main"],
      "description": "PUSH",
      "weapon": "weapon_molotov",
      "position": [1436.3914794922, -302.28790283203, -159.96875],
      "viewangles": [-6.7096095085144, 136.76147460938]
    },
    {
      "name": ["kitchen", "main"],
      "description": "PUSH 53HP",
      "weapon": "weapon_hegrenade",
      "position": [1436.3914794922, -302.28790283203, -159.96875],
      "viewangles": [-6.7096095085144, 136.76147460938]
    },
    {
      "name": ["book", "LegitAA"],
      "description": "Team Help",
      "weapon": "weapon_smokegrenade",
      "position": [1782.1188964844, 145.75827026367, -159.96875],
      "viewangles": [-2.1859393119812, -170.10430908203]
    },
    {
      "name": ["T", "push"],
      "weapon": "weapon_molotov",
      "position": [1328.0222167969, 751.96765136719, -159.96875],
      "viewangles": [-11.415349960327, 27.713466644287]
    },
    {
      "name": ["T", "PUSH"],
      "description": "55HP",
      "weapon": "weapon_hegrenade",
      "position": [1328.0272216797, 751.97082519531, -159.96875],
      "viewangles": [1.6395177841187, 27.184049606323]
    },
    {
      "name": ["T", "Hostage"],
      "description": "u lose all money!",
      "weapon": "weapon_molotov",
      "position": [1739.1672363281, 702.06524658203, -159.96875],
      "viewangles": [-0.75895142555237, 117.45697784424]
    },
    {
      "name": ["T", "Door"],
      "weapon": "weapon_molotov",
      "position": [1597.4178466797, 192.22802734375, -159.96875],
      "viewangles": [1.3965314626694, 87.951293945313],
      "grenade": {
        "run": 9,
        "recovery_yaw": 180,
        "run_yaw": 90
      }
    },
    {
      "name": ["T", "Door"],
      "weapon": "weapon_hegrenade",
      "position": [1597.4178466797, 192.22802734375, -159.96875],
      "viewangles": [1.3965314626694, 87.951293945313],
      "grenade": {
        "run": 9,
        "recovery_yaw": 180,
        "run_yaw": 90
      }
    },
    {
      "name": ["b1g", "oneway"],
      "description": "PICTURE",
      "weapon": "weapon_molotov",
      "position": [1818.4556884766, 31.198822021484, -159.96875],
      "viewangles": [-2.7932252883911, 144.6061706543],
      "grenade": {
        "run": 9,
        "recovery_yaw": -36
      }
    },
    {
      "name": ["b1g", "oneway"],
      "description": "PICTURE",
      "weapon": "weapon_hegrenade",
      "position": [1818.4556884766, 31.198822021484, -159.96875],
      "viewangles": [-2.7932252883911, 144.6061706543],
      "grenade": {
        "run": 9,
        "recovery_yaw": -36
      }
    },
    {
      "name": ["b1g", "paper"],
      "weapon": "weapon_molotov",
      "position": [2039.1156005859, -199.3596496582, -159.96875],
      "viewangles": [-3.1272075176239, -141.3235168457],
      "grenade": {
        "run": 9,
        "recovery_yaw": 180
      }
    },
    {
      "name": ["b1g", "paper"],
      "description": "51HP",
      "weapon": "weapon_hegrenade",
      "position": [2039.1156005859, -199.3596496582, -159.96875],
      "viewangles": [-3.1272075176239, -141.3235168457],
      "grenade": {
        "run": 9,
        "recovery_yaw": 180
      }
    },
    {
      "name": ["kitchen", "Corner"],
      "weapon": "weapon_molotov",
      "position": [1603.7254638672, -501.17645263672, -159.96875],
      "viewangles": [-1.7819862365723, 38.628517150879]
    },
    {
      "name": ["kitchen", "Corner"],
      "weapon": "weapon_hegrenade",
      "position": [1589.9869384766, -507.99111938477, -159.96875],
      "viewangles": [-7.3655695915222, 23.976272583008]
    },
    {
      "name": ["sidehall", "Long door"],
      "description": "Beware of hostages",
      "weapon": "weapon_molotov",
      "position": [870.77062988281, 981.10192871094, -159.96875],
      "viewangles": [-3.7950930595398, -13.135277748108],
      "grenade": {
        "run": 9,
        "recovery_yaw": -90
      }
    },
    {
      "name": ["side", "BathRoom"],
      "weapon": "weapon_molotov",
      "position": [97.490135192871, -332.74237060547, -159.96875],
      "viewangles": [-7.5898323059082, -40.821090698242],
      "grenade": {
        "run": 9,
        "recovery_yaw": 90
      }
    },
    {
      "name": ["side", "BathRoom"],
      "description": "50HP",
      "weapon": "weapon_hegrenade",
      "position": [97.490135192871, -332.74237060547, -159.96875],
      "viewangles": [-7.5898323059082, -40.821090698242],
      "grenade": {
        "run": 9,
        "recovery_yaw": 90
      }
    },
    {
      "name": ["LegitAA", "Door"],
      "weapon": "weapon_molotov",
      "position": [1131.1260986328, 103.63105773926, -159.96875],
      "viewangles": [0.57933688163757, -129.5682220459]
    },
    {
      "name": ["LegitAA", "door"],
      "description": "56HP",
      "weapon": "weapon_hegrenade",
      "position": [1131.1153564453, 103.62297058105, -159.96875],
      "viewangles": [0.59180563688278, -129.42172241211]
    },
    {
      "name": ["T", "door"],
      "weapon": "weapon_molotov",
      "position": [1231.9375, 364.0026550293, -159.96875],
      "viewangles": [-3.2942340373993, -121.86632537842]
    },
    {
      "name": ["T", "door"],
      "description": "53hp",
      "weapon": "weapon_hegrenade",
      "position": [1231.8400878906, 364.12786865234, -159.96875],
      "viewangles": [-1.5029181241989, -122.61701965332],
      "grenade": {
        "run": 3,
        "recovery_yaw": 180
      }
    },
    {
      "name": ["noob", "back DOOR"],
      "description": "50HP",
      "weapon": "weapon_hegrenade",
      "position": [1184.0213623047, 559.97863769531, -159.96875],
      "viewangles": [3.3848092556, -56.396499633789],
      "grenade": {
        "run": 6,
        "run_speed": true
      }
    },
    {
      "name": ["T", "Door"],
      "weapon": "weapon_molotov",
      "position": [1739.1634521484, 702.07568359375, -159.96875],
      "viewangles": [-4.1510033607483, 167.39991760254]
    },
    {
      "name": ["T", "LegitAA Spot"],
      "description": "Saving Team",
      "weapon": "weapon_smokegrenade",
      "position": [1635.8754882813, 177.7296295166, -159.96875],
      "viewangles": [-9.2754259109497, 179.66110229492]
    },
    {
      "name": ["Unnamed", "LegitAA"],
      "description": "Teamhelp",
      "weapon": "weapon_smokegrenade",
      "position": [1712.7351074219, 692.21398925781, -159.96875],
      "viewangles": [0.21997134387493, -130.01876831055],
      "grenade": {
        "run": 1
      }
    },
    {
      "name": ["Unnamed", "Long"],
      "weapon": "weapon_molotov",
      "position": [1451.8896484375, 732.58282470703, -159.96875],
      "viewangles": [-8.4479970932007, 144.71601867676],
      "grenade": {
        "run": 26,
        "recovery_jump": true,
        "recovery_yaw": 180,
        "run_yaw": -25
      }
    },
    {
      "name": ["Unnamed", "Long"],
      "description": "PREDICT, UNSAFE",
      "weapon": "weapon_hegrenade",
      "position": [1423.8890380859, 788.22875976563, -159.96875],
      "viewangles": [-7.1499991416931, 168.2999420166],
      "grenade": {
        "run": 14,
        "recovery_yaw": 179,
        "run_yaw": -66
      }
    },
    {
      "name": ["Molly 1W Boost 2", "Long Boost"],
      "weapon": "weapon_molotov",
      "position": [594.03125, 799.52301025391, -158.96875],
      "viewangles": [-2.29785585, 31.7013645],
      "grenade": {
        "run": 6
      }
    },
    {
      "name": ["Molly 1W Left Corner", "Corner L"],
      "description": "LEFT",
      "weapon": "weapon_molotov",
      "position": [645.40991210938, -310.60342407227, -158.96875],
      "viewangles": [-2.74013233, -50.03606],
      "grenade": {
        "recovery_yaw": 90
      }
    },
    {
      "name": ["Molly 1W Paint", "Picture"],
      "weapon": "weapon_molotov",
      "position": [782.01635742188, -912.20220947266, -158.96875],
      "viewangles": [-8.607073, 41.3128242],
      "grenade": {
        "run": 10
      }
    },
    {
      "name": ["Bagged1w", "Picture"],
      "weapon": "weapon_molotov",
      "position": [985.64581298828, -860.34680175781, -158.96875],
      "viewangles": [2.121792, 113.567764]
    },
    {
      "name": ["Corner", "Corner"],
      "weapon": "weapon_molotov",
      "position": [1086.5325927734, -942.69866943359, -158.96875],
      "viewangles": [-2.46397, 104.292511],
      "grenade": {
        "run": 16
      }
    },
    {
      "name": ["main", "Paper door"],
      "weapon": "weapon_molotov",
      "position": [1053.8039550781, -442.86233520508, -159.96875],
      "viewangles": [-8.6525001525879, 136.62800598145],
      "grenade": {
        "run": 6
      }
    },
    {
      "name": ["main", "Paper door"],
      "weapon": "weapon_hegrenade",
      "position": [1053.9686279297, -443.01071166992, -159.96875],
      "viewangles": [9.8365840911865, 136.40644836426]
    },
    {
      "name": ["T", "Main door"],
      "weapon": "weapon_molotov",
      "position": [1317.8188476563, 306.86486816406, -159.96875],
      "viewangles": [-2.7627754211426, -131.7048034668],
      "grenade": {
        "run": 9
      }
    },
    {
      "name": ["T", "Main door"],
      "description": "53HP",
      "weapon": "weapon_hegrenade",
      "position": [1309.3596191406, 312.70300292969, -159.96875],
      "viewangles": [-2.2769417762756, -130.39497375488],
      "grenade": {
        "run": 4
      }
    },
    {
      "name": ["main", "Wall"],
      "description": "Deep",
      "weapon": "weapon_hegrenade",
      "position": [958.26391601563, -500.30200195313, -159.96875],
      "viewangles": [-6.1024045944214, 89.983688354492],
      "grenade": {
        "run": 8,
        "delay": 8
      }
    },
    {
      "name": ["kitchen", "Paper"],
      "description": "Peek",
      "weapon": "weapon_hegrenade",
      "position": [1480.5554199219, -481.50427246094, -159.96875],
      "viewangles": [-6.6184129714966, 117.03526306152]
    },
    {
      "name": ["kitchen", "Paper"],
      "description": "Anti-peek",
      "weapon": "weapon_hegrenade",
      "position": [1329.6568603516, -519.01654052734, -115.96875],
      "viewangles": [2.6717047691345, 55.000774383545],
      "duck": true
    },
    {
      "name": ["T", "Paper door"],
      "description": "57HP",
      "weapon": "weapon_hegrenade",
      "position": [1597.3489990234, 192.23764038086, -159.96875],
      "viewangles": [-2.884295463562, -169.43417358398],
      "grenade": {
        "run": 2,
        "delay": 2,
        "recovery_yaw": 180
      }
    },
    {
      "name": ["T", "Paper door"],
      "description": "58HP",
      "weapon": "weapon_hegrenade",
      "position": [1309.3488769531, 312.70343017578, -159.96875],
      "viewangles": [-3.7039937973022, -144.68276977539]
    },
    {
      "name": ["Unnamed", "T door \/ T start"],
      "weapon": "weapon_molotov",
      "position": [1002.0337524414, 1001.8805541992, -159.96875],
      "viewangles": [-3.2867712974548, -19.772123336792],
      "grenade": {
        "run": 12
      }
    },
    {
      "name": ["Unnamed", "Sofa"],
      "description": "broke right + t RIGHT GLASES",
      "weapon": "weapon_molotov",
      "position": [1053.1860351563, 880.0966796875, -159.96875],
      "viewangles": [-8.6106042861938, 30.97190284729],
      "grenade": {
        "run": 22
      }
    },
    {
      "name": ["middle", "Bypass one-way"],
      "weapon": "weapon_awp",
      "position": [1028.4163818359, -559.59161376953, -159.96875],
      "viewangles": [5.1308646202087, 79.476287841797],
      "movement": {
        "frames": [
          16,
          [
            0.088000000000001
          ],
          [
            0,
            0.131996
          ],
          [
            -0.264,
            0.351997
          ],
          [
            -0.264,
            0.528008
          ],
          [
            -0.308,
            0.396011
          ],
          [
            -0.264,
            0.395996
          ],
          [
            -0.396,
            0.396004
          ],
          [
            -0.528,
            0.528008
          ],
          [
            -0.748,
            1.276001,
            "F"
          ],
          [
            -1.056,
            0.923996
          ],
          [
            -0.968,
            0.616005
          ],
          [
            -0.88,
            0.484009
          ],
          [
            -1.276,
            0.748009
          ],
          [
            -0.66,
            0.35200500000001
          ],
          [
            -1.1,
            0.528008
          ],
          [
            -0.484,
            0.263992
          ],
          [
            -0.44,
            0.131996
          ],
          [
            -0.66,
            0.263992
          ],
          [
            -0.748,
            0.175995
          ],
          [
            -0.308,
            0.043998999999999
          ],
          [
            -0.748,
            0.087997000000001
          ],
          [
            -0.572,
            0.043998999999999
          ],
          [
            -0.528
          ],
          [
            -0.484,
            -0.043998999999999
          ],
          [
            -0.484
          ],
          [
            -0.44,
            -0.087997000000001
          ],
          [
            -0.352,
            -0.043998999999999
          ],
          [
            -0.22,
            -0.087997000000001
          ],
          [
            -0.176
          ],
          [
            -0.484,
            -0.131996
          ],
          [
            -0.44,
            -0.131996
          ],
          [
            -0.396,
            -0.087997000000001
          ],
          [
            -0.616,
            -0.175995
          ],
          [
            -0.66,
            -0.219994
          ],
          [
            -0.792,
            -0.263992
          ],
          [
            -1.364,
            -0.484009
          ],
          [
            -0.748,
            -0.264008,
            "J",
            34.77640914917,
            448.65420532227
          ],
          [
            -1.496,
            -0.616013,
            "j",
            24.803218841553,
            -449.31591796875
          ],
          [
            -1.188,
            -0.35200500000001,
            "",
            34.131160736084,
            448.70376586914
          ],
          [
            -1.408,
            -0.131996,
            "",
            20.603982925415,
            -449.52807617188
          ],
          [
            -2.2,
            0.395996,
            "",
            31.666746139526,
            448.88442993164
          ],
          [
            -1.32,
            0.528008,
            "",
            19.600528717041,
            -449.57293701172
          ],
          [
            -1.012,
            0.484009,
            "",
            31.222143173218,
            448.91555786133
          ],
          [
            -0.924,
            0.44000200000001,
            "",
            26.500894546509,
            -449.21899414063
          ],
          [
            -0.352,
            0.220001,
            "",
            33.4983253479,
            448.75146484375
          ],
          [
            -1.012,
            0.70401,
            "",
            25.527008056641,
            -449.27536010742
          ],
          [
            -0.352,
            0.30800600000001,
            "",
            33.034435272217,
            448.7858581543
          ],
          [
            -0.528,
            0.44000200000001,
            "",
            23.188129425049,
            -449.40216064453
          ],
          [
            -0.132,
            0.131996,
            "",
            28.197473526001,
            449.11569213867
          ],
          [
            -0.176,
            0.131996,
            "",
            24.906364440918,
            -449.31021118164
          ],
          [
            -0.043999999999997,
            0,
            "",
            26.97265625,
            449.19091796875
          ],
          [
            -0.043999999999997,
            0.043998999999999,
            "",
            25.147830963135,
            -449.29678344727
          ],
          [
            -0.043999999999997,
            0.087997000000001,
            "",
            25.83324432373,
            449.25787353516
          ],
          [
            -0.132,
            0.263992,
            "",
            19.958629608154,
            -449.55715942383
          ],
          [
            -0.132,
            0.307999,
            "",
            29.097938537598,
            449.05825805664
          ],
          [
            -0.176,
            0.396011,
            "",
            25.426204681396,
            -449.28112792969
          ],
          [
            -0.22,
            0.616013,
            "",
            28.931100845337,
            449.06903076172
          ],
          [
            -0.132,
            0.396011,
            "",
            25.445049285889,
            -449.28002929688
          ],
          [
            -0.22,
            0.572006,
            "",
            29.104871749878,
            449.05780029297
          ],
          [
            -0.176,
            0.528008,
            "",
            18.304985046387,
            -449.62756347656
          ],
          [
            -0.132,
            0.484009,
            "",
            28.947845458984,
            449.06796264648
          ],
          [
            0,
            0.175995,
            "",
            23.416959762573,
            -449.39031982422
          ],
          [
            0,
            0.131996,
            "",
            26.309715270996,
            449.23022460938
          ],
          [
            0,
            0.131996,
            "",
            17.322271347046,
            -449.66647338867
          ],
          [
            0.088000000000001,
            0.263992,
            "",
            30.733871459961,
            448.94924926758
          ],
          [
            0.088000000000001,
            0.263992,
            "",
            21.160409927368,
            -449.50219726563
          ],
          [
            0.132,
            0.35200500000001,
            "",
            25.602806091309,
            449.27108764648
          ],
          [
            0.308,
            0.528008,
            "",
            19.921634674072,
            -449.55880737305
          ],
          [
            0.22,
            0.263992,
            "",
            26.945320129395,
            449.19253540039
          ],
          [
            0.308,
            0.44001,
            "",
            17.315385818481,
            -449.66674804688
          ],
          [
            0.352,
            0.528015,
            "",
            26.917629241943,
            449.19421386719
          ],
          [
            0.132,
            0.35200500000001,
            "",
            23.945989608765,
            -449.36242675781
          ],
          [
            0.088000000000001,
            0.175995,
            "D",
            30.344863891602,
            448.97570800781
          ],
          [
            0.132,
            0.395996,
            "",
            20.391902923584,
            -449.53771972656
          ],
          [
            0,
            0.087997000000001,
            "",
            26.409851074219,
            449.22436523438
          ],
          [
            0.043999999999997,
            0.131996,
            "",
            21.977453231812,
            -449.46298217773
          ],
          [
            0,
            0,
            "",
            25.235958099365,
            449.29180908203
          ],
          [
            0.043999999999997,
            0.087997000000001,
            "",
            22.529848098755,
            -449.43566894531
          ],
          [
            0,
            0.043998999999999,
            "",
            24.064342498779,
            449.35610961914
          ],
          [
            0,
            0.087997000000001,
            "",
            15.583207130432,
            -449.73010253906
          ],
          [
            0,
            0.043998999999999,
            "",
            30.757183074951,
            448.94766235352
          ],
          [
            0,
            0.087997000000001,
            "",
            16.486005783081,
            -449.69790649414
          ]
        ]
      }
    },
    {
      "name": ["middle", "LegitAA"],
      "description": "Deep",
      "weapon": "weapon_hegrenade",
      "position": [954.78979492188, -638.04302978516, -159.96875],
      "viewangles": [-3.7646181583405, 89.917900085449],
      "grenade": {
        "run": 8,
        "delay": 8,
        "recovery_yaw": 180
      }
    },
    {
      "name": ["middle", "Corner"],
      "description": "Deep",
      "weapon": "weapon_molotov",
      "position": [954.79516601563, -638.04290771484, -159.96875],
      "viewangles": [-3.8253726959229, 90.341239929199],
      "grenade": {
        "run": 8,
        "delay": 8,
        "recovery_yaw": 180
      }
    },
    {
      "name": ["sidehall", "Door"],
      "description": "R",
      "weapon": "weapon_hegrenade",
      "position": [912.28179931641, 880.13653564453, -159.96875],
      "viewangles": [-13.024290084839, 39.719287872314],
      "grenade": {
        "run": 10,
        "delay": 10,
        "recovery_yaw": 180
      }
    },
    {
      "name": ["sidehall", "Door"],
      "description": "Oneway",
      "weapon": "weapon_molotov",
      "position": [912.28179931641, 880.13653564453, -159.96875],
      "viewangles": [-13.024290084839, 39.719287872314],
      "grenade": {
        "run": 10,
        "delay": 10,
        "recovery_yaw": 180
      }
    },
    {
      "name": ["sidehall", "Door"],
      "description": "L",
      "weapon": "weapon_hegrenade",
      "position": [912.24438476563, 880.13208007813, -159.96875],
      "viewangles": [-12.007638931274, 38.304138183594],
      "grenade": {
        "run": 10,
        "delay": 10,
        "recovery_yaw": 180
      }
    },
    {
      "name": ["T", "Paper door"],
      "weapon": "weapon_hegrenade",
      "position": [1351.4152832031, 200.07827758789, -159.96875],
      "viewangles": [-4.6604075431824, -153.7202911377],
      "grenade": {
        "run": 2,
        "delay": 2,
        "recovery_yaw": 180
      }
    },
    {
      "name": ["T", "Main door"],
      "weapon": "weapon_hegrenade",
      "position": [1351.2513427734, 200.06274414063, -159.96875],
      "viewangles": [-5.0246562957764, -167.39962768555],
      "grenade": {
        "run": 2,
        "delay": 2,
        "recovery_yaw": 180
      }
    },
    {
      "name": ["middle", "Bypass one-way"],
      "weapon": "weapon_knife",
      "position": [1028.4163818359, -559.59161376953, -159.96875],
      "viewangles": [5.1308646202087, 79.476287841797],
      "movement": {
        "frames": [
          16,
          [
            0.088000000000001
          ],
          [
            0,
            0.131996
          ],
          [
            -0.264,
            0.351997
          ],
          [
            -0.264,
            0.528008
          ],
          [
            -0.308,
            0.396011
          ],
          [
            -0.264,
            0.395996
          ],
          [
            -0.396,
            0.396004
          ],
          [
            -0.528,
            0.528008
          ],
          [
            -0.748,
            1.276001,
            "F"
          ],
          [
            -1.056,
            0.923996
          ],
          [
            -0.968,
            0.616005
          ],
          [
            -0.88,
            0.484009
          ],
          [
            -1.276,
            0.748009
          ],
          [
            -0.66,
            0.35200500000001
          ],
          [
            -1.1,
            0.528008
          ],
          [
            -0.484,
            0.263992
          ],
          [
            -0.44,
            0.131996
          ],
          [
            -0.66,
            0.263992
          ],
          [
            -0.748,
            0.175995
          ],
          [
            -0.308,
            0.043998999999999
          ],
          [
            -0.748,
            0.087997000000001
          ],
          [
            -0.572,
            0.043998999999999
          ],
          [
            -0.528
          ],
          [
            -0.484,
            -0.043998999999999
          ],
          [
            -0.484
          ],
          [
            -0.44,
            -0.087997000000001
          ],
          [
            -0.352,
            -0.043998999999999
          ],
          [
            -0.22,
            -0.087997000000001
          ],
          [
            -0.176
          ],
          [
            -0.484,
            -0.131996
          ],
          [
            -0.44,
            -0.131996
          ],
          [
            -0.396,
            -0.087997000000001
          ],
          [
            -0.616,
            -0.175995
          ],
          [
            -0.66,
            -0.219994
          ],
          [
            -0.792,
            -0.263992
          ],
          [
            -1.364,
            -0.484009
          ],
          [
            -0.748,
            -0.264008,
            "J",
            34.77640914917,
            448.65420532227
          ],
          [
            -1.496,
            -0.616013,
            "j",
            24.803218841553,
            -449.31591796875
          ],
          [
            -1.188,
            -0.35200500000001,
            "",
            34.131160736084,
            448.70376586914
          ],
          [
            -1.408,
            -0.131996,
            "",
            20.603982925415,
            -449.52807617188
          ],
          [
            -2.2,
            0.395996,
            "",
            31.666746139526,
            448.88442993164
          ],
          [
            -1.32,
            0.528008,
            "",
            19.600528717041,
            -449.57293701172
          ],
          [
            -1.012,
            0.484009,
            "",
            31.222143173218,
            448.91555786133
          ],
          [
            -0.924,
            0.44000200000001,
            "",
            26.500894546509,
            -449.21899414063
          ],
          [
            -0.352,
            0.220001,
            "",
            33.4983253479,
            448.75146484375
          ],
          [
            -1.012,
            0.70401,
            "",
            25.527008056641,
            -449.27536010742
          ],
          [
            -0.352,
            0.30800600000001,
            "",
            33.034435272217,
            448.7858581543
          ],
          [
            -0.528,
            0.44000200000001,
            "",
            23.188129425049,
            -449.40216064453
          ],
          [
            -0.132,
            0.131996,
            "",
            28.197473526001,
            449.11569213867
          ],
          [
            -0.176,
            0.131996,
            "",
            24.906364440918,
            -449.31021118164
          ],
          [
            -0.043999999999997,
            0,
            "",
            26.97265625,
            449.19091796875
          ],
          [
            -0.043999999999997,
            0.043998999999999,
            "",
            25.147830963135,
            -449.29678344727
          ],
          [
            -0.043999999999997,
            0.087997000000001,
            "",
            25.83324432373,
            449.25787353516
          ],
          [
            -0.132,
            0.263992,
            "",
            19.958629608154,
            -449.55715942383
          ],
          [
            -0.132,
            0.307999,
            "",
            29.097938537598,
            449.05825805664
          ],
          [
            -0.176,
            0.396011,
            "",
            25.426204681396,
            -449.28112792969
          ],
          [
            -0.22,
            0.616013,
            "",
            28.931100845337,
            449.06903076172
          ],
          [
            -0.132,
            0.396011,
            "",
            25.445049285889,
            -449.28002929688
          ],
          [
            -0.22,
            0.572006,
            "",
            29.104871749878,
            449.05780029297
          ],
          [
            -0.176,
            0.528008,
            "",
            18.304985046387,
            -449.62756347656
          ],
          [
            -0.132,
            0.484009,
            "",
            28.947845458984,
            449.06796264648
          ],
          [
            0,
            0.175995,
            "",
            23.416959762573,
            -449.39031982422
          ],
          [
            0,
            0.131996,
            "",
            26.309715270996,
            449.23022460938
          ],
          [
            0,
            0.131996,
            "",
            17.322271347046,
            -449.66647338867
          ],
          [
            0.088000000000001,
            0.263992,
            "",
            30.733871459961,
            448.94924926758
          ],
          [
            0.088000000000001,
            0.263992,
            "",
            21.160409927368,
            -449.50219726563
          ],
          [
            0.132,
            0.35200500000001,
            "",
            25.602806091309,
            449.27108764648
          ],
          [
            0.308,
            0.528008,
            "",
            19.921634674072,
            -449.55880737305
          ],
          [
            0.22,
            0.263992,
            "",
            26.945320129395,
            449.19253540039
          ],
          [
            0.308,
            0.44001,
            "",
            17.315385818481,
            -449.66674804688
          ],
          [
            0.352,
            0.528015,
            "",
            26.917629241943,
            449.19421386719
          ],
          [
            0.132,
            0.35200500000001,
            "",
            23.945989608765,
            -449.36242675781
          ],
          [
            0.088000000000001,
            0.175995,
            "D",
            30.344863891602,
            448.97570800781
          ],
          [
            0.132,
            0.395996,
            "",
            20.391902923584,
            -449.53771972656
          ],
          [
            0,
            0.087997000000001,
            "",
            26.409851074219,
            449.22436523438
          ],
          [
            0.043999999999997,
            0.131996,
            "",
            21.977453231812,
            -449.46298217773
          ],
          [
            0,
            0,
            "",
            25.235958099365,
            449.29180908203
          ],
          [
            0.043999999999997,
            0.087997000000001,
            "",
            22.529848098755,
            -449.43566894531
          ],
          [
            0,
            0.043998999999999,
            "",
            24.064342498779,
            449.35610961914
          ],
          [
            0,
            0.087997000000001,
            "",
            15.583207130432,
            -449.73010253906
          ],
          [
            0,
            0.043998999999999,
            "",
            30.757183074951,
            448.94766235352
          ],
          [
            0,
            0.087997000000001,
            "",
            16.486005783081,
            -449.69790649414
          ]
        ]
      }
    },
    {
      "name": ["middle", "Bypass one-way"],
      "weapon": "weapon_scar20",
      "position": [1028.4163818359, -559.59161376953, -159.96875],
      "viewangles": [5.1308646202087, 79.476287841797],
      "movement": {
        "frames": [
          16,
          [
            0.088000000000001
          ],
          [
            0,
            0.131996
          ],
          [
            -0.264,
            0.351997
          ],
          [
            -0.264,
            0.528008
          ],
          [
            -0.308,
            0.396011
          ],
          [
            -0.264,
            0.395996
          ],
          [
            -0.396,
            0.396004
          ],
          [
            -0.528,
            0.528008
          ],
          [
            -0.748,
            1.276001,
            "F"
          ],
          [
            -1.056,
            0.923996
          ],
          [
            -0.968,
            0.616005
          ],
          [
            -0.88,
            0.484009
          ],
          [
            -1.276,
            0.748009
          ],
          [
            -0.66,
            0.35200500000001
          ],
          [
            -1.1,
            0.528008
          ],
          [
            -0.484,
            0.263992
          ],
          [
            -0.44,
            0.131996
          ],
          [
            -0.66,
            0.263992
          ],
          [
            -0.748,
            0.175995
          ],
          [
            -0.308,
            0.043998999999999
          ],
          [
            -0.748,
            0.087997000000001
          ],
          [
            -0.572,
            0.043998999999999
          ],
          [
            -0.528
          ],
          [
            -0.484,
            -0.043998999999999
          ],
          [
            -0.484
          ],
          [
            -0.44,
            -0.087997000000001
          ],
          [
            -0.352,
            -0.043998999999999
          ],
          [
            -0.22,
            -0.087997000000001
          ],
          [
            -0.176
          ],
          [
            -0.484,
            -0.131996
          ],
          [
            -0.44,
            -0.131996
          ],
          [
            -0.396,
            -0.087997000000001
          ],
          [
            -0.616,
            -0.175995
          ],
          [
            -0.66,
            -0.219994
          ],
          [
            -0.792,
            -0.263992
          ],
          [
            -1.364,
            -0.484009
          ],
          [
            -0.748,
            -0.264008,
            "J",
            34.77640914917,
            448.65420532227
          ],
          [
            -1.496,
            -0.616013,
            "j",
            24.803218841553,
            -449.31591796875
          ],
          [
            -1.188,
            -0.35200500000001,
            "",
            34.131160736084,
            448.70376586914
          ],
          [
            -1.408,
            -0.131996,
            "",
            20.603982925415,
            -449.52807617188
          ],
          [
            -2.2,
            0.395996,
            "",
            31.666746139526,
            448.88442993164
          ],
          [
            -1.32,
            0.528008,
            "",
            19.600528717041,
            -449.57293701172
          ],
          [
            -1.012,
            0.484009,
            "",
            31.222143173218,
            448.91555786133
          ],
          [
            -0.924,
            0.44000200000001,
            "",
            26.500894546509,
            -449.21899414063
          ],
          [
            -0.352,
            0.220001,
            "",
            33.4983253479,
            448.75146484375
          ],
          [
            -1.012,
            0.70401,
            "",
            25.527008056641,
            -449.27536010742
          ],
          [
            -0.352,
            0.30800600000001,
            "",
            33.034435272217,
            448.7858581543
          ],
          [
            -0.528,
            0.44000200000001,
            "",
            23.188129425049,
            -449.40216064453
          ],
          [
            -0.132,
            0.131996,
            "",
            28.197473526001,
            449.11569213867
          ],
          [
            -0.176,
            0.131996,
            "",
            24.906364440918,
            -449.31021118164
          ],
          [
            -0.043999999999997,
            0,
            "",
            26.97265625,
            449.19091796875
          ],
          [
            -0.043999999999997,
            0.043998999999999,
            "",
            25.147830963135,
            -449.29678344727
          ],
          [
            -0.043999999999997,
            0.087997000000001,
            "",
            25.83324432373,
            449.25787353516
          ],
          [
            -0.132,
            0.263992,
            "",
            19.958629608154,
            -449.55715942383
          ],
          [
            -0.132,
            0.307999,
            "",
            29.097938537598,
            449.05825805664
          ],
          [
            -0.176,
            0.396011,
            "",
            25.426204681396,
            -449.28112792969
          ],
          [
            -0.22,
            0.616013,
            "",
            28.931100845337,
            449.06903076172
          ],
          [
            -0.132,
            0.396011,
            "",
            25.445049285889,
            -449.28002929688
          ],
          [
            -0.22,
            0.572006,
            "",
            29.104871749878,
            449.05780029297
          ],
          [
            -0.176,
            0.528008,
            "",
            18.304985046387,
            -449.62756347656
          ],
          [
            -0.132,
            0.484009,
            "",
            28.947845458984,
            449.06796264648
          ],
          [
            0,
            0.175995,
            "",
            23.416959762573,
            -449.39031982422
          ],
          [
            0,
            0.131996,
            "",
            26.309715270996,
            449.23022460938
          ],
          [
            0,
            0.131996,
            "",
            17.322271347046,
            -449.66647338867
          ],
          [
            0.088000000000001,
            0.263992,
            "",
            30.733871459961,
            448.94924926758
          ],
          [
            0.088000000000001,
            0.263992,
            "",
            21.160409927368,
            -449.50219726563
          ],
          [
            0.132,
            0.35200500000001,
            "",
            25.602806091309,
            449.27108764648
          ],
          [
            0.308,
            0.528008,
            "",
            19.921634674072,
            -449.55880737305
          ],
          [
            0.22,
            0.263992,
            "",
            26.945320129395,
            449.19253540039
          ],
          [
            0.308,
            0.44001,
            "",
            17.315385818481,
            -449.66674804688
          ],
          [
            0.352,
            0.528015,
            "",
            26.917629241943,
            449.19421386719
          ],
          [
            0.132,
            0.35200500000001,
            "",
            23.945989608765,
            -449.36242675781
          ],
          [
            0.088000000000001,
            0.175995,
            "D",
            30.344863891602,
            448.97570800781
          ],
          [
            0.132,
            0.395996,
            "",
            20.391902923584,
            -449.53771972656
          ],
          [
            0,
            0.087997000000001,
            "",
            26.409851074219,
            449.22436523438
          ],
          [
            0.043999999999997,
            0.131996,
            "",
            21.977453231812,
            -449.46298217773
          ],
          [
            0,
            0,
            "",
            25.235958099365,
            449.29180908203
          ],
          [
            0.043999999999997,
            0.087997000000001,
            "",
            22.529848098755,
            -449.43566894531
          ],
          [
            0,
            0.043998999999999,
            "",
            24.064342498779,
            449.35610961914
          ],
          [
            0,
            0.087997000000001,
            "",
            15.583207130432,
            -449.73010253906
          ],
          [
            0,
            0.043998999999999,
            "",
            30.757183074951,
            448.94766235352
          ],
          [
            0,
            0.087997000000001,
            "",
            16.486005783081,
            -449.69790649414
          ]
        ]
      }
    },
    {
      "name": ["middle", "Bypass one-way"],
      "weapon": "weapon_g3sg1",
      "position": [1028.4163818359, -559.59161376953, -159.96875],
      "viewangles": [5.1308646202087, 79.476287841797],
      "movement": {
        "frames": [
          16,
          [
            0.088000000000001
          ],
          [
            0,
            0.131996
          ],
          [
            -0.264,
            0.351997
          ],
          [
            -0.264,
            0.528008
          ],
          [
            -0.308,
            0.396011
          ],
          [
            -0.264,
            0.395996
          ],
          [
            -0.396,
            0.396004
          ],
          [
            -0.528,
            0.528008
          ],
          [
            -0.748,
            1.276001,
            "F"
          ],
          [
            -1.056,
            0.923996
          ],
          [
            -0.968,
            0.616005
          ],
          [
            -0.88,
            0.484009
          ],
          [
            -1.276,
            0.748009
          ],
          [
            -0.66,
            0.35200500000001
          ],
          [
            -1.1,
            0.528008
          ],
          [
            -0.484,
            0.263992
          ],
          [
            -0.44,
            0.131996
          ],
          [
            -0.66,
            0.263992
          ],
          [
            -0.748,
            0.175995
          ],
          [
            -0.308,
            0.043998999999999
          ],
          [
            -0.748,
            0.087997000000001
          ],
          [
            -0.572,
            0.043998999999999
          ],
          [
            -0.528
          ],
          [
            -0.484,
            -0.043998999999999
          ],
          [
            -0.484
          ],
          [
            -0.44,
            -0.087997000000001
          ],
          [
            -0.352,
            -0.043998999999999
          ],
          [
            -0.22,
            -0.087997000000001
          ],
          [
            -0.176
          ],
          [
            -0.484,
            -0.131996
          ],
          [
            -0.44,
            -0.131996
          ],
          [
            -0.396,
            -0.087997000000001
          ],
          [
            -0.616,
            -0.175995
          ],
          [
            -0.66,
            -0.219994
          ],
          [
            -0.792,
            -0.263992
          ],
          [
            -1.364,
            -0.484009
          ],
          [
            -0.748,
            -0.264008,
            "J",
            34.77640914917,
            448.65420532227
          ],
          [
            -1.496,
            -0.616013,
            "j",
            24.803218841553,
            -449.31591796875
          ],
          [
            -1.188,
            -0.35200500000001,
            "",
            34.131160736084,
            448.70376586914
          ],
          [
            -1.408,
            -0.131996,
            "",
            20.603982925415,
            -449.52807617188
          ],
          [
            -2.2,
            0.395996,
            "",
            31.666746139526,
            448.88442993164
          ],
          [
            -1.32,
            0.528008,
            "",
            19.600528717041,
            -449.57293701172
          ],
          [
            -1.012,
            0.484009,
            "",
            31.222143173218,
            448.91555786133
          ],
          [
            -0.924,
            0.44000200000001,
            "",
            26.500894546509,
            -449.21899414063
          ],
          [
            -0.352,
            0.220001,
            "",
            33.4983253479,
            448.75146484375
          ],
          [
            -1.012,
            0.70401,
            "",
            25.527008056641,
            -449.27536010742
          ],
          [
            -0.352,
            0.30800600000001,
            "",
            33.034435272217,
            448.7858581543
          ],
          [
            -0.528,
            0.44000200000001,
            "",
            23.188129425049,
            -449.40216064453
          ],
          [
            -0.132,
            0.131996,
            "",
            28.197473526001,
            449.11569213867
          ],
          [
            -0.176,
            0.131996,
            "",
            24.906364440918,
            -449.31021118164
          ],
          [
            -0.043999999999997,
            0,
            "",
            26.97265625,
            449.19091796875
          ],
          [
            -0.043999999999997,
            0.043998999999999,
            "",
            25.147830963135,
            -449.29678344727
          ],
          [
            -0.043999999999997,
            0.087997000000001,
            "",
            25.83324432373,
            449.25787353516
          ],
          [
            -0.132,
            0.263992,
            "",
            19.958629608154,
            -449.55715942383
          ],
          [
            -0.132,
            0.307999,
            "",
            29.097938537598,
            449.05825805664
          ],
          [
            -0.176,
            0.396011,
            "",
            25.426204681396,
            -449.28112792969
          ],
          [
            -0.22,
            0.616013,
            "",
            28.931100845337,
            449.06903076172
          ],
          [
            -0.132,
            0.396011,
            "",
            25.445049285889,
            -449.28002929688
          ],
          [
            -0.22,
            0.572006,
            "",
            29.104871749878,
            449.05780029297
          ],
          [
            -0.176,
            0.528008,
            "",
            18.304985046387,
            -449.62756347656
          ],
          [
            -0.132,
            0.484009,
            "",
            28.947845458984,
            449.06796264648
          ],
          [
            0,
            0.175995,
            "",
            23.416959762573,
            -449.39031982422
          ],
          [
            0,
            0.131996,
            "",
            26.309715270996,
            449.23022460938
          ],
          [
            0,
            0.131996,
            "",
            17.322271347046,
            -449.66647338867
          ],
          [
            0.088000000000001,
            0.263992,
            "",
            30.733871459961,
            448.94924926758
          ],
          [
            0.088000000000001,
            0.263992,
            "",
            21.160409927368,
            -449.50219726563
          ],
          [
            0.132,
            0.35200500000001,
            "",
            25.602806091309,
            449.27108764648
          ],
          [
            0.308,
            0.528008,
            "",
            19.921634674072,
            -449.55880737305
          ],
          [
            0.22,
            0.263992,
            "",
            26.945320129395,
            449.19253540039
          ],
          [
            0.308,
            0.44001,
            "",
            17.315385818481,
            -449.66674804688
          ],
          [
            0.352,
            0.528015,
            "",
            26.917629241943,
            449.19421386719
          ],
          [
            0.132,
            0.35200500000001,
            "",
            23.945989608765,
            -449.36242675781
          ],
          [
            0.088000000000001,
            0.175995,
            "D",
            30.344863891602,
            448.97570800781
          ],
          [
            0.132,
            0.395996,
            "",
            20.391902923584,
            -449.53771972656
          ],
          [
            0,
            0.087997000000001,
            "",
            26.409851074219,
            449.22436523438
          ],
          [
            0.043999999999997,
            0.131996,
            "",
            21.977453231812,
            -449.46298217773
          ],
          [
            0,
            0,
            "",
            25.235958099365,
            449.29180908203
          ],
          [
            0.043999999999997,
            0.087997000000001,
            "",
            22.529848098755,
            -449.43566894531
          ],
          [
            0,
            0.043998999999999,
            "",
            24.064342498779,
            449.35610961914
          ],
          [
            0,
            0.087997000000001,
            "",
            15.583207130432,
            -449.73010253906
          ],
          [
            0,
            0.043998999999999,
            "",
            30.757183074951,
            448.94766235352
          ],
          [
            0,
            0.087997000000001,
            "",
            16.486005783081,
            -449.69790649414
          ]
        ]
      }
    },
    {
      "name": ["middle", "Bypass one-way"],
      "weapon": "weapon_revolver",
      "position": [1028.4163818359, -559.59161376953, -159.96875],
      "viewangles": [5.1308646202087, 79.476287841797],
      "movement": {
        "frames": [
          16,
          [
            0.088000000000001
          ],
          [
            0,
            0.131996
          ],
          [
            -0.264,
            0.351997
          ],
          [
            -0.264,
            0.528008
          ],
          [
            -0.308,
            0.396011
          ],
          [
            -0.264,
            0.395996
          ],
          [
            -0.396,
            0.396004
          ],
          [
            -0.528,
            0.528008
          ],
          [
            -0.748,
            1.276001,
            "F"
          ],
          [
            -1.056,
            0.923996
          ],
          [
            -0.968,
            0.616005
          ],
          [
            -0.88,
            0.484009
          ],
          [
            -1.276,
            0.748009
          ],
          [
            -0.66,
            0.35200500000001
          ],
          [
            -1.1,
            0.528008
          ],
          [
            -0.484,
            0.263992
          ],
          [
            -0.44,
            0.131996
          ],
          [
            -0.66,
            0.263992
          ],
          [
            -0.748,
            0.175995
          ],
          [
            -0.308,
            0.043998999999999
          ],
          [
            -0.748,
            0.087997000000001
          ],
          [
            -0.572,
            0.043998999999999
          ],
          [
            -0.528
          ],
          [
            -0.484,
            -0.043998999999999
          ],
          [
            -0.484
          ],
          [
            -0.44,
            -0.087997000000001
          ],
          [
            -0.352,
            -0.043998999999999
          ],
          [
            -0.22,
            -0.087997000000001
          ],
          [
            -0.176
          ],
          [
            -0.484,
            -0.131996
          ],
          [
            -0.44,
            -0.131996
          ],
          [
            -0.396,
            -0.087997000000001
          ],
          [
            -0.616,
            -0.175995
          ],
          [
            -0.66,
            -0.219994
          ],
          [
            -0.792,
            -0.263992
          ],
          [
            -1.364,
            -0.484009
          ],
          [
            -0.748,
            -0.264008,
            "J",
            34.77640914917,
            448.65420532227
          ],
          [
            -1.496,
            -0.616013,
            "j",
            24.803218841553,
            -449.31591796875
          ],
          [
            -1.188,
            -0.35200500000001,
            "",
            34.131160736084,
            448.70376586914
          ],
          [
            -1.408,
            -0.131996,
            "",
            20.603982925415,
            -449.52807617188
          ],
          [
            -2.2,
            0.395996,
            "",
            31.666746139526,
            448.88442993164
          ],
          [
            -1.32,
            0.528008,
            "",
            19.600528717041,
            -449.57293701172
          ],
          [
            -1.012,
            0.484009,
            "",
            31.222143173218,
            448.91555786133
          ],
          [
            -0.924,
            0.44000200000001,
            "",
            26.500894546509,
            -449.21899414063
          ],
          [
            -0.352,
            0.220001,
            "",
            33.4983253479,
            448.75146484375
          ],
          [
            -1.012,
            0.70401,
            "",
            25.527008056641,
            -449.27536010742
          ],
          [
            -0.352,
            0.30800600000001,
            "",
            33.034435272217,
            448.7858581543
          ],
          [
            -0.528,
            0.44000200000001,
            "",
            23.188129425049,
            -449.40216064453
          ],
          [
            -0.132,
            0.131996,
            "",
            28.197473526001,
            449.11569213867
          ],
          [
            -0.176,
            0.131996,
            "",
            24.906364440918,
            -449.31021118164
          ],
          [
            -0.043999999999997,
            0,
            "",
            26.97265625,
            449.19091796875
          ],
          [
            -0.043999999999997,
            0.043998999999999,
            "",
            25.147830963135,
            -449.29678344727
          ],
          [
            -0.043999999999997,
            0.087997000000001,
            "",
            25.83324432373,
            449.25787353516
          ],
          [
            -0.132,
            0.263992,
            "",
            19.958629608154,
            -449.55715942383
          ],
          [
            -0.132,
            0.307999,
            "",
            29.097938537598,
            449.05825805664
          ],
          [
            -0.176,
            0.396011,
            "",
            25.426204681396,
            -449.28112792969
          ],
          [
            -0.22,
            0.616013,
            "",
            28.931100845337,
            449.06903076172
          ],
          [
            -0.132,
            0.396011,
            "",
            25.445049285889,
            -449.28002929688
          ],
          [
            -0.22,
            0.572006,
            "",
            29.104871749878,
            449.05780029297
          ],
          [
            -0.176,
            0.528008,
            "",
            18.304985046387,
            -449.62756347656
          ],
          [
            -0.132,
            0.484009,
            "",
            28.947845458984,
            449.06796264648
          ],
          [
            0,
            0.175995,
            "",
            23.416959762573,
            -449.39031982422
          ],
          [
            0,
            0.131996,
            "",
            26.309715270996,
            449.23022460938
          ],
          [
            0,
            0.131996,
            "",
            17.322271347046,
            -449.66647338867
          ],
          [
            0.088000000000001,
            0.263992,
            "",
            30.733871459961,
            448.94924926758
          ],
          [
            0.088000000000001,
            0.263992,
            "",
            21.160409927368,
            -449.50219726563
          ],
          [
            0.132,
            0.35200500000001,
            "",
            25.602806091309,
            449.27108764648
          ],
          [
            0.308,
            0.528008,
            "",
            19.921634674072,
            -449.55880737305
          ],
          [
            0.22,
            0.263992,
            "",
            26.945320129395,
            449.19253540039
          ],
          [
            0.308,
            0.44001,
            "",
            17.315385818481,
            -449.66674804688
          ],
          [
            0.352,
            0.528015,
            "",
            26.917629241943,
            449.19421386719
          ],
          [
            0.132,
            0.35200500000001,
            "",
            23.945989608765,
            -449.36242675781
          ],
          [
            0.088000000000001,
            0.175995,
            "D",
            30.344863891602,
            448.97570800781
          ],
          [
            0.132,
            0.395996,
            "",
            20.391902923584,
            -449.53771972656
          ],
          [
            0,
            0.087997000000001,
            "",
            26.409851074219,
            449.22436523438
          ],
          [
            0.043999999999997,
            0.131996,
            "",
            21.977453231812,
            -449.46298217773
          ],
          [
            0,
            0,
            "",
            25.235958099365,
            449.29180908203
          ],
          [
            0.043999999999997,
            0.087997000000001,
            "",
            22.529848098755,
            -449.43566894531
          ],
          [
            0,
            0.043998999999999,
            "",
            24.064342498779,
            449.35610961914
          ],
          [
            0,
            0.087997000000001,
            "",
            15.583207130432,
            -449.73010253906
          ],
          [
            0,
            0.043998999999999,
            "",
            30.757183074951,
            448.94766235352
          ],
          [
            0,
            0.087997000000001,
            "",
            16.486005783081,
            -449.69790649414
          ]
        ]
      }
    },
    {
      "name": ["Mid", "Sanchez"],
      "description": "UNSAFE",
      "weapon": "weapon_molotov",
      "position": [961.72802734375, -447.07315063477, -159.96875],
      "viewangles": [-2.1058382987976, 48.339405059814],
      "grenade": {
        "run": 17,
        "delay": 1,
        "recovery_yaw": 180,
        "run_yaw": 90
      }
    },
    {
      "name": ["Mid", "Sanchez"],
      "description": "UNSAFE",
      "weapon": "weapon_hegrenade",
      "position": [961.68371582031, -447.10375976563, -159.96875],
      "viewangles": [-2.0200374126434, 48.350414276123],
      "grenade": {
        "run": 17,
        "delay": 1,
        "recovery_yaw": 180,
        "run_yaw": 90
      }
    },
    {
      "name": ["Unnamed", "push"],
      "description": "UNSAFE",
      "weapon": "weapon_hegrenade",
      "position": [1085.1478271484, -124.04262542725, -159.96875],
      "viewangles": [1.1087801456451, -115.05120849609],
      "grenade": {
        "run": 3,
        "recovery_jump": true,
        "recovery_yaw": 90
      }
    },
    {
      "name": ["Unnamed", "push"],
      "description": "UNSAFE",
      "weapon": "weapon_molotov",
      "position": [1085.1429443359, -124.05278015137, -159.96875],
      "viewangles": [-3.4881165027618, -115.1237487793],
      "grenade": {
        "run": 3,
        "recovery_jump": true,
        "recovery_yaw": 90
      }
    },
    {
      "name": ["Unnamed", "AWP hold"],
      "weapon": "weapon_hegrenade",
      "position": [766.55297851563, -1271.9924316406, -290.02969360352],
      "viewangles": [-17.450296401978, 76.37377166748],
      "grenade": {
        "run": 4,
        "run_speed": true
      }
    },
    {
      "name": ["Unnamed", "AWP hold"],
      "weapon": "weapon_molotov",
      "position": [767.24847412109, -1272.1071777344, -290.11669921875],
      "viewangles": [-17.650466918945, 76.479339599609],
      "grenade": {
        "run": 4,
        "run_speed": true
      }
    },
    {
      "name": ["Unnamed", "Window"],
      "description": "unsafe \/ corner",
      "weapon": "weapon_molotov",
      "position": [1131.1427001953, 103.67607879639, -159.96875],
      "viewangles": [-3.2208037376404, -83.028678894043],
      "grenade": {
        "run": 21,
        "recovery_jump": true,
        "recovery_yaw": 180,
        "run_yaw": -70
      }
    },
    {
      "name": ["Unnamed", "Batchroom \/ Corner"],
      "description": "unsafe",
      "weapon": "weapon_molotov",
      "position": [1131.1026611328, 103.70151519775, -159.96875],
      "viewangles": [-2.7646269798279, -90.566360473633],
      "grenade": {
        "run": 12,
        "recovery_yaw": 180,
        "run_yaw": -90
      }
    },
    {
      "name": ["Unnamed", "Corner"],
      "weapon": "weapon_hegrenade",
      "position": [1597.4125976563, 192.22695922852, -159.96875],
      "viewangles": [1.7820267677307, -30.482360839844],
      "grenade": {
        "run": 12,
        "recovery_yaw": -90
      }
    },
    {
      "name": ["Unnamed", "Corner"],
      "weapon": "weapon_molotov",
      "position": [1597.4553222656, 192.21133422852, -159.96873474121],
      "viewangles": [0.63363111019135, -25.45316696167],
      "grenade": {
        "run": 1
      }
    },
    {
      "name": ["Unnamed", "Paper Door"],
      "weapon": "weapon_molotov",
      "position": [1614.2907714844, 184.7341003418, -159.96875],
      "viewangles": [-3.0491497516632, -169.43156433105],
      "grenade": {
        "run": 1,
        "recovery_yaw": 180
      }
    },
    {
      "name": ["Unnamed", "Stairs"],
      "weapon": "weapon_molotov",
      "position": [502.19479370117, -1825.0510253906, -335.96875],
      "viewangles": [10.671113967896, 90.234024047852],
      "grenade": {
        "run": 9,
        "run_yaw": 68,
        "jump": true
      }
    },
    {
      "name": ["Unnamed", "Stairs"],
      "weapon": "weapon_hegrenade",
      "position": [502.2018737793, -1825.0467529297, -335.96875],
      "viewangles": [10.433511734009, 83.779602050781],
      "grenade": {
        "run": 10,
        "run_yaw": 95,
        "jump": true
      }
    },
    {
      "name": ["Unnamed", "Under"],
      "weapon": "weapon_molotov",
      "position": [536.98443603516, -858.02307128906, -223.96875],
      "viewangles": [22.392705917358, -80.643623352051],
      "grenade": {
        "run": 15,
        "run_yaw": -91,
        "jump": true
      }
    },
    {
      "name": ["Unnamed", "Wall"],
      "weapon": "weapon_molotov",
      "position": [1590.0061035156, -507.9563293457, -159.96875],
      "viewangles": [1.9008148908615, 33.678489685059],
      "grenade": {
        "run": 11,
        "recovery_yaw": 90
      }
    },
    {
      "name": ["Unnamed", "Wall"],
      "weapon": "weapon_hegrenade",
      "position": [1590.0064697266, -507.96151733398, -159.96875],
      "viewangles": [1.5444147586823, 33.718090057373],
      "grenade": {
        "run": 11,
        "recovery_yaw": 90
      }
    },
    {
      "name": ["Unnamed", "Bathroom"],
      "weapon": "weapon_molotov",
      "position": [-591.02593994141, -599.44073486328, -292.6591796875],
      "viewangles": [-18.136775970459, 9.2084484100342],
      "grenade": {
        "run": 1
      }
    }
  ]