[
    {
      "name": ["Street", "House"],
      "weapon": "weapon_flashbang",
      "position": [208.00180053711, -100.03119659424, -199.70880126953],
      "viewangles": [-21.175, 0.0457]
    },
    {
      "name": ["B", "House"],
      "weapon": "weapon_flashbang",
      "position": [1568.03125, 115.03130340576, -111.83550262451],
      "viewangles": [-22.5621, 127.1007]
    },
    {
      "name": ["Storage", "A Long"],
      "weapon": "weapon_flashbang",
      "position": [-731.96801757813, 588.82147216797, -159.96870422363],
      "viewangles": [-10.825, -13.9249]
    },
    {
      "name": ["A", "Long"],
      "weapon": "weapon_flashbang",
      "position": [-955.96868896484, 912.03131103516, -157.37890625],
      "viewangles": [-4.291, 7.9411]
    },
    {
      "name": ["A", "Long"],
      "weapon": "weapon_flashbang",
      "position": [-1359.9986572266, 1232.03125, -157.7785949707],
      "viewangles": [-62.8549, -0.7709],
      "grenade": {
        "strength": 0
      }
    },
    {
      "name": ["A", "A"],
      "weapon": "weapon_flashbang",
      "position": [-994.99298095703, 1467.03125, -163.07890319824],
      "viewangles": [-2.3548, 96.5131]
    },
    {
      "name": ["CT", "A"],
      "weapon": "weapon_smokegrenade",
      "position": [239.96879577637, 2155.96875, -133.19500732422],
      "viewangles": [-2.476, -141.3374],
      "grenade": {
        "jump": true
      }
    },
    {
      "name": ["Yellow House", "B"],
      "weapon": "weapon_smokegrenade",
      "position": [-99.943298339844, 1463.6181640625, -189.55810546875],
      "viewangles": [-13.608, -24.8145],
      "grenade": {
        "run": 25,
        "jump": true
      }
    },
    {
      "name": ["CT Spawn", "Bridge"],
      "weapon": "weapon_smokegrenade",
      "position": [643.96881103516, 1703.7315673828, -144.90530395508],
      "viewangles": [-12.156, -71.4703]
    },
    {
      "name": ["T Spawn", "A"],
      "weapon": "weapon_smokegrenade",
      "position": [-1644.7239990234, -1211.6599121094, -128.93710327148],
      "viewangles": [-7.074, 70.377],
      "grenade": {
        "jump": true
      }
    },
    {
      "name": ["Wall", "Bridge"],
      "weapon": "weapon_smokegrenade",
      "position": [-105.53810119629, -966.41772460938, -235.08059692383],
      "viewangles": [-24.321, 60.4944],
      "grenade": {
        "jump": true
      }
    },
    {
      "name": ["Back of B", "Shed"],
      "weapon": "weapon_smokegrenade",
      "position": [1527.6114501953, 1533.3350830078, -161.54299926758],
      "viewangles": [-13.097, -83.0276],
      "grenade": {
        "jump": true
      }
    },
    {
      "name": ["Street", "Window"],
      "weapon": "weapon_smokegrenade",
      "position": [279.6242980957, -329.96868896484, -232.64990234375],
      "viewangles": [-46.2779, 34.6594],
      "grenade": {
        "jump": true
      }
    },
    {
      "name": ["Balcony", "Yellow"],
      "weapon": "weapon_smokegrenade",
      "position": [1052.03125, -247.96870422363, -35.726898193359],
      "viewangles": [-6.2269, 124.5021],
      "grenade": {
        "jump": true
      }
    },
    {
      "name": ["Fountain", "Storage"],
      "weapon": "weapon_smokegrenade",
      "position": [207.96879577637, -587.96868896484, -233.03019714355],
      "viewangles": [-26.6759, 155.3621],
      "grenade": {
        "jump": true
      }
    },
    {
      "name": ["Fountain", "Street"],
      "weapon": "weapon_smokegrenade",
      "position": [-477.39889526367, -1106.03125, -205.12300109863],
      "viewangles": [-22.32, 39.6664],
      "grenade": {
        "jump": true
      }
    },
    {
      "name": ["CT Spawn", "A Long"],
      "weapon": "weapon_smokegrenade",
      "position": [239.96879577637, 2155.9758300781, -133.19299316406],
      "viewangles": [-41.833, -129.572],
      "grenade": {
        "run": 15
      }
    }
  ]