[
    {
      "name": ["Box", "Car"],
      "description": "center",
      "weapon": "weapon_hegrenade",
      "position": [-551.32421875, -255.59642028809, 147.95771789551],
      "viewangles": [-3.5706372261047, -5.4862790107727],
      "grenade": {
        "run": 9
      }
    },
    {
      "name": ["Pillar", "Car"],
      "weapon": "weapon_hegrenade",
      "position": [-25.877429962158, -814.41888427734, 190.46044921875],
      "viewangles": [-0.57593309879303, 22.3173828125],
      "duck": true
    },
    {
      "name": ["Truck", "Pillar"],
      "weapon": "weapon_molotov",
      "position": [970.89465332031, -388.31427001953, -27.260366439819],
      "viewangles": [-32.156517028809, -156.95921325684],
      "duck": true
    },
    {
      "name": ["here", "S.W.A.T"],
      "description": "LEFT",
      "weapon": "weapon_molotov",
      "position": [-520.65985107422, -584.25836181641, 188.03125],
      "viewangles": [8.657603263855, 2.8674876689911],
      "grenade": {
        "run": 20,
        "jump": true
      }
    },
    {
      "name": ["Left-Car", "Left-Car"],
      "weapon": "weapon_molotov",
      "position": [-1062.8155517578, -344.76284790039, 30.839721679688],
      "viewangles": [4.2535920143127, 12.537452697754],
      "grenade": {
        "fov": 5.12,
        "run": 26,
        "jump": true
      }
    },
    {
      "name": ["BOMB", "BOMB"],
      "weapon": "weapon_molotov",
      "position": [1107.7540283203, -333.48056030273, -26.993045806885],
      "viewangles": [-9.6557970046997, 177.19026184082],
      "grenade": {
        "fov": 5.12,
        "run": 21
      }
    },
    {
      "name": ["Car", "Car"],
      "weapon": "weapon_smokegrenade",
      "position": [1601.9598388672, -482.61636352539, -28.446376800537],
      "viewangles": [-1.93601155, 148.728]
    },
    {
      "name": ["FBI car", "FBI car"],
      "weapon": "weapon_molotov",
      "position": [-410.77087402344, -924.93975830078, 262.20211791992],
      "viewangles": [12.8424616, 11.9762936],
      "grenade": {
        "run": 19,
        "jump": true
      }
    },
    {
      "name": ["trash", "trash"],
      "weapon": "weapon_molotov",
      "position": [1112.7438964844, -1459.9997558594, -15.224891662598],
      "viewangles": [-12.9076395, 18.9492188]
    },
    {
      "name": ["FBI-Car", "FBI-Car"],
      "weapon": "weapon_molotov",
      "position": [311.95855712891, 681.62060546875, 60.034477233887],
      "viewangles": [-8.361313, -42.9121323],
      "grenade": {
        "run": 8
      }
    },
    {
      "name": ["Fbi car", "Fbi car"],
      "weapon": "weapon_molotov",
      "position": [861.53833007813, -711.91387939453, -28.989002227783],
      "viewangles": [-19.94764, 44.7251]
    },
    {
      "name": ["FBI-Car", "FBI-Car"],
      "weapon": "weapon_molotov",
      "position": [-101.96874237061, -576.77551269531, 189.03125],
      "viewangles": [-9.593823, 1.86533523],
      "grenade": {
        "run": 3
      }
    },
    {
      "name": ["Unnamed", "Car"],
      "weapon": "weapon_smokegrenade",
      "position": [1585.0660400391, -424.89324951172, -29.6171875],
      "viewangles": [-4.3288946151733, 154.5315246582],
      "grenade": {
        "fov": 5.12
      }
    },
    {
      "name": ["Unnamed", "Car"],
      "weapon": "weapon_smokegrenade",
      "position": [1585.0660400391, -424.89324951172, -29.6171875],
      "viewangles": [-21.508676528931, 171.33535766602],
      "grenade": {
        "strength": 0.5,
        "fov": 5.12
      }
    },
    {
      "name": ["Unnamed", "Car"],
      "weapon": "weapon_smokegrenade",
      "position": [1579.0267333984, -485.53106689453, -29.057689666748],
      "viewangles": [-58.125507354736, 160.02674865723],
      "grenade": {
        "fov": 5.12
      }
    },
    {
      "name": ["Unnamed", "Car"],
      "weapon": "weapon_smokegrenade",
      "position": [1579.0267333984, -485.53106689453, -29.057689666748],
      "viewangles": [-21.132444381714, 133.69198608398],
      "grenade": {
        "fov": 5.12
      }
    },
    {
      "name": ["Unnamed", "Car"],
      "weapon": "weapon_smokegrenade",
      "position": [1901.6671142578, -1203.96875, -31.96875],
      "viewangles": [-18.499025344849, 138.33213806152],
      "grenade": {
        "fov": 5.12
      },
      "duck": true
    },
    {
      "name": ["Unnamed", "Car"],
      "description": "Right",
      "weapon": "weapon_smokegrenade",
      "position": [1579.0267333984, -485.53106689453, -29.057689666748],
      "viewangles": [-2.4478151798248, 137.32878112793],
      "grenade": {
        "fov": 5.12
      }
    },
    {
      "name": ["Unnamed", "FBI-CAR"],
      "weapon": "weapon_molotov",
      "position": [367.83340454102, -1930.6728515625, -28.846643447876],
      "viewangles": [-22.09460067749, 51.7692527771],
      "grenade": {
        "fov": 5.12,
        "run": 23
      }
    },
    {
      "name": ["Unnamed", "FBI CAR"],
      "weapon": "weapon_hegrenade",
      "position": [308.11187744141, -234.55499267578, -24.96875],
      "viewangles": [-16.042673110962, -11.148731231689],
      "grenade": {
        "fov": 5.12,
        "run": 1
      }
    },
    {
      "name": ["Unnamed", "FBI CAR"],
      "weapon": "weapon_molotov",
      "position": [449.98980712891, -268.54888916016, -24.96875],
      "viewangles": [-19.599340438843, -11.270133972168],
      "grenade": {
        "fov": 5.12,
        "run": 1
      },
      "duck": true
    },
    {
      "name": ["Unnamed", "Wall"],
      "weapon": "weapon_hegrenade",
      "position": [1722.7242431641, -674.3759765625, -31.58286857605],
      "viewangles": [-0.91173201799393, -176.54364013672],
      "grenade": {
        "run": 39,
        "jump": true
      }
    },
    {
      "name": ["Unnamed", "Cond"],
      "weapon": "weapon_hegrenade",
      "position": [1722.7165527344, -674.36450195313, -31.582767486572],
      "viewangles": [-2.9181432723999, 176.61483764648],
      "grenade": {
        "run": 42,
        "jump": true
      }
    },
    {
      "name": ["Unnamed", "Wall"],
      "weapon": "weapon_molotov",
      "position": [1641.0339355469, -700.14587402344, -30.14479637146],
      "viewangles": [-3.4196841716766, -177.75727844238],
      "grenade": {
        "run": 6,
        "jump": true
      }
    },
    {
      "name": ["Unnamed", "Cond"],
      "weapon": "weapon_molotov",
      "position": [1641.0756835938, -700.15008544922, -30.145618438721],
      "viewangles": [-6.6800494194031, 176.05139160156],
      "grenade": {
        "run": 6,
        "jump": true
      }
    },
    {
      "name": ["Unnamed", "Cond Right"],
      "weapon": "weapon_molotov",
      "position": [1618.6053466797, -776.40991210938, -29.561496734619],
      "viewangles": [-5.5515532493591, 166.13032531738],
      "grenade": {
        "run": 35,
        "jump": true
      }
    },
    {
      "name": ["Unnamed", "Boost"],
      "weapon": "weapon_molotov",
      "position": [1440.0684814453, -613.07550048828, -27.265689849854],
      "viewangles": [-3.8934900760651, -179.61212158203],
      "grenade": {
        "run": 26,
        "jump": true
      }
    },
    {
      "name": ["Unnamed", "Cond"],
      "description": "Right",
      "weapon": "weapon_molotov",
      "position": [1049.8160400391, -283.56884765625, -27.193143844604],
      "viewangles": [0.71845930814743, -169.91876220703],
      "grenade": {
        "run": 16,
        "jump": true
      }
    },
    {
      "name": ["Unnamed", "Boost"],
      "weapon": "weapon_molotov",
      "position": [1048.1350097656, -426.08792114258, -27.042402267456],
      "viewangles": [-0.91174054145813, -173.68078613281],
      "grenade": {
        "run": 10,
        "jump": true
      }
    },
    {
      "name": ["Unnamed", "BOMB"],
      "weapon": "weapon_hegrenade",
      "position": [278.69924926758, 430.22671508789, -25.158756256104],
      "viewangles": [-8.0850219726563, -136.25508117676],
      "grenade": {
        "run": 2,
        "recovery_yaw": -90
      }
    },
    {
      "name": ["Unnamed", "Car"],
      "weapon": "weapon_molotov",
      "position": [-1064.9298095703, -209.30592346191, -31.96875],
      "viewangles": [0.89645892381668, -3.3068311214447],
      "grenade": {
        "run": 20,
        "jump": true
      }
    },
    {
      "name": ["Unnamed", "Truck"],
      "weapon": "weapon_molotov",
      "position": [-1064.8021240234, -209.39581298828, -31.96875],
      "viewangles": [-2.489342212677, -10.705471038818],
      "grenade": {
        "run": 33,
        "jump": true
      }
    },
    {
      "name": ["Unnamed", "BOMB"],
      "weapon": "weapon_molotov",
      "position": [-631.56268310547, -211.18035888672, -24.96875],
      "viewangles": [-4.8906755447388, -64.966957092285],
      "grenade": {
        "run": 1
      }
    },
    {
      "name": ["Window(CTRL)", "Window"],
      "weapon": "weapon_molotov",
      "position": [-551.97479248047, -158.02816772461, -23.96875],
      "viewangles": [-13.217739105225, -49.340637207031],
      "duck": true
    },
    {
      "name": ["Unnamed", "push"],
      "weapon": "weapon_molotov",
      "position": [-551.96148681641, -158.03424072266, -23.96875],
      "viewangles": [10.762377738953, -50.000869750977]
    },
    {
      "name": ["Back-FBI Car", "BACK FBI"],
      "weapon": "weapon_molotov",
      "position": [801.08715820313, -340.25067138672, -29.190570831299],
      "viewangles": [-12.136857032776, 6.5259518623352]
    },
    {
      "name": ["boost", "boost"],
      "weapon": "weapon_molotov",
      "position": [443.31671142578, -1872.5092773438, -27.214218139648],
      "viewangles": [1.409851, 54.157238],
      "grenade": {
        "run": 9,
        "jump": true
      }
    },
    {
      "name": ["Car66", "Car"],
      "weapon": "weapon_molotov",
      "position": [-111.53073120117, -631.45483398438, 211.03125],
      "viewangles": [0.8683753, 12.8904657]
    },
    {
      "name": ["Bank", "Bank"],
      "weapon": "weapon_molotov",
      "position": [1023.8213500977, -456.84936523438, -26.122528076172],
      "viewangles": [-7.00581264, 172.8958],
      "grenade": {
        "run": 22
      }
    },
    {
      "name": ["Car", "Car"],
      "weapon": "weapon_molotov",
      "position": [1618.4541015625, -541.07885742188, -28.720031738281],
      "viewangles": [-22.8850441, 142.025772]
    },
    {
      "name": ["Trash Molly", "Trash Molly"],
      "description": "SLOW \/ UNSAFE",
      "weapon": "weapon_molotov",
      "position": [1338.646484375, -1417.5797119141, 32.713348388672],
      "viewangles": [-12.37986, 32.2520981],
      "grenade": {
        "strength": 0.5
      }
    },
    {
      "name": ["White1", "Left Car"],
      "weapon": "weapon_molotov",
      "position": [-189.88612365723, -926.52178955078, 188.03125],
      "viewangles": [-5.9076542854309, 40.848983764648],
      "grenade": {
        "run": 1
      }
    },
    {
      "name": ["Unnamed", "Cond"],
      "description": "Right",
      "weapon": "weapon_molotov",
      "position": [618.66076660156, 840.71240234375, -30.764554977417],
      "viewangles": [-31.724004745483, -134.14782714844],
      "grenade": {
        "run": 11
      }
    },
    {
      "name": ["Unnamed", "Boost"],
      "weapon": "weapon_molotov",
      "position": [521.88171386719, 781.93444824219, 13.361572265625],
      "viewangles": [-32.934070587158, -130.0558013916],
      "grenade": {
        "run": 16
      }
    },
    {
      "name": ["Unnamed", "Cond"],
      "weapon": "weapon_hegrenade",
      "position": [834.68280029297, 781.25329589844, -30.710266113281],
      "viewangles": [0.52796649932861, -142.79399108887],
      "grenade": {
        "run": 25,
        "jump": true
      }
    },
    {
      "name": ["Unnamed", "Cond"],
      "weapon": "weapon_hegrenade",
      "position": [522.05889892578, 778.50134277344, 13.302621841431],
      "viewangles": [-27.08207321167, -133.02597045898],
      "grenade": {
        "run": 15
      }
    },
    {
      "name": ["Unnamed", "Cond"],
      "weapon": "weapon_molotov",
      "position": [522.04113769531, 778.50506591797, 13.308541297913],
      "viewangles": [-27.610069274902, -132.98204040527],
      "grenade": {
        "run": 15
      }
    },
    {
      "name": ["Unnamed", "Boost"],
      "weapon": "weapon_molotov",
      "position": [771.73950195313, 747.93249511719, -29.345888137817],
      "viewangles": [-6.7760257720947, -136.25997924805],
      "grenade": {
        "run": 22,
        "jump": true
      }
    },
    {
      "name": ["Unnamed", "Cond"],
      "weapon": "weapon_molotov",
      "position": [771.70642089844, 747.85522460938, -29.348453521729],
      "viewangles": [-32.912029266357, -140.57202148438],
      "grenade": {
        "run": 10
      }
    },
    {
      "name": ["Unnamed", "Truck + Hydrant"],
      "weapon": "weapon_molotov",
      "position": [-711.41473388672, -489.02053833008, 149.03125],
      "viewangles": [-17.357995986938, 44.659774780273],
      "grenade": {
        "run": 2
      }
    },
    {
      "name": ["Unnamed", "Car"],
      "weapon": "weapon_hegrenade",
      "position": [-534.56170654297, -562.26208496094, 188.03125],
      "viewangles": [-0.097795069217682, 8.7880935668945],
      "grenade": {
        "run": 16
      }
    },
    {
      "name": ["Unnamed", "S.W.A.T 1V1 \/ UNSAFE "],
      "description": "UNSAFE",
      "weapon": "weapon_molotov",
      "position": [-395.82653808594, -566.34906005859, 188.03125],
      "viewangles": [-13.662323951721, 3.1367046833038],
      "grenade": {
        "run": 16
      }
    },
    {
      "name": ["a", "Right Cond"],
      "description": "UNSAFE",
      "weapon": "weapon_molotov",
      "position": [1760.2983398438, -514.64123535156, -31.960163116455],
      "viewangles": [-3.9316012859344, 172.27920532227],
      "grenade": {
        "run": 34,
        "recovery_jump": true,
        "recovery_yaw": 0,
        "jump": true
      }
    },
    {
      "name": ["Unnamed", "S.W.A.T"],
      "weapon": "weapon_molotov",
      "position": [-520.77465820313, -584.15905761719, 188.03125],
      "viewangles": [17.167743682861, 1.2732112407684],
      "grenade": {
        "run": 50,
        "jump": true
      }
    },
    {
      "name": ["Unnamed", "S.W.A.T [50 \/ 50]"],
      "weapon": "weapon_molotov",
      "position": [-551.66870117188, -229.72955322266, 148.00006103516],
      "viewangles": [-14.372005462646, -4.904896736145],
      "grenade": {
        "run": 27
      }
    },
    {
      "name": ["Unnamed", "Car"],
      "weapon": "weapon_molotov",
      "position": [-469.95843505859, -237.69331359863, 143.03125],
      "viewangles": [-4.6594657897949, -5.2306108474731],
      "grenade": {
        "run": 3
      }
    },
    {
      "name": ["Unnamed", "Car"],
      "weapon": "weapon_hegrenade",
      "position": [-551.06994628906, -236.40670776367, 147.94454956055],
      "viewangles": [-4.6596126556396, -4.2521152496338],
      "grenade": {
        "run": 10
      }
    },
    {
      "name": ["Unnamed", "S.W.A.T"],
      "weapon": "weapon_molotov",
      "position": [-23.866973876953, -840.10357666016, 239.03125],
      "viewangles": [14.526035308838, 10.796516418457],
      "grenade": {
        "run": 4,
        "recovery_yaw": 18,
        "jump": true
      }
    },
    {
      "name": ["Unnamed", "Car"],
      "weapon": "weapon_hegrenade",
      "position": [-173.51924133301, -897.73919677734, 188.03125],
      "viewangles": [0.17975568771362, 27.201328277588],
      "grenade": {
        "run": 1
      }
    },
    {
      "name": ["Unnamed", "S.W.A.T"],
      "description": "MEGA UNSAFE",
      "weapon": "weapon_hegrenade",
      "position": [-251.91825866699, -827.50061035156, 188.03125],
      "viewangles": [-4.3887243270874, 10.641305923462],
      "grenade": {
        "run": 69,
        "recovery_yaw": -90
      }
    },
    {
      "name": ["Unnamed", "S.W.A.T"],
      "weapon": "weapon_molotov",
      "position": [-280.54971313477, -832.59887695313, 188.03125],
      "viewangles": [-7.6454706192017, 8.9754133224487],
      "grenade": {
        "run": 6
      }
    },
    {
      "name": ["Unnamed", "S.W.A.T [Left]"],
      "weapon": "weapon_molotov",
      "position": [-15.850004196167, -833.15814208984, 239.03125],
      "viewangles": [8.6903457641602, 18.303842544556],
      "grenade": {
        "run": 1,
        "recovery_jump": true,
        "run_speed": true,
        "delay": 3,
        "recovery_yaw": 0,
        "jump": true
      }
    },
    {
      "name": ["Unnamed", "Truck"],
      "weapon": "weapon_molotov",
      "position": [-469.98657226563, -237.65077209473, 143.03125],
      "viewangles": [-14.574754714966, -15.716879844666],
      "grenade": {
        "run": 2
      }
    },
    {
      "name": ["Unnamed", "Car [Left]"],
      "description": "Safe",
      "weapon": "weapon_molotov",
      "position": [-714.15356445313, -371.13970947266, 149.03125],
      "viewangles": [-12.374531745911, 16.31467628479],
      "grenade": {
        "run": 6,
        "recovery_yaw": -90
      }
    },
    {
      "name": ["Unnamed", "Car"],
      "weapon": "weapon_molotov",
      "position": [-520.71148681641, -584.17047119141, 188.03125],
      "viewangles": [-9.9546747207642, 8.449764251709],
      "grenade": {
        "run": 5,
        "run_speed": true
      }
    },
    {
      "name": ["Unnamed", "Truck"],
      "weapon": "weapon_molotov",
      "position": [-520.67321777344, -584.14624023438, 188.03125],
      "viewangles": [-10.009674072266, -3.100385427475],
      "grenade": {
        "run": 5
      }
    },
    {
      "name": ["Unnamed", "Car"],
      "weapon": "weapon_hegrenade",
      "position": [-422.71313476563, -614.09136962891, 188.03125],
      "viewangles": [-0.87956410646439, 7.9797787666321],
      "grenade": {
        "run": 4
      }
    },
    {
      "name": ["Unnamed", "Truck"],
      "weapon": "weapon_hegrenade",
      "position": [-422.59451293945, -614.0380859375, 188.03125],
      "viewangles": [-3.8494343757629, -1.6803399324417],
      "grenade": {
        "run": 12
      }
    },
    {
      "name": ["Unnamed", "Car"],
      "description": "Full dmg",
      "weapon": "weapon_hegrenade",
      "position": [-227.81687927246, -901.14459228516, 188.03125],
      "viewangles": [1.0549708604813, 23.03537940979],
      "grenade": {
        "run": 12,
        "run_speed": true
      }
    },
    {
      "name": ["Unnamed", "Car"],
      "weapon": "weapon_molotov",
      "position": [-228.9779510498, -908.03790283203, 188.03125],
      "viewangles": [-3.3450410366058, 24.940086364746],
      "grenade": {
        "run": 1,
        "run_speed": true
      }
    },
    {
      "name": ["Trash", "Trash"],
      "weapon": "weapon_molotov",
      "position": [-199.0227355957, -692.83703613281, 188.03125],
      "viewangles": [10.734949111938, -12.14594745636],
      "grenade": {
        "run": 28,
        "recovery_yaw": -163,
        "jump": true
      }
    },
    {
      "name": ["Unnamed", "Car [Left]"],
      "description": "UNSAFE",
      "weapon": "weapon_hegrenade",
      "position": [-515.73284912109, -292.20355224609, 144.14808654785],
      "viewangles": [-3.5650722980499, 14.629653930664],
      "grenade": {
        "run": 17
      }
    },
    {
      "name": ["Unnamed", "Car [UNSAFE FOR FBI]"],
      "weapon": "weapon_hegrenade",
      "position": [-511.33074951172, -415.73907470703, 188.03125],
      "viewangles": [-1.6735036373138, 3.4350130558014],
      "grenade": {
        "run": 11
      }
    },
    {
      "name": ["Unnamed", "Car [Left]"],
      "description": "unsafe",
      "weapon": "weapon_molotov",
      "position": [-482.50732421875, -283.16354370117, 143.03125],
      "viewangles": [-11.769598960876, 15.403177261353],
      "grenade": {
        "run": 7,
        "run_speed": true
      }
    },
    {
      "name": ["Unnamed", "Car"],
      "weapon": "weapon_molotov",
      "position": [-1026.0419921875, -111.03565216064, -31.96875],
      "viewangles": [1.9245476722717, -8.1048183441162],
      "grenade": {
        "run": 16,
        "jump": true
      }
    },
    {
      "name": ["Unnamed", "Car"],
      "weapon": "weapon_molotov",
      "position": [-1217.8690185547, -258.63284301758, -31.96875],
      "viewangles": [1.9792718887329, -3.4308779239655],
      "grenade": {
        "run": 28,
        "jump": true
      }
    },
    {
      "name": ["Unnamed", "Trash"],
      "description": "41hp",
      "weapon": "weapon_hegrenade",
      "position": [1106.4512939453, -1952.1862792969, -16.671716690063],
      "viewangles": [-15.841167449951, 43.434410095215],
      "grenade": {
        "run": 1,
        "run_speed": true
      }
    },
    {
      "name": ["Unnamed", "Trash"],
      "weapon": "weapon_molotov",
      "position": [1106.5441894531, -1952.1962890625, -16.62257194519],
      "viewangles": [-16.930158615112, 41.537994384766],
      "grenade": {
        "run": 1,
        "run_speed": true
      }
    },
    {
      "name": ["Unnamed", "Car L"],
      "weapon": "weapon_hegrenade",
      "position": [1162.8774414063, -1945.4377441406, 10.076377868652],
      "viewangles": [-14.008561134338, 83.082939147949],
      "grenade": {
        "run": 21
      }
    },
    {
      "name": ["Unnamed", "Car R"],
      "weapon": "weapon_hegrenade",
      "position": [1159.9559326172, -1956.8590087891, 6.0277786254883],
      "viewangles": [-13.799559593201, 76.236595153809],
      "grenade": {
        "run": 21
      }
    },
    {
      "name": ["Unnamed", "Car"],
      "weapon": "weapon_molotov",
      "position": [1159.9528808594, -1956.8743896484, 6.0237846374512],
      "viewangles": [-14.492563247681, 80.748809814453],
      "grenade": {
        "run": 21
      }
    },
    {
      "name": ["Roof", "Car"],
      "weapon": "weapon_hegrenade",
      "position": [-449.97875976563, -688.35192871094, 188.03123474121],
      "viewangles": [-0.8803151845932, 13.521266937256],
      "grenade": {
        "run": 10
      }
    },
    {
      "name": ["Patio", "Car"],
      "weapon": "weapon_molotov",
      "position": [-708.12554931641, -731.05578613281, 149.03125],
      "viewangles": [6.6792135238647, 12.299731254578],
      "grenade": {
        "run": 5,
        "recovery_yaw": 0,
        "jump": true
      }
    },
    {
      "name": ["Roof", "SWAT"],
      "weapon": "weapon_molotov",
      "position": [-428.80838012695, -633.84393310547, 188.03125],
      "viewangles": [-10.084847450256, 5.2872195243835],
      "grenade": {
        "run": 22
      }
    },
    {
      "name": ["Roof", "Swat"],
      "description": "Left",
      "weapon": "weapon_molotov",
      "position": [-33.445133209229, -850.95574951172, 239.03125],
      "viewangles": [10.749250411987, 15.841251373291],
      "grenade": {
        "run": 10,
        "recovery_jump": true,
        "run_speed": true,
        "delay": 1,
        "recovery_yaw": 5,
        "jump": true
      }
    },
    {
      "name": ["Roof", "Car"],
      "weapon": "weapon_molotov",
      "position": [-527.70141601563, -956.70166015625, 188.03125],
      "viewangles": [-2.3479714393616, 23.817991256714],
      "grenade": {
        "run": 10
      }
    },
    {
      "name": ["Roof", "Car"],
      "weapon": "weapon_molotov",
      "position": [-410.21542358398, -772.25610351563, 188.03125],
      "viewangles": [-12.989395141602, 18.828409194946],
      "grenade": {
        "run": 15
      },
      "duck": true
    },
    {
      "name": ["SWAT", "Vents"],
      "weapon": "weapon_molotov",
      "position": [1664.5, -533.63732910156, -30.538902282715],
      "viewangles": [-5.489531993866, 171.5595703125],
      "grenade": {
        "run": 26,
        "recovery_yaw": -52,
        "jump": true
      }
    },
    {
      "name": ["Roof", "Car"],
      "weapon": "weapon_hegrenade",
      "position": [-697.15789794922, -214.67477416992, 149.03125],
      "viewangles": [-4.3724517822266, -4.7671060562134],
      "grenade": {
        "run": 24
      }
    }
  ]