[
    {
      "name": ["Alley", "Balcony"],
      "weapon": "weapon_molotov",
      "position": [-3375.6513671875, -307.59286499023, 0.03125],
      "viewangles": [-25.465999603271, -40.298999786377],
      "grenade": {
        "run": 48
      }
    },
    {
      "name": ["Alley", "Balcony"],
      "weapon": "weapon_smokegrenade",
      "position": [-3375.634765625, -307.61138916016, 0.031300000846386],
      "viewangles": [-25.066, -40.299],
      "grenade": {
        "run": 40
      }
    },
    {
      "name": ["Rock", "Long"],
      "weapon": "weapon_molotov",
      "position": [-463.41943359375, -969.30200195313, -121.38274383545],
      "viewangles": [-21.263990402222, 42.924221038818]
    },
    {
      "name": ["Long", "Fountain"],
      "description": "Right",
      "weapon": "weapon_molotov",
      "position": [-158.447265625, -22.544324874878, -31.96875],
      "viewangles": [-59.002159118652, -97.094375610352],
      "grenade": {
        "run": 22,
        "jump": true
      }
    },
    {
      "name": [" Main", "Boost"],
      "weapon": "weapon_molotov",
      "position": [-158.48147583008, -22.524837493896, -31.96875],
      "viewangles": [-11.837781715393, -45.767722320557],
      "grenade": {
        "run": 7,
        "jump": true
      }
    },
    {
      "name": ["Site", "Rock"],
      "description": "90HP",
      "weapon": "weapon_hegrenade",
      "position": [379.8879699707, -959.24359130859, -91.96875],
      "viewangles": [-6.6698265075684, -165.99963378906],
      "grenade": {
        "run": 3
      }
    },
    {
      "name": [" Platform", "Rock"],
      "weapon": "weapon_molotov",
      "position": [702.5341796875, -22.285175323486, 0.03125],
      "viewangles": [-10.670262336731, -135.24285888672],
      "grenade": {
        "run": 9
      }
    },
    {
      "name": [" Main", "Stairs \/ Droproom"],
      "weapon": "weapon_molotov",
      "position": [-300.03118896484, -16.155414581299, -31.96875],
      "viewangles": [-8.7155866622925, -34.558048248291],
      "grenade": {
        "run": 12,
        "jump": true
      }
    },
    {
      "name": ["here", "Rock"],
      "weapon": "weapon_molotov",
      "position": [490.54217529297, -380.24685668945, -77.041305541992],
      "viewangles": [-13.788863182068, -147.87474060059]
    },
    {
      "name": ["here", "Ramp"],
      "weapon": "weapon_molotov",
      "position": [-3279.5285644531, -108.43060302734, -29.96875],
      "viewangles": [-35.503341674805, -37.051574707031],
      "grenade": {
        "run": 1,
        "delay": 20,
        "recovery_yaw": 90,
        "run_yaw": 180,
        "jump": true
      }
    },
    {
      "name": ["12313", "Drop"],
      "description": "Fakeduck spot",
      "weapon": "weapon_molotov",
      "position": [342.9323425293, -487.1162109375, -83.075561523438],
      "viewangles": [-30.018814086914, 151.68135070801],
      "grenade": {
        "run": 2,
        "recovery_yaw": 90
      }
    },
    {
      "name": ["123", "Rock"],
      "weapon": "weapon_molotov",
      "position": [342.87335205078, -487.13116455078, -83.083084106445],
      "viewangles": [6.8357009887695, -145.70474243164],
      "grenade": {
        "strength": 0.5,
        "run": 1,
        "jump": true
      }
    },
    {
      "name": ["123123", "Doors"],
      "weapon": "weapon_molotov",
      "position": [490.55871582031, -380.24490356445, -77.03589630127],
      "viewangles": [-14.124412536621, -172.7156829834],
      "grenade": {
        "run": 4,
        "run_yaw": 90
      }
    },
    {
      "name": ["Short", "Droproom"],
      "description": "outside",
      "weapon": "weapon_hegrenade",
      "position": [434.48135375977, -379.3450012207, -81.476089477539],
      "viewangles": [-16.122097015381, -168.44667053223],
      "grenade": {
        "run": 1
      }
    },
    {
      "name": ["Drop123", "Droproom"],
      "description": "inside",
      "weapon": "weapon_hegrenade",
      "position": [434.48135375977, -379.3450012207, -81.476089477539],
      "viewangles": [10.282302856445, -166.27909851074],
      "grenade": {
        "run": 8,
        "jump": true
      }
    },
    {
      "name": ["Hold drop", "Long"],
      "description": "15HP",
      "weapon": "weapon_hegrenade",
      "position": [-205.63668823242, -595.57037353516, -63.96875],
      "viewangles": [-74.544136047363, 87.45565126953],
      "grenade": {
        "run": 11,
        "jump": true
      }
    },
    {
      "name": ["here", "Droproom"],
      "weapon": "weapon_molotov",
      "position": [490.55889892578, -380.31552124023, -77.041297912598],
      "viewangles": [-28.69725227356, -167.5454864502],
      "grenade": {
        "strength": 0.5,
        "run": 11
      }
    },
    {
      "name": ["here", "Drop 1w"],
      "weapon": "weapon_smokegrenade",
      "position": [196.73908996582, -1022.1897583008, -50.640090942383],
      "viewangles": [11.53539276123, 139.56274414063]
    },
    {
      "name": ["here", "Droproom"],
      "description": "inside",
      "weapon": "weapon_molotov",
      "position": [-966.35656738281, 471.22613525391, 1.03125],
      "viewangles": [-19.171489715576, -69.702743530273],
      "grenade": {
        "run": 22
      }
    },
    {
      "name": ["here", "Fountain"],
      "description": "center",
      "weapon": "weapon_molotov",
      "position": [-64.657661437988, -355.10583496094, -30.96875],
      "viewangles": [-4.5250657081604, -66.865000915527]
    },
    {
      "name": ["Unnamed", "Boost"],
      "weapon": "weapon_hegrenade",
      "position": [470.55731201172, -90.622169494629, 1.03125],
      "viewangles": [-10.614286422729, -135.61753845215]
    },
    {
      "name": ["here", "Rock"],
      "weapon": "weapon_hegrenade",
      "position": [470.5046081543, -90.598983764648, 0.03125],
      "viewangles": [-7.0402722358704, -136.24139404297],
      "grenade": {
        "run": 8,
        "run_speed": true
      }
    },
    {
      "name": ["Bombsite B", "Fountain"],
      "description": "baCK",
      "weapon": "weapon_hegrenade",
      "position": [-76.689170837402, -359.38415527344, -31.734819412231],
      "viewangles": [-27.192911148071, -65.459991455078],
      "grenade": {
        "strength": 0.5,
        "run": 1
      }
    },
    {
      "name": ["Bombsite", "Fountain"],
      "weapon": "weapon_molotov",
      "position": [-78.922996520996, -360.0950012207, -31.593000411987],
      "viewangles": [-19.333518981934, -86.148979187012],
      "grenade": {
        "run": 4
      }
    },
    {
      "name": ["Lower Tunnel", "Fountain"],
      "description": "Back",
      "weapon": "weapon_molotov",
      "position": [-822.42358398438, -711.283203125, -31.96875],
      "viewangles": [-0.83682614564896, 6.4180860519409],
      "grenade": {
        "run": 19,
        "jump": true
      }
    },
    {
      "name": ["T Main", "Chicken Coop"],
      "weapon": "weapon_molotov",
      "position": [141.75186157227, -81.769691467285, -24.157737731934],
      "viewangles": [-10.041075706482, -80.99747467041],
      "grenade": {
        "run": 22,
        "recovery_jump": true,
        "recovery_yaw": -90,
        "run_yaw": 50
      }
    },
    {
      "name": ["Unnamed", "Rock"],
      "weapon": "weapon_molotov",
      "position": [-613.31072998047, -674.78472900391, -31.96875],
      "viewangles": [-4.8908410072327, 39.024551391602],
      "grenade": {
        "fov": 5.12,
        "run": 1,
        "jump": true
      }
    },
    {
      "name": ["Mid", "Hutroom"],
      "weapon": "weapon_molotov",
      "position": [-2450.8046875, 372.21542358398, -239.96875],
      "viewangles": [-2.8352108001709, -73.190780639648],
      "grenade": {
        "fov": 5.12,
        "run": 20,
        "recovery_yaw": -89,
        "jump": true
      }
    },
    {
      "name": ["Drop", "Droproom"],
      "weapon": "weapon_molotov",
      "position": [-463.41900634766, -969.30200195313, -121.38300323486],
      "viewangles": [-48.764217376709, 120.03396606445],
      "grenade": {
        "fov": 5.12,
        "recovery_yaw": -90
      }
    },
    {
      "name": ["DROP_CROUCH", "Droproom"],
      "weapon": "weapon_hegrenade",
      "position": [-934.99761962891, 502.81973266602, -0.96875],
      "viewangles": [-18.559141159058, -73.805389404297],
      "grenade": {
        "fov": 5.12,
        "run": 4
      }
    },
    {
      "name": ["Long", "Droproom"],
      "description": "right",
      "weapon": "weapon_hegrenade",
      "position": [481.8076171875, -104.69789886475, 0.03125],
      "viewangles": [1.7113783359528, -144.53103637695],
      "grenade": {
        "fov": 5.12,
        "run": 31,
        "recovery_jump": true,
        "recovery_yaw": -90,
        "run_yaw": 9,
        "jump": true
      }
    },
    {
      "name": ["Kebab", "Droproom"],
      "weapon": "weapon_hegrenade",
      "position": [-866.29962158203, -226.39491271973, 135.82632446289],
      "viewangles": [22.1080017, -65.80008],
      "grenade": {
        "run": 3,
        "recovery_yaw": 180
      }
    },
    {
      "name": ["Kebab", "Droproom"],
      "weapon": "weapon_molotov",
      "position": [-866.29962158203, -226.39491271973, 135.82632446289],
      "viewangles": [22.1080017, -66.50008],
      "grenade": {
        "run": 5,
        "recovery_yaw": 180
      }
    },
    {
      "name": ["Fountain", "Under Fountain \/ Fountain"],
      "weapon": "weapon_molotov",
      "position": [-822.40362548828, -711.27868652344, -31.96875],
      "viewangles": [-35.871036529541, 4.1616454124451],
      "grenade": {
        "run": 34
      }
    },
    {
      "name": ["Rock", "Rock"],
      "weapon": "weapon_hegrenade",
      "position": [418.06301879883, -291.03125, -78.969528198242],
      "viewangles": [-12.0899973, -141.746918]
    },
    {
      "name": ["Drop", "Boost \/ Pillar"],
      "description": "St1vaha",
      "weapon": "weapon_molotov",
      "position": [-299.96755981445, -16.18190574646, -31.96875],
      "viewangles": [-38.74076461792, -74.947364807129],
      "grenade": {
        "jump": true
      }
    },
    {
      "name": ["Unnamed", "Short"],
      "weapon": "weapon_molotov",
      "position": [-571.50158691406, -51.112957000732, -1.523365020752],
      "viewangles": [-31.098861694336, -36.96134185791],
      "grenade": {
        "fov": 5.12,
        "jump": true
      }
    },
    {
      "name": ["Unnamed", "Drop"],
      "description": "91hp corner",
      "weapon": "weapon_hegrenade",
      "position": [328.32431030273, -433.15615844727, -63.96875],
      "viewangles": [6.6720360946655, -157.89720153809],
      "grenade": {
        "strength": 0,
        "fov": 5.12,
        "run": 7,
        "jump": true
      }
    },
    {
      "name": ["here", "Fountain"],
      "description": "center",
      "weapon": "weapon_molotov",
      "position": [-739.24108886719, -621.57141113281, -31.96875],
      "viewangles": [-25.113401412964, -17.97367477417],
      "grenade": {
        "fov": 5.12,
        "recovery_yaw": 90
      }
    },
    {
      "name": ["Unnamed", "Short"],
      "weapon": "weapon_molotov",
      "position": [230.55392456055, -1051.2121582031, -51.640098571777],
      "viewangles": [9.0280284881592, 112.39669036865],
      "grenade": {
        "fov": 5.12,
        "recovery_yaw": 0,
        "jump": true
      }
    },
    {
      "name": ["Unnamed", "Short"],
      "weapon": "weapon_hegrenade",
      "position": [-442.65728759766, -965.27502441406, -120.02384185791],
      "viewangles": [-23.450511932373, 59.658515930176],
      "grenade": {
        "fov": 5.12,
        "run": 1
      }
    },
    {
      "name": ["Unnamed", "Short"],
      "weapon": "weapon_hegrenade",
      "position": [-247.33418273926, -690.62658691406, -63.96875],
      "viewangles": [-13.042413711548, 62.574523925781],
      "grenade": {
        "fov": 5.12
      }
    },
    {
      "name": ["Unnamed", "Short"],
      "weapon": "weapon_hegrenade",
      "position": [3.1989364624023, -153.40333557129, -31.96875],
      "viewangles": [-43.151081085205, -135.81237792969],
      "grenade": {
        "fov": 5.12,
        "jump": true
      }
    },
    {
      "name": ["Unnamed", "Short \/ Boost"],
      "weapon": "weapon_molotov",
      "position": [-158.48147583008, -22.524837493896, -31.96875],
      "viewangles": [-31.600412368774, -48.721706390381],
      "grenade": {
        "fov": 5.12
      }
    },
    {
      "name": ["Chicken", "Drop"],
      "weapon": "weapon_smokegrenade",
      "position": [669.47564697266, -1390.96875, -79.96875],
      "viewangles": [0.22334265708923, 141.12284851074],
      "grenade": {
        "recovery_yaw": 0,
        "jump": true
      }
    },
    {
      "name": ["Chicken", "Drop Exit"],
      "weapon": "weapon_smokegrenade",
      "position": [669.46856689453, -1390.9968261719, -79.96875],
      "viewangles": [3.855320930481, 141.05111694336],
      "grenade": {
        "recovery_yaw": 0,
        "jump": true
      }
    },
    {
      "name": ["Stairs", "Long Exit"],
      "weapon": "weapon_smokegrenade",
      "position": [751.96875, -512.71014404297, -66.370361328125],
      "viewangles": [-4.8962388038635, 137.02478027344]
    },
    {
      "name": ["Chicken", " Long"],
      "description": "Deep",
      "weapon": "weapon_smokegrenade",
      "position": [669.47570800781, -1390.96875, -79.96875],
      "viewangles": [-5.139328956604, 129.91416931152],
      "grenade": {
        "run": 7,
        "recovery_yaw": 0,
        "jump": true
      }
    },
    {
      "name": ["Chicken", "Drop Stairs Entrance"],
      "weapon": "weapon_smokegrenade",
      "position": [357.66278076172, -1408.9412841797, -79.96875],
      "viewangles": [-26.597442626953, 130.11596679688],
      "grenade": {
        "recovery_yaw": 0,
        "jump": true
      }
    },
    {
      "name": ["Chicken", "Drop Entrance"],
      "weapon": "weapon_smokegrenade",
      "position": [357.50650024414, -1408.9870605469, -79.96875],
      "viewangles": [-27.491771697998, 126.70883178711],
      "grenade": {
        "recovery_yaw": 0,
        "jump": true
      }
    },
    {
      "name": ["Unnamed", "Chicken Coop"],
      "weapon": "weapon_molotov",
      "position": [-64.798553466797, -355.13720703125, -31.96875],
      "viewangles": [-10.284284591675, -68.308639526367],
      "grenade": {
        "run": 2
      }
    },
    {
      "name": ["Drop Exit", "Long"],
      "weapon": "weapon_smokegrenade",
      "position": [-373.75463867188, -678.77685546875, -63.96875],
      "viewangles": [-3.4539461135864, 29.600479125977],
      "grenade": {
        "run": 10
      }
    },
    {
      "name": ["Stairs", "Wood box"],
      "weapon": "weapon_smokegrenade",
      "position": [746.97137451172, -266.99005126953, 0.03125],
      "viewangles": [-5.4932298660278, -179.11309814453],
      "grenade": {
        "jump": true
      }
    },
    {
      "name": ["Fountain", "Long"],
      "weapon": "weapon_flashbang",
      "position": [206.65980529785, -1011.3087158203, -49.426620483398],
      "viewangles": [-14.2496509552, -116.41899871826],
      "grenade": {
        "run": 7,
        "recovery_yaw": 0,
        "jump": true
      }
    },
    {
      "name": ["Fountain", "Long"],
      "weapon": "weapon_flashbang",
      "position": [233.50917053223, -1052.9139404297, -51.640098571777],
      "viewangles": [-17.490726470947, 60.637557983398],
      "grenade": {
        "run": 10
      }
    },
    {
      "name": ["p", "Long"],
      "description": "Deep",
      "weapon": "weapon_molotov",
      "position": [-0.32692891359329, -361.07800292969, -31.96875],
      "viewangles": [-51.933078765869, 170.53147888184],
      "grenade": {
        "jump": true
      }
    },
    {
      "name": ["Drop", "Window"],
      "weapon": "weapon_smokegrenade",
      "position": [-865.96875, -176.51139831543, 128.03125],
      "viewangles": [-1.5091898441315, -58.694705963135]
    },
    {
      "name": ["Long", "Fountain"],
      "weapon": "weapon_molotov",
      "position": [141.77435302734, -81.780487060547, -24.15505027771],
      "viewangles": [3.1528306007385, -36.136619567871],
      "grenade": {
        "run": 36,
        "jump": true
      }
    },
    {
      "name": ["Drop & Stairs", "Stairs"],
      "weapon": "weapon_molotov",
      "position": [-303.97021484375, -16.030263900757, -31.96875],
      "viewangles": [-35.591083526611, -34.460159301758],
      "grenade": {
        "run": 9
      }
    },
    {
      "name": ["Stairs", "Fountain"],
      "weapon": "weapon_hegrenade",
      "position": [-63.877796173096, -354.79928588867, -31.96875],
      "viewangles": [-4.2510986328125, -67.661674499512],
      "grenade": {
        "recovery_yaw": 90
      }
    },
    {
      "name": ["Stairs", "Fountain"],
      "weapon": "weapon_molotov",
      "position": [77.831382751465, -313.59631347656, -58.400756835938],
      "viewangles": [-19.562404632568, -77.860137939453],
      "grenade": {
        "recovery_yaw": 0
      }
    },
    {
      "name": ["Unnamed", "Droproom"],
      "weapon": "weapon_molotov",
      "position": [702.52996826172, -22.243272781372, 0.03125],
      "viewangles": [-24.426124572754, -152.60876464844],
      "grenade": {
        "run": 7,
        "recovery_jump": true,
        "delay": 19,
        "recovery_yaw": -90,
        "jump": true
      }
    },
    {
      "name": ["T Main", "Tree"],
      "weapon": "weapon_knife",
      "position": [26.618000030518, -68.982002258301, -31.968999862671],
      "viewangles": [0.836, -33.396],
      "movement": {
        "frames": [
          7,
          [
            0,
            0,
            "FR"
          ],
          4,
          [
            0,
            0.043998999999999,
            "r"
          ],
          [
            0.176,
            0.396
          ],
          [
            0.616,
            0.571999
          ],
          10,
          [
            0.132,
            0.307999,
            "L"
          ],
          [
            0,
            0.175999
          ],
          [
            0.044,
            0.395998
          ],
          [
            0.132,
            0.528002
          ],
          [
            0.044,
            0.219999
          ],
          [
            0.088,
            0.088000999999998
          ],
          [
            0.132,
            0.483999
          ],
          [
            0.132,
            0.351999
          ],
          [
            0.176,
            0.351999
          ],
          [
            0.132,
            0.351999
          ],
          [
            0.176,
            0.351997
          ],
          [
            0.176,
            0.307999
          ],
          [
            0.264,
            0.219999
          ],
          [
            0.44,
            0.351999,
            "l"
          ],
          [
            0.88,
            0.528
          ],
          [
            0.748,
            0.396
          ],
          [
            0.528,
            0.132002
          ],
          [
            0.572,
            0.219999
          ],
          [
            0.66,
            0,
            "L"
          ],
          [
            1.056,
            -0.219999
          ],
          [
            0.66,
            -0.176001
          ],
          [
            0.748,
            -0.439999
          ],
          [
            0.264,
            -0.175999
          ],
          [
            0.264,
            -0.351999,
            "l"
          ],
          [
            0.176,
            -0.263998
          ],
          [
            0.132,
            -0.263998
          ],
          [
            0.132,
            -0.307999
          ],
          [
            0.087999999999999,
            -0.176001
          ],
          [
            0.176,
            -0.440001
          ],
          [
            0.352,
            -1.011999
          ],
          [
            0.132,
            -0.440001
          ],
          [
            0.132,
            -0.351999
          ],
          [
            0.087999999999999,
            -0.351999
          ],
          [
            0.132,
            -0.396
          ],
          [
            0.044,
            -0.308002
          ],
          [
            0,
            -0.308002
          ],
          [
            0,
            -0.131996
          ],
          [
            0.044,
            -0.131996
          ],
          [
            0.087999999999999,
            -0.307999
          ],
          [
            0.22,
            -0.924004
          ],
          [
            0.264,
            -0.924
          ],
          [
            0.264,
            -0.923996
          ],
          [
            0.087999999999999,
            -1.011997
          ],
          [
            0.044,
            -0.483997
          ],
          [
            0,
            -0.615997
          ],
          [
            0,
            -0.352001
          ],
          [
            0,
            -0.087997000000001
          ],
          2,
          [
            0.087999999999999,
            0.043998999999999
          ],
          [
            0.352,
            0.439999,
            "J"
          ],
          [
            1.188,
            0.967999,
            "j"
          ],
          [
            1.584,
            1.144001
          ],
          [
            2.332,
            1.055996,
            "R"
          ],
          [
            2.376,
            0.351997,
            "f"
          ],
          [
            2.112,
            -0.220001
          ],
          [
            2.024,
            -0.835999
          ],
          [
            2.024,
            -1.452
          ],
          [
            1.188,
            -1.496002
          ],
          [
            0.792,
            -1.628002
          ],
          [
            0.748,
            -1.804001
          ],
          [
            0.88,
            -2.243996
          ],
          [
            1.012,
            -2.595997
          ],
          [
            0.704,
            -2.023998
          ],
          [
            0.66,
            -2.023998
          ],
          [
            0.616,
            -2.243999
          ],
          [
            0.748,
            -3.343998
          ],
          [
            0.704,
            -3.343998
          ],
          [
            0.572,
            -3.167999
          ],
          [
            0.264,
            -4.091999
          ],
          [
            0,
            -2.507996
          ],
          [
            0,
            -2.332001
          ],
          [
            0.264,
            -3.431999
          ],
          [
            0.22,
            -3.695999
          ],
          [
            0,
            -3.036003
          ],
          [
            -0.176,
            -1.540001
          ],
          [
            -0.088000000000001,
            -2.463997
          ],
          [
            -0.264,
            -1.496002
          ],
          [
            -0.484,
            -1.672005,
            "F"
          ],
          [
            -0.396,
            -0.879997
          ],
          [
            -0.352,
            -0.13200399999999,
            "r"
          ],
          [
            -0.176,
            0.307999
          ],
          [
            -0.043999999999997,
            0.484009
          ],
          [
            0,
            1.099998
          ],
          [
            0.176,
            2.332001
          ],
          [
            0.396,
            1.584
          ],
          [
            0.396,
            1.276009
          ],
          [
            0.528,
            1.408005
          ],
          [
            0.528,
            1.143997
          ],
          [
            0.704,
            1.099998
          ],
          [
            0.44,
            0.616005
          ],
          [
            0.528,
            0.220001
          ],
          [
            0.704,
            -0.35200500000001,
            "R"
          ],
          [
            0.968,
            -1.804008,
            "J"
          ],
          [
            1.188,
            -2.992004,
            "j"
          ],
          [
            1.056,
            -4.444,
            "f"
          ],
          [
            0.528,
            -5.500008
          ],
          [
            0.088000000000001,
            -6.644005
          ],
          [
            -0.043999999999997,
            -4.444
          ],
          [
            -0.22,
            -3.519997
          ],
          [
            -0.176,
            -4.223999
          ],
          [
            -0.176,
            -2.683998
          ],
          [
            -0.396,
            -2.816002
          ],
          [
            -0.264,
            -2.332001
          ],
          [
            -0.616,
            -2.771996
          ],
          [
            -1.056,
            -4.311996
          ],
          [
            -0.792,
            -2.859985
          ],
          [
            -0.924,
            -2.464005
          ],
          [
            -1.584,
            -3.212021
          ],
          [
            -1.54,
            -2.464005
          ],
          [
            -1.496,
            -2.772003,
            "L",
            0,
            0
          ],
          [
            -1.276,
            -2.419998,
            "r"
          ],
          [
            -1.804,
            -2.199997
          ],
          [
            -1.012,
            -0.968018
          ],
          [
            -0.88,
            -0.175995
          ],
          [
            -1.54,
            2.419983
          ],
          [
            -0.352,
            2.947998
          ],
          [
            0.528,
            1.671997,
            "Rl"
          ],
          [
            1.496,
            1.23201
          ],
          [
            1.936,
            0.57200599999999
          ],
          [
            2.376,
            -1.055984
          ],
          [
            1.408,
            -1.936005
          ],
          [
            0.792,
            -1.980011
          ],
          [
            0.352,
            -2.024002
          ],
          [
            -0.043999999999997,
            -1.804001
          ],
          [
            -0.748,
            -2.200012,
            "L",
            0,
            225
          ],
          [
            -0.836,
            -1.363983,
            "",
            0,
            0
          ],
          [
            -0.572,
            -0.52799999999999,
            "r"
          ],
          [
            -1.716,
            -0.044005999999996,
            "F",
            225
          ],
          [
            -1.452,
            0.13200399999999
          ],
          [
            -1.408,
            0.087997000000001,
            "D"
          ],
          [
            -2.244,
            0.88000500000001
          ],
          [
            -2.728,
            2.244003,
            "l"
          ],
          [
            -2.596,
            2.199997
          ],
          [
            -1.628,
            0.70401000000001
          ],
          [
            -1.54,
            0.307999
          ],
          [
            -1.452
          ],
          [
            -1.056,
            -0.044005999999996
          ],
          [
            -0.616,
            0.17600999999999
          ],
          [
            -0.264,
            0.307999,
            "Z"
          ],
          [
            0,
            0.13200399999999
          ],
          1,
          [
            0,
            0.044005999999996
          ],
          4,
          [
            0,
            0,
            "z"
          ],
          4,
          [
            0,
            0.044005999999996
          ],
          [
            -0.087999999999999,
            0.439987
          ],
          [
            -0.087999999999999,
            1.100021
          ],
          [
            0,
            0.307999
          ],
          19,
          [
            0,
            0.13200399999999
          ],
          [
            -0.792,
            0.615982
          ],
          [
            -0.572,
            0.35200499999999
          ],
          [
            -0.748,
            0.395996
          ],
          [
            -0.66,
            0.44000199999999
          ],
          [
            -0.528,
            0.22001599999999
          ],
          [
            -0.528,
            0.044005999999996
          ],
          [
            -0.572,
            0.13201900000001
          ],
          [
            -0.396,
            0.088012999999989
          ],
          [
            -0.264,
            0.044005999999996
          ]
        ]
      }
    },
    {
      "name": ["B Platform", "Tree"],
      "weapon": "weapon_knife",
      "position": [662, 21.95599937439, 0.030999999493361],
      "viewangles": [7.612, -142.012],
      "movement": {
        "frames": [
          5,
          [
            0,
            0,
            "F"
          ],
          3,
          [
            0,
            0,
            "L"
          ],
          1,
          [
            0,
            0,
            "l"
          ],
          1,
          [
            0.044,
            0.044005999999996
          ],
          [
            0.396,
            -0.087997000000001
          ],
          [
            0.44,
            -2.156006,
            "L"
          ],
          [
            0,
            0,
            "l"
          ],
          4,
          [
            0,
            0,
            "L"
          ],
          [
            0,
            0,
            "l"
          ],
          [
            -0.044,
            -0.220001
          ],
          [
            -0.308,
            -0.088012999999989
          ],
          [
            -0.352,
            0.220032
          ],
          [
            -0.088,
            0.17600999999999
          ],
          [
            -0.176,
            0.44000199999999
          ],
          [
            -0.308,
            0.83601400000001,
            "L"
          ],
          [
            0,
            0.087997000000001,
            "l"
          ],
          6,
          [
            0,
            0,
            "L"
          ],
          1,
          [
            0,
            0.044005999999996,
            "l"
          ],
          [
            0,
            -0.48400899999999
          ],
          [
            0,
            -0.30801400000001
          ],
          [
            0,
            -0.044005999999996
          ],
          7,
          [
            0,
            -0.044005999999996
          ],
          [
            0,
            -0.088012999999989,
            "R"
          ],
          [
            0.308,
            0.26400799999999
          ],
          [
            0.616,
            -0.13200399999999
          ],
          4,
          [
            0.308,
            -0.175995
          ],
          [
            -0.044,
            0.044005999999996,
            "r"
          ],
          [
            0.087999999999999,
            -0.44001800000001
          ],
          [
            0.352,
            -0.44001800000001,
            "R"
          ],
          [
            0.176,
            -0.396027
          ],
          [
            0.22,
            -0.44000199999999
          ],
          [
            0.087999999999999,
            -0.52799999999999,
            "r"
          ],
          [
            0,
            -0.044005999999996
          ],
          2,
          [
            0.264,
            -0.57200599999999
          ],
          [
            0.572,
            -0.83601400000001
          ],
          [
            0.264,
            -0.44000199999999
          ],
          [
            0.087999999999999,
            -0.088012999999989
          ],
          [
            0.044,
            -0.044005999999996
          ],
          [
            0.087999999999999,
            -0.17602500000001
          ],
          [
            0.132,
            -0.17600999999999
          ],
          1,
          [
            0.087999999999999,
            -0.13200399999999
          ],
          [
            0.22,
            -0.13201900000001
          ],
          [
            0.176
          ],
          [
            0.264,
            -0.13201900000001
          ],
          [
            0.22,
            -0.26400799999999
          ],
          [
            0.352,
            -0.088012999999989
          ],
          [
            0.264
          ],
          [
            0.176,
            -0.044005999999996
          ],
          [
            0.264
          ],
          [
            0.176,
            -0.044005999999996
          ],
          [
            0.176,
            -0.044005999999996
          ],
          [
            0.044
          ],
          [
            0.22,
            -0.088012999999989
          ],
          [
            0.044,
            -0.22001599999999
          ],
          [
            0.087999999999999,
            -0.088012999999989
          ],
          [
            0.176,
            -0.13201900000001
          ],
          [
            0.264,
            -0.17602500000001
          ],
          [
            0.176,
            -0.13201900000001
          ],
          [
            0.132,
            -0.17602500000001
          ],
          [
            0.132,
            -0.13201900000001
          ],
          [
            0.087999999999999,
            -0.13201900000001
          ],
          [
            0.044,
            -0.13201900000001
          ],
          [
            0.087999999999999,
            -0.17602500000001
          ],
          [
            0,
            -0.264038
          ],
          [
            0,
            -0.17602500000001
          ],
          [
            0,
            -0.220032
          ],
          [
            -0.087999999999999,
            -0.17600999999999
          ],
          [
            -0.176,
            -0.44000199999999
          ],
          [
            -0.308,
            -0.308044
          ],
          [
            -0.264,
            -0.17602500000001
          ],
          [
            -0.308,
            -0.264038
          ],
          [
            -0.264,
            -0.13201900000001
          ],
          [
            -0.308,
            -0.13201900000001
          ],
          [
            -0.704,
            -0.13201900000001
          ],
          [
            -0.968,
            -0.13201900000001
          ],
          [
            -1.012,
            -0.088012999999989
          ],
          [
            -0.968,
            0.220032,
            "J"
          ],
          [
            -0.572,
            0.57200599999999,
            "jL"
          ],
          [
            0,
            0.615982,
            "f"
          ],
          [
            0.748,
            0.70401000000001
          ],
          [
            1.188,
            0.88000500000001
          ],
          [
            0.616,
            0.48400899999999
          ],
          [
            0.396,
            0.35202000000001
          ],
          [
            0.44,
            0.44000199999999
          ],
          [
            0.308,
            0.44001800000001
          ],
          [
            0.352,
            0.52801500000001
          ],
          [
            0.484,
            0.747986
          ],
          [
            0.528,
            0.96800200000001
          ],
          [
            0.528,
            1.012009
          ],
          [
            0.44,
            1.055984
          ],
          [
            0.528,
            1.40799
          ],
          [
            0.484,
            1.320007
          ],
          [
            0.484,
            1.760025
          ],
          [
            0.572,
            1.892014
          ],
          [
            0.396,
            1.40802
          ],
          [
            0.308,
            1.231995
          ],
          [
            0.352,
            1.363983
          ],
          [
            0.176,
            1.496002
          ],
          [
            0.088000000000001,
            1.40802
          ],
          [
            0.088000000000001,
            2.420029
          ],
          [
            0,
            2.860008
          ],
          [
            0,
            2.596016
          ],
          [
            0,
            3.300011
          ],
          [
            0,
            3.652
          ],
          [
            -0.088000000000001,
            3.695999
          ],
          [
            -0.088000000000001,
            4.399994
          ],
          [
            -0.176,
            3.73999
          ],
          [
            -0.22,
            4.400002
          ],
          [
            -0.132,
            3.73999
          ],
          [
            -0.088000000000001,
            5.367996
          ],
          [
            -0.044,
            3.696007
          ],
          [
            -0.044,
            0.792,
            "R",
            0,
            0
          ],
          [
            0,
            0,
            "l"
          ],
          [
            0,
            -0.968002,
            "J"
          ],
          [
            0,
            -3.080002,
            "j"
          ],
          [
            0.044,
            -4.840012
          ],
          [
            0.044,
            -4.224014
          ],
          [
            0.088000000000001,
            -4.003998
          ],
          [
            0,
            -5.103996
          ],
          [
            0,
            -4.047997
          ],
          [
            0,
            -3.652
          ],
          [
            0,
            -3.124001
          ],
          [
            0,
            -2.552017
          ],
          [
            0,
            -2.948021
          ],
          [
            0.132,
            -3.124008
          ],
          [
            0,
            -2.112015
          ],
          [
            0,
            -2.156021
          ],
          [
            0,
            -1.628021
          ],
          [
            0,
            -2.023987
          ],
          [
            -0.176,
            -2.903992
          ],
          [
            -0.308,
            -2.024017
          ],
          [
            -0.616,
            -1.672012,
            "L",
            0,
            0
          ],
          [
            -0.616,
            -0.52801500000001,
            "r"
          ],
          [
            -0.528,
            0.57202100000001
          ],
          [
            -0.484,
            2.156021
          ],
          [
            -0.132,
            2.815994
          ],
          [
            0,
            2.200012,
            "R",
            0,
            0
          ],
          [
            0,
            0,
            "l"
          ],
          1,
          [
            0.176,
            -1.584
          ],
          [
            0.176,
            -2.684021
          ],
          [
            0,
            -1.848007,
            "L",
            0,
            0
          ],
          [
            0,
            -1.451996,
            "",
            0,
            0
          ],
          [
            -0.176,
            -0.87998999999999,
            "r"
          ],
          [
            -0.22,
            0.39601099999999,
            "D"
          ],
          [
            -0.308,
            2.463989
          ],
          [
            0.132,
            1.58403
          ],
          [
            0.087999999999999,
            0.220001,
            "Rl"
          ],
          [
            0.044
          ],
          [
            0.087999999999999,
            -2.112
          ],
          [
            -0.044,
            -2.024002
          ],
          [
            -0.484,
            -1.672012,
            "L",
            0,
            0
          ],
          [
            -0.792,
            -0.70399499999999,
            "J",
            0,
            0
          ],
          [
            -1.276,
            1.848007,
            "jr"
          ],
          [
            -0.66,
            2.552002
          ],
          [
            0,
            0.30801399999999,
            "RlZ"
          ],
          [
            0,
            0.044005999999996
          ],
          1,
          [
            0,
            0,
            "L",
            0,
            225
          ],
          [
            0.264,
            -0.571991,
            "rz"
          ],
          [
            0.484,
            -1.188004
          ],
          [
            0.484,
            0.35200499999999
          ],
          [
            1.804,
            5.544006
          ],
          [
            0.748,
            6.863998
          ],
          [
            0,
            0.83599899999999
          ],
          [
            0,
            0.13200399999999,
            "Rl"
          ],
          [
            0,
            -0.836029,
            "d"
          ],
          [
            -0.087999999999999,
            -2.727997
          ],
          [
            -0.044,
            -3.73999
          ],
          [
            -0.132,
            -2.024002
          ],
          [
            -0.396,
            -2.463989
          ],
          [
            -0.968,
            -3.123978,
            "L",
            0,
            225
          ],
          [
            -1.276,
            -1.979996,
            "",
            0,
            0
          ],
          [
            -1.012,
            -0.26400799999999,
            "r"
          ],
          [
            -0.836,
            1.760025
          ],
          [
            -0.176,
            2.991989
          ],
          [
            0,
            3.783997,
            "R",
            0,
            -225
          ],
          [
            0,
            1.364014,
            "l"
          ],
          [
            -0.087999999999999,
            -0.088012999999989
          ],
          [
            -0.132,
            -2.508011
          ],
          [
            -0.44,
            -3.388
          ],
          [
            -0.44,
            -1.231995,
            "L",
            0,
            0
          ],
          [
            -0.44,
            0.70401000000001,
            "r"
          ],
          [
            -0.132,
            2.595993,
            "F"
          ],
          1,
          [
            0.44,
            -1.319992
          ],
          [
            0.352,
            -3.871979
          ],
          [
            0.44,
            -3.608017,
            "S"
          ],
          [
            0.176,
            -0.307999
          ],
          2,
          [
            0,
            0.088012999999989
          ],
          [
            0,
            -0.044005999999996
          ],
          [
            0.264,
            -0.088012999999989
          ],
          [
            0.176,
            -0.088012999999989
          ],
          [
            0.087999999999999,
            -0.088012999999989
          ],
          [
            0.176,
            -0.220032,
            "f"
          ],
          [
            0.396,
            -1.672028
          ],
          [
            0.087999999999999,
            -0.88002
          ],
          [
            0,
            -0.087997000000001
          ],
          1,
          [
            0.132,
            -0.088012999999989
          ],
          [
            0.132
          ],
          4
        ]
      }
    },
    {
      "name": ["Unnamed", "Fountain"],
      "description": "TEAMHELP",
      "weapon": "weapon_smokegrenade",
      "position": [-399.5959777832, -496.02743530273, -31.968751907349],
      "viewangles": [1.6279904842377, -39.888050079346]
    },
    {
      "name": ["Unnamed", "Stairs"],
      "description": "TeamHelp",
      "weapon": "weapon_smokegrenade",
      "position": [196.76382446289, -1022.1949462891, -51.640090942383],
      "viewangles": [-2.0020079612732, 136.77185058594]
    },
    {
      "name": ["Unnamed", "Droproom \/ Stairs"],
      "weapon": "weapon_molotov",
      "position": [-860.02642822266, -402.01943969727, 8.03125],
      "viewangles": [0.70404046773911, -47.653869628906],
      "grenade": {
        "run": 1,
        "recovery_yaw": 180
      }
    },
    {
      "name": ["Unnamed", "Stairs"],
      "weapon": "weapon_molotov",
      "position": [-945.54895019531, -444.1540222168, -31.96875],
      "viewangles": [-3.9181709289551, -36.301845550537],
      "grenade": {
        "run": 1,
        "recovery_yaw": 180
      }
    },
    {
      "name": ["main", "Long"],
      "description": "Right",
      "weapon": "weapon_molotov",
      "position": [-170.38888549805, -605.26605224609, -60.96875],
      "viewangles": [-51.2160835, 98.3718262],
      "grenade": {
        "jump": true
      }
    },
    {
      "name": ["mindmg", "Long"],
      "weapon": "weapon_molotov",
      "position": [-438.11389160156, -780.12176513672, -98.056015014648],
      "viewangles": [-16.119247436523, 33.3229637146]
    },
    {
      "name": ["Unnamed", "Short"],
      "weapon": "weapon_hegrenade",
      "position": [-641.39123535156, -30.931753158569, 0.03125],
      "viewangles": [5.5195198059082, -20.815685272217],
      "grenade": {
        "run": 7,
        "jump": true
      }
    },
    {
      "name": [" Main", "Stairs \/ Pillar"],
      "weapon": "weapon_hegrenade",
      "position": [-299.9026184082, -16.285062789917, -31.96875],
      "viewangles": [-7.2129812240601, -35.14107131958],
      "grenade": {
        "run": 12,
        "jump": true
      }
    },
    {
      "name": ["Long", "Droproom"],
      "weapon": "weapon_hegrenade",
      "position": [132.37965393066, -80.01294708252, -24.938598632813],
      "viewangles": [-40.372974395752, -133.75987243652],
      "grenade": {
        "run": 21,
        "jump": true
      }
    },
    {
      "name": ["Long", "Drop \/ Stairs"],
      "weapon": "weapon_hegrenade",
      "position": [115.18042755127, -80.079986572266, -26.371118545532],
      "viewangles": [-48.666980743408, -132.45275878906],
      "grenade": {
        "run": 26,
        "jump": true
      }
    },
    {
      "name": ["Unnamed", "Stairs"],
      "weapon": "weapon_hegrenade",
      "position": [-945.56127929688, -444.15313720703, -31.96875],
      "viewangles": [-3.9181709289551, -36.301845550537],
      "grenade": {
        "run": 1,
        "recovery_yaw": 180
      }
    },
    {
      "name": ["Unnamed", "Droproom"],
      "weapon": "weapon_hegrenade",
      "position": [-860.03039550781, -402.01507568359, 8.03125],
      "viewangles": [0.70404046773911, -47.653869628906],
      "grenade": {
        "run": 1,
        "recovery_yaw": 180
      }
    },
    {
      "name": ["Long", "Stairs \/ Drop"],
      "weapon": "weapon_hegrenade",
      "position": [3.192752122879, -153.40367126465, -31.96875],
      "viewangles": [-36.438213348389, -127.73411560059],
      "grenade": {
        "recovery_jump": true,
        "jump": true
      }
    },
    {
      "name": ["Unnamed", "Boost"],
      "weapon": "weapon_molotov",
      "position": [-113.9603729248, -63.838645935059, -31.96875],
      "viewangles": [-35.442390441895, -105.28123474121],
      "grenade": {
        "recovery_jump": true,
        "jump": true
      }
    },
    {
      "name": ["Long", "Fountain"],
      "weapon": "weapon_molotov",
      "position": [141.81971740723, -81.687057495117, -24.150691986084],
      "viewangles": [2.4771771430969, -105.319480896],
      "grenade": {
        "run": 30,
        "recovery_jump": true,
        "recovery_yaw": 180,
        "run_yaw": 90
      }
    },
    {
      "name": ["Corner", "Long"],
      "weapon": "weapon_molotov",
      "position": [-229.82392883301, -687.54345703125, -61.96875],
      "viewangles": [-28.048583984375, 54.697036743164]
    },
    {
      "name": ["Corner", "Long"],
      "weapon": "weapon_hegrenade",
      "position": [-285.02084350586, -618.5625, -63.96875],
      "viewangles": [-3.6639702320099, 28.71897315979],
      "grenade": {
        "run": 19,
        "recovery_yaw": -90
      }
    },
    {
      "name": ["Corner", "Long"],
      "weapon": "weapon_hegrenade",
      "position": [-140.28410339355, -672.84240722656, -105.88412475586],
      "viewangles": [-47.680210113525, 102.14413452148],
      "grenade": {
        "run": 1,
        "recovery_yaw": 0,
        "jump": true
      }
    },
    {
      "name": ["Fountain", "Long"],
      "weapon": "weapon_hegrenade",
      "position": [180.44700622559, -1040.0723876953, -51.64009475708],
      "viewangles": [1.6032755374908, 102.22971343994],
      "grenade": {
        "run": 3,
        "recovery_yaw": 0,
        "jump": true
      }
    },
    {
      "name": ["Unnamed", "Short"],
      "description": "right",
      "weapon": "weapon_hegrenade",
      "position": [181.55348205566, -1035.9191894531, -51.640098571777],
      "viewangles": [-11.712856292725, 115.33981323242],
      "grenade": {
        "run": 2,
        "recovery_yaw": -123
      }
    },
    {
      "name": ["Unnamed", "Under Fountain"],
      "weapon": "weapon_hegrenade",
      "position": [221.13119506836, -184.35494995117, -17.541646957397],
      "viewangles": [16.171257019043, -123.29508972168],
      "grenade": {
        "run": 20,
        "recovery_jump": true,
        "delay": 5,
        "run_yaw": 90,
        "jump": true
      }
    },
    {
      "name": ["Unnamed", "Long"],
      "weapon": "weapon_molotov",
      "position": [173.08229064941, -1028.8856201172, -51.640090942383],
      "viewangles": [-1.1093821525574, 120.57347106934],
      "grenade": {
        "run": 6,
        "jump": true
      }
    },
    {
      "name": ["Unnamed", "Rock"],
      "weapon": "weapon_molotov",
      "position": [-684.05334472656, -733.70648193359, -31.96875],
      "viewangles": [-30.069896697998, 39.304126739502],
      "grenade": {
        "run": 3,
        "delay": 2
      }
    },
    {
      "name": ["Unnamed", "Droproom"],
      "weapon": "weapon_molotov",
      "position": [141.7720489502, -81.756767272949, -24.154943466187],
      "viewangles": [-35.102180480957, -134.732421875],
      "grenade": {
        "run": 14,
        "recovery_jump": true,
        "jump": true
      }
    },
    {
      "name": ["Unnamed", "Long"],
      "weapon": "weapon_hegrenade",
      "position": [126.95471191406, -1240.9222412109, -117.11884307861],
      "viewangles": [-22.000659942627, 82.08309173584],
      "grenade": {
        "run": 1,
        "run_speed": true
      }
    },
    {
      "name": ["Unnamed", "Corner"],
      "weapon": "weapon_molotov",
      "position": [47.963268280029, -16.039070129395, -23.179697036743],
      "viewangles": [-7.9035949707031, -125.30060577393],
      "grenade": {
        "run": 1,
        "recovery_jump": true,
        "jump": true
      }
    },
    {
      "name": ["Unnamed", "Short"],
      "description": "Right",
      "weapon": "weapon_molotov",
      "position": [182.56243896484, -1031.1444091797, -51.640098571777],
      "viewangles": [-9.1398363113403, 115.05120849609],
      "grenade": {
        "run": 2,
        "recovery_yaw": -132
      }
    },
    {
      "name": ["Unnamed", "Boost"],
      "weapon": "weapon_hegrenade",
      "position": [115.24488067627, -80.085418701172, -26.36496925354],
      "viewangles": [-45.940570831299, -133.22784423828],
      "grenade": {
        "run": 16,
        "jump": true
      }
    },
    {
      "name": ["Unnamed", "Pillar"],
      "weapon": "weapon_hegrenade",
      "position": [-302.02969360352, -17.170879364014, -31.96875],
      "viewangles": [0.33995419740677, -33.507587432861],
      "grenade": {
        "jump": true
      }
    },
    {
      "name": ["Unnamed", "Fountain"],
      "weapon": "weapon_hegrenade",
      "position": [215.08697509766, -182.15153503418, -18.044916152954],
      "viewangles": [14.89293384552, -116.9776763916],
      "grenade": {
        "run": 19,
        "recovery_jump": true,
        "run_yaw": 117,
        "jump": true
      }
    },
    {
      "name": ["Unnamed", "Droproom"],
      "weapon": "weapon_molotov",
      "position": [407.04641723633, -174.11463928223, -2.0612983703613],
      "viewangles": [2.2988564968109, -141.48251342773],
      "grenade": {
        "fov": 5.12,
        "run": 9,
        "recovery_jump": true,
        "recovery_yaw": -140,
        "jump": true
      }
    },
    {
      "name": ["Unnamed", "Rock"],
      "weapon": "weapon_molotov",
      "position": [-535.46350097656, -598.67071533203, -31.96875],
      "viewangles": [-49.782722473145, -105.80169677734]
    },
    {
      "name": ["Unnamed", "Fountain"],
      "weapon": "weapon_molotov",
      "position": [-0.38030415773392, -361.07305908203, -31.96875],
      "viewangles": [-13.805045127869, -90.694915771484],
      "grenade": {
        "run": 1
      }
    },
    {
      "name": ["Unnamed", "Chicken Coop"],
      "weapon": "weapon_molotov",
      "position": [-0.40507483482361, -361.08169555664, -31.96875],
      "viewangles": [-14.300045967102, -54.230102539063],
      "grenade": {
        "run": 1
      }
    },
    {
      "name": ["Long", "Fountain"],
      "weapon": "weapon_molotov",
      "position": [222.14195251465, -142.57273864746, -17.457427978516],
      "viewangles": [20.205753326416, -107.47257995605],
      "grenade": {
        "run": 14,
        "recovery_jump": true,
        "recovery_yaw": -150,
        "run_yaw": 90,
        "jump": true
      }
    },
    {
      "name": ["Unnamed", "Pillar"],
      "weapon": "weapon_molotov",
      "position": [-303.98025512695, -16.032447814941, -31.96875],
      "viewangles": [-0.47431749105453, -32.921752929688],
      "grenade": {
        "jump": true
      }
    },
    {
      "name": ["Long", "Boost"],
      "weapon": "weapon_molotov",
      "position": [-71.548553466797, -239.92819213867, -31.96875],
      "viewangles": [-16.336261749268, 98.030838012695],
      "grenade": {
        "run": 7,
        "jump": true
      }
    },
    {
      "name": ["Unnamed", "Rock"],
      "weapon": "weapon_molotov",
      "position": [47.977298736572, -16.017467498779, -23.177745819092],
      "viewangles": [-45.520210266113, -121.86239624023],
      "grenade": {
        "run": 26,
        "jump": true
      }
    },
    {
      "name": ["Unnamed", "Corner"],
      "weapon": "weapon_molotov",
      "position": [-113.95072937012, -63.840980529785, -31.968751907349],
      "viewangles": [0.5301970243454, -16.310924530029],
      "grenade": {
        "run": 17
      }
    },
    {
      "name": ["Unnamed", "Rock"],
      "weapon": "weapon_hegrenade",
      "position": [324.55969238281, -962.42596435547, -51.640083312988],
      "viewangles": [-7.8567934036255, -162.59494018555],
      "grenade": {
        "run": 1
      }
    },
    {
      "name": ["Unnamed", "Rock"],
      "weapon": "weapon_molotov",
      "position": [305.25015258789, -954.27551269531, -51.640083312988],
      "viewangles": [-11.42516040802, 177.63618469238],
      "grenade": {
        "run": 6,
        "recovery_yaw": 180,
        "run_yaw": 90
      }
    },
    {
      "name": ["Unnamed", "Fountain"],
      "weapon": "weapon_molotov",
      "position": [179.55534362793, -436.87176513672, -63.96875],
      "viewangles": [-45.487350463867, -82.030143737793],
      "grenade": {
        "strength": 0.5,
        "recovery_yaw": -90
      }
    },
    {
      "name": ["Unnamed", "Middle"],
      "description": "unsafe",
      "weapon": "weapon_hegrenade",
      "position": [-1830.697265625, -948.53143310547, 0.03125],
      "viewangles": [24.639995574951, 92.257926940918],
      "grenade": {
        "run": 16,
        "delay": 7,
        "run_yaw": 70,
        "jump": true
      }
    },
    {
      "name": ["Unnamed", "Middle"],
      "description": "unsafe",
      "weapon": "weapon_molotov",
      "position": [-1830.6950683594, -948.51507568359, 0.03125],
      "viewangles": [24.639995574951, 92.257926940918],
      "grenade": {
        "run": 16,
        "delay": 7,
        "run_yaw": 70,
        "jump": true
      }
    },
    {
      "name": ["Unnamed", "Three"],
      "description": "push",
      "weapon": "weapon_hegrenade",
      "position": [-1881.0350341797, -1604.576171875, 132.03125],
      "viewangles": [2.2792248725891, 130.45083618164],
      "grenade": {
        "run": 2
      }
    },
    {
      "name": ["Unnamed", "Three"],
      "weapon": "weapon_molotov",
      "position": [-1880.9645996094, -1604.5621337891, 132.03125],
      "viewangles": [-0.53677570819855, 129.60546875]
    },
    {
      "name": ["Unnamed", "Long"],
      "description": "push",
      "weapon": "weapon_molotov",
      "position": [-1877.6105957031, -1600.7672119141, 132.03125],
      "viewangles": [-12.31999874115, 145.98249816895],
      "grenade": {
        "run": 10,
        "run_yaw": -35
      }
    },
    {
      "name": ["Unnamed", "Long"],
      "description": "push",
      "weapon": "weapon_hegrenade",
      "position": [-1877.6575927734, -1600.7487792969, 132.03125],
      "viewangles": [-4.9940004348755, 148.22663879395],
      "grenade": {
        "run": 10,
        "run_yaw": -35
      }
    },
    {
      "name": ["Unnamed", "Plant"],
      "description": "Right",
      "weapon": "weapon_hegrenade",
      "position": [-1881.0550537109, -1604.5640869141, 132.03125],
      "viewangles": [-0.70418691635132, 127.50244140625],
      "grenade": {
        "run": 2
      }
    },
    {
      "name": ["Unnamed", "Plant"],
      "description": "Right",
      "weapon": "weapon_molotov",
      "position": [-1881.0500488281, -1604.5704345703, 132.03125],
      "viewangles": [-0.70418691635132, 127.50244140625],
      "grenade": {
        "run": 2
      }
    },
    {
      "name": ["Unnamed", "Plant"],
      "description": "Left",
      "weapon": "weapon_molotov",
      "position": [-1881.1921386719, -1604.3762207031, 132.03125],
      "viewangles": [1.4078130722046, 126.77645874023],
      "grenade": {
        "run": 1
      }
    },
    {
      "name": ["Unnamed", "Long"],
      "description": "push, unsafe",
      "weapon": "weapon_molotov",
      "position": [-1959.0489501953, -1223.9476318359, 0.03125],
      "viewangles": [-22.0221824646, 149.81034851074],
      "grenade": {
        "run": 7,
        "delay": 4,
        "run_yaw": -90,
        "jump": true
      }
    },
    {
      "name": ["Unnamed", "Long"],
      "description": "push, unsafe",
      "weapon": "weapon_hegrenade",
      "position": [-1959.0563964844, -1223.9431152344, 0.03125],
      "viewangles": [-22.0221824646, 149.81034851074],
      "grenade": {
        "run": 7,
        "delay": 4,
        "run_yaw": -90,
        "jump": true
      }
    },
    {
      "name": ["Unnamed", "Ramp"],
      "weapon": "weapon_molotov",
      "position": [-3298.7866210938, -304.12579345703, 0.03125],
      "viewangles": [-8.4301433563232, -25.970273971558],
      "grenade": {
        "strength": 0.5,
        "jump": true
      }
    },
    {
      "name": ["Unnamed", "Hutroom"],
      "description": "unsafe",
      "weapon": "weapon_molotov",
      "position": [-3305.0134277344, -317.9030456543, 0.03125],
      "viewangles": [0.30825442075729, -21.642948150635],
      "grenade": {
        "run": 11,
        "delay": 4,
        "run_yaw": -52,
        "jump": true
      }
    },
    {
      "name": ["Unnamed", "Coffins"],
      "description": "unsafe",
      "weapon": "weapon_hegrenade",
      "position": [-3304.9301757813, -317.85357666016, 0.03125],
      "viewangles": [5.8522577285767, -23.132362365723],
      "grenade": {
        "run": 10,
        "delay": 4,
        "run_yaw": -52,
        "jump": true
      }
    },
    {
      "name": ["Unnamed", "Pillar"],
      "weapon": "weapon_molotov",
      "position": [-1976.2800292969, -871.14465332031, -0.96875],
      "viewangles": [10.145860671997, 20.895950317383],
      "grenade": {
        "run": 10,
        "delay": 4,
        "run_yaw": -90,
        "jump": true
      }
    },
    {
      "name": ["Unnamed", "Pillar"],
      "weapon": "weapon_hegrenade",
      "position": [-1976.2797851563, -871.14453125, -0.96875],
      "viewangles": [10.145860671997, 20.895950317383],
      "grenade": {
        "run": 10,
        "delay": 4,
        "run_yaw": -90,
        "jump": true
      }
    },
    {
      "name": ["Unnamed", "Window \/ Pillar"],
      "weapon": "weapon_hegrenade",
      "position": [-2216.0393066406, -1180.2308349609, 1.8905258178711],
      "viewangles": [-15.261392593384, 29.359100341797],
      "grenade": {
        "run": 20,
        "recovery_jump": true,
        "recovery_yaw": -90
      }
    },
    {
      "name": ["Unnamed", "Pillar"],
      "weapon": "weapon_molotov",
      "position": [-2216.0451660156, -1180.2341308594, 1.8905258178711],
      "viewangles": [-15.261392593384, 29.359100341797],
      "grenade": {
        "run": 20,
        "recovery_jump": true,
        "recovery_yaw": -90
      }
    },
    {
      "name": ["Unnamed", "Under Fountain \/ Fountain"],
      "description": "Right",
      "weapon": "weapon_molotov",
      "position": [-113.9602355957, -63.840755462646, -31.96875],
      "viewangles": [-62.957481384277, -103.75380706787],
      "grenade": {
        "run": 25,
        "jump": true
      }
    },
    {
      "name": ["hall", "Rock"],
      "weapon": "weapon_hegrenade",
      "position": [422.99514770508, -386.4485168457, -83.292526245117],
      "viewangles": [-13.576200485229, -146.33085632324]
    },
    {
      "name": ["Pizza", "Long"],
      "weapon": "weapon_hegrenade",
      "position": [-134.03495788574, -827.53582763672, -113.18075561523],
      "viewangles": [-68.442588806152, 98.867568969727],
      "grenade": {
        "run": 30,
        "recovery_jump": true,
        "delay": 2,
        "recovery_yaw": 21,
        "jump": true
      }
    },
    {
      "name": ["Long", "Stairs \/ Boost"],
      "weapon": "weapon_molotov",
      "position": [47.968883514404, -16.031330108643, -23.180778503418],
      "viewangles": [-50.13451385498, -121.56796264648],
      "grenade": {
        "strength": 0.5,
        "run": 2,
        "recovery_jump": true,
        "delay": 19,
        "recovery_yaw": 0,
        "jump": true
      }
    },
    {
      "name": ["Unnamed", "Fountain"],
      "description": "Left",
      "weapon": "weapon_hegrenade",
      "position": [-491.14492797852, -897.15802001953, -112.4109954834],
      "viewangles": [-16.183151245117, -0.31843787431717],
      "grenade": {
        "run": 1
      },
      "duck": true
    },
    {
      "name": ["Unnamed", "Fountain"],
      "description": "Right",
      "weapon": "weapon_hegrenade",
      "position": [-487.52941894531, -912.96978759766, -114.03821563721],
      "viewangles": [-16.301963806152, -6.6808261871338],
      "duck": true
    },
    {
      "name": ["Unnamed", "Fountain"],
      "description": "Right",
      "weapon": "weapon_molotov",
      "position": [-487.55020141602, -913.36114501953, -114.08638763428],
      "viewangles": [-16.983999252319, -6.6940169334412],
      "duck": true
    },
    {
      "name": ["Unnamed", "Fountain"],
      "description": "Left",
      "weapon": "weapon_molotov",
      "position": [-491.1442565918, -897.15795898438, -112.41220092773],
      "viewangles": [-17.428356170654, -0.39763796329498],
      "duck": true
    },
    {
      "name": ["Unnamed", "Tunnels"],
      "weapon": "weapon_hegrenade",
      "position": [-757.48767089844, -721.3896484375, -31.96875],
      "viewangles": [-8.3827219009399, 91.759140014648],
      "grenade": {
        "run": 9,
        "delay": 12,
        "recovery_yaw": -90,
        "jump": true
      }
    },
    {
      "name": ["Unnamed", "Long"],
      "weapon": "weapon_hegrenade",
      "position": [126.13396453857, -760.65246582031, -91.96875],
      "viewangles": [-7.5239520072937, 54.585826873779],
      "grenade": {
        "run": 15
      }
    },
    {
      "name": ["Unnamed", "Droproom"],
      "description": "up",
      "weapon": "weapon_molotov",
      "position": [-613.34289550781, -674.79992675781, -31.96875],
      "viewangles": [-26.834075927734, 153.2938079834]
    },
    {
      "name": ["Unnamed", "Droproom"],
      "description": "up",
      "weapon": "weapon_hegrenade",
      "position": [-613.34100341797, -674.80596923828, -31.96875],
      "viewangles": [-30.279306411743, 153.37316894531],
      "grenade": {
        "run": 1,
        "recovery_yaw": 180
      }
    },
    {
      "name": ["Unnamed", "Stairs"],
      "weapon": "weapon_molotov",
      "position": [411.36727905273, -179.802734375, -1.6926612854004],
      "viewangles": [-13.848113059998, -137.59419250488]
    },
    {
      "name": ["Unnamed", "Long"],
      "weapon": "weapon_molotov",
      "position": [-521.91455078125, -585.52191162109, -31.96875],
      "viewangles": [-7.3627214431763, 18.892864227295],
      "grenade": {
        "run": 8
      }
    },
    {
      "name": ["A Down", "Door"],
      "weapon": "weapon_molotov",
      "position": [-2503.4201660156, 358.5012512207, -239.96875],
      "viewangles": [-27.230525970459, -64.823684692383],
      "grenade": {
        "run": 8,
        "recovery_yaw": -99
      }
    },
    {
      "name": ["Unnamed", "Stairs"],
      "weapon": "weapon_molotov",
      "position": [-464.07919311523, -960.99859619141, -120.00550842285],
      "viewangles": [-22.425611495972, 3.253812789917],
      "grenade": {
        "run": 10,
        "recovery_yaw": 180,
        "run_yaw": 90
      }
    },
    {
      "name": ["Unnamed", "Boost"],
      "weapon": "weapon_molotov",
      "position": [179.56076049805, -436.87731933594, -63.96875],
      "viewangles": [-13.030836105347, 154.54280090332]
    },
    {
      "name": ["Unnamed", "Stairs"],
      "weapon": "weapon_molotov",
      "position": [-229.85289001465, -687.55084228516, -61.96875],
      "viewangles": [-23.116851806641, 14.398857116699]
    },
    {
      "name": ["Unnamed", "Under Fountain"],
      "weapon": "weapon_molotov",
      "position": [222.10195922852, -142.49401855469, -17.46079826355],
      "viewangles": [15.233074188232, -121.37395477295],
      "grenade": {
        "run": 21,
        "recovery_jump": true,
        "run_yaw": 90,
        "jump": true
      }
    },
    {
      "name": ["Unnamed", "Rock"],
      "weapon": "weapon_molotov",
      "position": [281.55996704102, -76.841995239258, -12.505393981934],
      "viewangles": [-13.454936981201, -95.361526489258],
      "grenade": {
        "run": 38
      }
    },
    {
      "name": ["Unnamed", "Fountain"],
      "weapon": "weapon_molotov",
      "position": [281.54330444336, -76.859931945801, -12.506732940674],
      "viewangles": [-4.1269340515137, -90.644821166992]
    },
    {
      "name": ["Unnamed", "Under Fountain"],
      "weapon": "weapon_molotov",
      "position": [281.70886230469, -76.926956176758, -12.493169784546],
      "viewangles": [-9.7237424850464, -113.9825668335],
      "grenade": {
        "run": 2,
        "recovery_yaw": 180,
        "run_yaw": 90
      }
    },
    {
      "name": ["Unnamed", "Corner"],
      "weapon": "weapon_molotov",
      "position": [281.52914428711, -76.878814697266, -12.507991790771],
      "viewangles": [0.14078623056412, -95.268798828125],
      "grenade": {
        "run": 2
      }
    },
    {
      "name": ["Unnamed", "Rock"],
      "weapon": "weapon_molotov",
      "position": [407.07772827148, -174.13137817383, -2.0464630126953],
      "viewangles": [-5.2975778579712, -140.67710876465]
    },
    {
      "name": ["Unnamed", "Short"],
      "weapon": "weapon_molotov",
      "position": [281.533203125, -76.863525390625, -12.511278152466],
      "viewangles": [5.9840135574341, -35.71028137207]
    },
    {
      "name": ["Unnamed", "Chicken Coop"],
      "weapon": "weapon_molotov",
      "position": [222.14476013184, -142.57345581055, -17.456579208374],
      "viewangles": [-14.031620025635, -67.180442810059],
      "grenade": {
        "run": 10
      }
    },
    {
      "name": ["Unnamed", "Corner"],
      "weapon": "weapon_molotov",
      "position": [141.73631286621, -81.771102905273, -24.158485412598],
      "viewangles": [4.4965329170227, -23.674263000488],
      "grenade": {
        "run": 9,
        "recovery_jump": true,
        "recovery_yaw": 180
      }
    },
    {
      "name": ["Unnamed", "Fountain"],
      "weapon": "weapon_molotov",
      "position": [-158.4956817627, -22.509267807007, -31.968746185303],
      "viewangles": [-37.86450958252, -70.342643737793],
      "grenade": {
        "delay": 22,
        "jump": true
      }
    },
    {
      "name": ["Unnamed", "Stairs \/ Boost"],
      "weapon": "weapon_molotov",
      "position": [702.50921630859, -22.276372909546, 0.03125],
      "viewangles": [-0.23180311918259, -147.30702209473],
      "grenade": {
        "run": 10,
        "recovery_jump": true,
        "recovery_yaw": -90
      }
    },
    {
      "name": ["Unnamed", "Stairs"],
      "weapon": "weapon_molotov",
      "position": [-71.566566467285, -239.93757629395, -31.96875],
      "viewangles": [-1.5556488037109, 0.11082792282104],
      "grenade": {
        "run": 7
      }
    },
    {
      "name": ["Unnamed", "Short"],
      "weapon": "weapon_molotov",
      "position": [-71.509323120117, -239.91690063477, -31.96875],
      "viewangles": [-13.066019058228, 42.3508644104]
    },
    {
      "name": ["Unnamed", "Stairs"],
      "weapon": "weapon_molotov",
      "position": [-438.10610961914, -780.13287353516, -98.050384521484],
      "viewangles": [-25.03822517395, 15.698436737061]
    },
    {
      "name": ["Unnamed", "Long"],
      "weapon": "weapon_molotov",
      "position": [126.14286804199, -760.62854003906, -91.96875],
      "viewangles": [-7.5738253593445, 54.549201965332],
      "grenade": {
        "run": 9
      }
    },
    {
      "name": ["Unnamed", "Tunnels \/ Boxes"],
      "weapon": "weapon_molotov",
      "position": [493.86441040039, -386.44226074219, -77.399810791016],
      "viewangles": [-33.30152130127, 167.15553283691],
      "grenade": {
        "run": 6,
        "recovery_jump": true,
        "run_speed": true,
        "delay": 21,
        "recovery_yaw": 0,
        "run_yaw": 27,
        "jump": true
      }
    },
    {
      "name": ["Unnamed", "Fountain"],
      "weapon": "weapon_hegrenade",
      "position": [680.95397949219, -445.35424804688, -38.0143699646],
      "viewangles": [-6.232696056366, -133.51509094238]
    },
    {
      "name": ["Unnamed", "Under Fountain"],
      "weapon": "weapon_molotov",
      "position": [680.95391845703, -445.35482788086, -38.015975952148],
      "viewangles": [-15.859907150269, -129.39674377441],
      "grenade": {
        "run": 1,
        "run_speed": true
      }
    },
    {
      "name": ["Unnamed", "Fountain"],
      "weapon": "weapon_molotov",
      "position": [680.95532226563, -445.35354614258, -38.015975952148],
      "viewangles": [-8.4679088592529, -133.58551025391]
    },
    {
      "name": ["Unnamed", "Under Fountain"],
      "weapon": "weapon_hegrenade",
      "position": [680.97436523438, -445.33071899414, -38.000568389893],
      "viewangles": [-8.9606914520264, -130.45260620117]
    },
    {
      "name": ["Unnamed", "Boost \/ Stairs"],
      "weapon": "weapon_molotov",
      "position": [680.94671630859, -445.36874389648, -38.016277313232],
      "viewangles": [-13.747904777527, -178.48313903809]
    },
    {
      "name": ["Unnamed", "Stairs"],
      "weapon": "weapon_hegrenade",
      "position": [680.93536376953, -445.35433959961, -38.021858215332],
      "viewangles": [-10.667906761169, -176.72296142578]
    },
    {
      "name": ["Unnamed", "Boost"],
      "weapon": "weapon_hegrenade",
      "position": [680.94927978516, -445.35302734375, -38.021858215332],
      "viewangles": [-13.888717651367, -168.20516967773],
      "grenade": {
        "run": 1,
        "run_speed": true
      }
    },
    {
      "name": ["Unnamed", "Rock"],
      "weapon": "weapon_molotov",
      "position": [680.9619140625, -445.36868286133, -38.01851272583],
      "viewangles": [-14.751110076904, -156.25480651855]
    },
    {
      "name": ["Unnamed", "Tunnels"],
      "weapon": "weapon_molotov",
      "position": [692.96087646484, -447.98822021484, -39.119029998779],
      "viewangles": [-24.783103942871, 167.66516113281],
      "grenade": {
        "run": 7,
        "delay": 19,
        "jump": true
      }
    },
    {
      "name": ["Unnamed", "Tunnels"],
      "weapon": "weapon_molotov",
      "position": [-0.305434435606, -361.09698486328, -31.96875],
      "viewangles": [-37.824699401855, 113.72079467773],
      "grenade": {
        "run": 23,
        "run_yaw": 127,
        "jump": true
      }
    },
    {
      "name": ["Unnamed", "Fountain"],
      "weapon": "weapon_hegrenade",
      "position": [281.53881835938, -76.854217529297, -12.507181167603],
      "viewangles": [-8.4655084609985, -94.872543334961]
    },
    {
      "name": ["Unnamed", "Barrels"],
      "weapon": "weapon_molotov",
      "position": [-966.33892822266, 471.25598144531, 0.03125],
      "viewangles": [-15.443647384644, -71.486427307129],
      "grenade": {
        "run": 14
      }
    },
    {
      "name": ["Unnamed", "Stairs"],
      "description": "unsafe",
      "weapon": "weapon_molotov",
      "position": [-563.15936279297, -35.988227844238, 0.03125],
      "viewangles": [3.8811836242676, -3.0577301979065],
      "grenade": {
        "run": 10,
        "run_yaw": -113,
        "jump": true
      }
    },
    {
      "name": ["Unnamed", "Long"],
      "description": "unsafe",
      "weapon": "weapon_molotov",
      "position": [-563.24786376953, -34.773483276367, 0.03125],
      "viewangles": [14.573180198669, 4.1852521896362],
      "grenade": {
        "run": 11,
        "run_yaw": -113,
        "jump": true
      }
    },
    {
      "name": ["Unnamed", "Fountain"],
      "description": "safe",
      "weapon": "weapon_hegrenade",
      "position": [132.46047973633, -80.01439666748, -24.931484222412],
      "viewangles": [3.4851438999176, -102.94018554688],
      "grenade": {
        "run": 30,
        "recovery_jump": true,
        "recovery_yaw": 180,
        "run_yaw": 90
      }
    },
    {
      "name": ["Unnamed", "Long"],
      "description": "unsafe",
      "weapon": "weapon_hegrenade",
      "position": [-639.41162109375, -11.078112602234, 0.03125],
      "viewangles": [14.449403762817, 6.3191833496094],
      "grenade": {
        "run": 14,
        "run_yaw": -90,
        "jump": true
      }
    },
    {
      "name": ["Unnamed", "Dromroom"],
      "description": "UP",
      "weapon": "weapon_hegrenade",
      "position": [-641.4033203125, -30.936254501343, 0.03125],
      "viewangles": [-38.456153869629, 114.26531982422]
    },
    {
      "name": ["Unnamed", "Corner"],
      "weapon": "weapon_hegrenade",
      "position": [281.57446289063, -76.835571289063, -12.504264831543],
      "viewangles": [0.43100136518478, -95.337448120117],
      "grenade": {
        "run": 1
      }
    },
    {
      "name": ["Unnamed", "Short"],
      "weapon": "weapon_hegrenade",
      "position": [281.58016967773, -76.85082244873, -12.504425048828],
      "viewangles": [6.1333837509155, -35.54141998291]
    },
    {
      "name": ["Unnamed", "Under Fountain"],
      "weapon": "weapon_hegrenade",
      "position": [281.52465820313, -76.866691589355, -12.508472442627],
      "viewangles": [-6.2785320281982, -120.67840576172],
      "grenade": {
        "run": 7,
        "recovery_yaw": 180,
        "run_yaw": 90
      }
    },
    {
      "name": ["Unnamed", "Chicken Coop"],
      "description": "unsafe",
      "weapon": "weapon_hegrenade",
      "position": [216.57479858398, -165.92974853516, -17.924974441528],
      "viewangles": [12.016648292542, -97.710395812988],
      "grenade": {
        "run": 15,
        "run_yaw": 63,
        "jump": true
      }
    },
    {
      "name": ["Unnamed", "Corner"],
      "weapon": "weapon_hegrenade",
      "position": [132.35478210449, -80.011756896973, -24.940296173096],
      "viewangles": [4.2550382614136, -23.302082061768],
      "grenade": {
        "run": 18,
        "recovery_jump": true,
        "recovery_yaw": -90
      }
    },
    {
      "name": ["Unnamed", "Long"],
      "weapon": "weapon_molotov",
      "position": [-585.14971923828, -335.95166015625, -28.027164459229],
      "viewangles": [-10.025766372681, 23.865873336792],
      "grenade": {
        "run": 12,
        "recovery_jump": true,
        "recovery_yaw": -90,
        "run_yaw": 34
      }
    },
    {
      "name": ["Unnamed", "Barrels \/ Stairs"],
      "description": "anti-peek stairs",
      "weapon": "weapon_molotov",
      "position": [-588.29565429688, -320.92102050781, -30.660543441772],
      "viewangles": [13.536105155945, 15.23305606842],
      "grenade": {
        "run": 19,
        "recovery_yaw": -90,
        "jump": true
      }
    },
    {
      "name": ["Unnamed", "Boost"],
      "weapon": "weapon_molotov",
      "position": [-570.06066894531, -332.27130126953, -28.592069625854],
      "viewangles": [-18.935928344727, 56.377395629883],
      "grenade": {
        "run": 18,
        "jump": true
      }
    },
    {
      "name": ["Unnamed", "Long"],
      "weapon": "weapon_molotov",
      "position": [78.684875488281, -319.16540527344, -55.610340118408],
      "viewangles": [-4.2767434120178, 8.7059516906738]
    },
    {
      "name": ["Unnamed", "Barrels"],
      "weapon": "weapon_hegrenade",
      "position": [-935.01165771484, 502.80068969727, -0.96875],
      "viewangles": [-14.512542724609, -74.973335266113],
      "grenade": {
        "run": 7
      }
    },
    {
      "name": ["Unnamed", "Long"],
      "weapon": "weapon_molotov",
      "position": [-615.35772705078, -669.85992431641, -31.96875],
      "viewangles": [-3.3330700397491, 22.664072036743],
      "grenade": {
        "run": 20,
        "recovery_yaw": 180
      }
    },
    {
      "name": ["Unnamed", "Corner"],
      "weapon": "weapon_molotov",
      "position": [-688.77642822266, -726.4287109375, -31.96875],
      "viewangles": [-29.152387619019, 32.448852539063],
      "grenade": {
        "run": 1,
        "recovery_yaw": 180
      }
    },
    {
      "name": ["Unnamed", "Droproom"],
      "weapon": "weapon_molotov",
      "position": [305.28079223633, -954.27563476563, -51.640083312988],
      "viewangles": [-11.22715473175, 143.89700317383],
      "grenade": {
        "run": 1,
        "run_speed": true,
        "delay": 10,
        "jump": true
      },
      "duck": true
    },
    {
      "name": ["Unnamed", "Barrels"],
      "weapon": "weapon_hegrenade",
      "position": [180.7154083252, -1049.5971679688, -51.640098571777],
      "viewangles": [-8.9414978027344, 43.070266723633],
      "grenade": {
        "run": 15,
        "recovery_yaw": 111
      }
    },
    {
      "name": ["Unnamed", "Droproom"],
      "weapon": "weapon_hegrenade",
      "position": [324.57373046875, -962.44891357422, -51.640083312988],
      "viewangles": [-0.42750561237335, 148.64395141602],
      "grenade": {
        "run": 1,
        "delay": 11,
        "jump": true
      },
      "duck": true
    },
    {
      "name": ["Unnamed", "Door"],
      "weapon": "weapon_hegrenade",
      "position": [324.43307495117, -966.37634277344, -51.640083312988],
      "viewangles": [0.12690070271492, 177.98762512207],
      "grenade": {
        "run": 1,
        "delay": 11,
        "jump": true
      },
      "duck": true
    },
    {
      "name": ["Unnamed", "Door"],
      "weapon": "weapon_molotov",
      "position": [315.73583984375, -966.33709716797, -51.640087127686],
      "viewangles": [0.95852780342102, 177.70666503906],
      "grenade": {
        "run": 1,
        "delay": 11,
        "jump": true
      },
      "duck": true
    },
    {
      "name": ["Unnamed", "Chicken Coop"],
      "weapon": "weapon_hegrenade",
      "position": [126.1223526001, -760.66351318359, -91.96875],
      "viewangles": [-6.7924718856812, -46.475788116455],
      "grenade": {
        "run": 1,
        "recovery_jump": true,
        "recovery_yaw": -41
      }
    },
    {
      "name": ["Unnamed", "Droproom"],
      "weapon": "weapon_hegrenade",
      "position": [126.14797973633, -760.62329101563, -91.96875],
      "viewangles": [-25.998500823975, 168.66732788086],
      "grenade": {
        "strength": 0,
        "run": 10,
        "recovery_jump": true,
        "recovery_yaw": -41,
        "jump": true
      }
    },
    {
      "name": ["Unnamed", "Chicken Coop"],
      "weapon": "weapon_molotov",
      "position": [126.15544128418, -760.63909912109, -91.96875],
      "viewangles": [-7.0301012992859, -45.806484222412],
      "grenade": {
        "run": 10,
        "recovery_jump": true,
        "recovery_yaw": -41
      }
    },
    {
      "name": ["Unnamed", "Droproom"],
      "weapon": "weapon_molotov",
      "position": [126.13758087158, -760.60040283203, -91.96875],
      "viewangles": [-23.266096115112, 168.73928833008],
      "grenade": {
        "strength": 0,
        "run": 12,
        "recovery_jump": true,
        "recovery_yaw": -41,
        "jump": true
      }
    },
    {
      "name": ["Unnamed", "Chicken Coop"],
      "weapon": "weapon_hegrenade",
      "position": [-86.270797729492, -364.13891601563, -31.168460845947],
      "viewangles": [-9.4061117172241, -64.94010925293],
      "grenade": {
        "run": 3
      }
    },
    {
      "name": ["Unnamed", "Long"],
      "weapon": "weapon_hegrenade",
      "position": [-616.76770019531, -663.08660888672, -31.96875],
      "viewangles": [-7.0697722434998, 22.478713989258],
      "grenade": {
        "run": 3,
        "recovery_yaw": 180
      }
    },
    {
      "name": ["Unnamed", "Rock"],
      "weapon": "weapon_hegrenade",
      "position": [-616.78277587891, -663.12109375, -31.96875],
      "viewangles": [-0.93173909187317, 36.457584381104],
      "grenade": {
        "run": 15
      }
    }
  ]