[
    {
      "name": ["Unnamed", "CT Spawn"],
      "weapon": "weapon_molotov",
      "position": [550.62756347656, -1372.3238525391, 95.03125],
      "viewangles": [-21.436891555786, -40.757061004639]
    },
    {
      "name": ["Unnamed", "Pillar"],
      "weapon": "weapon_molotov",
      "position": [551.583984375, -831.20739746094, 80.635444641113],
      "viewangles": [1.2116985321045, -39.818523406982],
      "grenade": {
        "run": 22,
        "jump": true
      }
    },
    {
      "name": ["Side Alley", "Window \/ Box"],
      "description": "destroy widnow",
      "weapon": "weapon_molotov",
      "position": [373.27450561523, -683.08551025391, 32.03125],
      "viewangles": [0.088483691215515, -84.209648132324],
      "grenade": {
        "run": 30,
        "recovery_jump": true,
        "run_yaw": 90,
        "jump": true
      }
    },
    {
      "name": ["Side Alley", "Door"],
      "weapon": "weapon_molotov",
      "position": [373.79238891602, -682.306640625, 32.03125],
      "viewangles": [-0.47472083568573, -91.232055664063],
      "grenade": {
        "run": 32,
        "recovery_jump": true,
        "run_yaw": 90,
        "jump": true
      }
    },
    {
      "name": ["Side Alley", "Door"],
      "weapon": "weapon_molotov",
      "position": [829.86962890625, -709.13751220703, 32.03125],
      "viewangles": [-22.668169021606, -86.268783569336]
    },
    {
      "name": ["Unnamed", "Stairs"],
      "weapon": "weapon_molotov",
      "position": [1039.0198974609, -1674.1086425781, 206.03125],
      "viewangles": [-30.799360275269, -10.236848831177],
      "grenade": {
        "strength": 0.5,
        "run": 6,
        "run_speed": true
      }
    },
    {
      "name": ["Catwalk", "Stairs"],
      "weapon": "weapon_hegrenade",
      "position": [1038.9942626953, -1674.1304931641, 206.03125],
      "viewangles": [-9.8024797439575, -11.284834861755]
    },
    {
      "name": ["Courtyard", "Plant"],
      "description": "Back",
      "weapon": "weapon_molotov",
      "position": [633.55895996094, -1534.669921875, 253.03125],
      "viewangles": [2.0950655937195, 27.337341308594]
    },
    {
      "name": ["Unnamed", "Plant"],
      "description": "Back",
      "weapon": "weapon_molotov",
      "position": [1117.0244140625, -1867.8024902344, 206.03125],
      "viewangles": [16.808744430542, 59.922740936279],
      "grenade": {
        "strength": 0.5,
        "run": 3,
        "run_speed": true,
        "jump": true
      },
      "duck": true
    },
    {
      "name": ["Unnamed", "Plant"],
      "weapon": "weapon_hegrenade",
      "position": [1117.0484619141, -1867.7945556641, 206.03125],
      "viewangles": [1.4087462425232, 63.730480194092],
      "grenade": {
        "delay": 19,
        "jump": true
      }
    },
    {
      "name": ["T Main", "Plant"],
      "weapon": "weapon_molotov",
      "position": [1366.3525390625, -576.02056884766, 206.03125],
      "viewangles": [-49.930484771729, -79.47265625],
      "grenade": {
        "run": 8
      }
    },
    {
      "name": ["Plant", "Door"],
      "weapon": "weapon_molotov",
      "position": [1566.3216552734, -1040.8354492188, -23.96875],
      "viewangles": [-37.962516784668, -137.46423339844]
    },
    {
      "name": ["Unnamed", "Stairs"],
      "weapon": "weapon_molotov",
      "position": [1360.6799316406, -952.64593505859, -14.96875],
      "viewangles": [-28.872522354126, -74.166198730469]
    },
    {
      "name": ["Unnamed", "Balcony"],
      "weapon": "weapon_molotov",
      "position": [1416.0524902344, -1792.9979248047, 206.03125],
      "viewangles": [-9.5712022781372, 138.76637268066],
      "grenade": {
        "run": 5
      }
    },
    {
      "name": ["Unnamed", "Under Stairs"],
      "weapon": "weapon_molotov",
      "position": [1215.0560302734, -991.05364990234, -15.805727005005],
      "viewangles": [-17.126724243164, -22.206489562988]
    },
    {
      "name": ["Unnamed", "Pillar"],
      "weapon": "weapon_hegrenade",
      "position": [561.46813964844, -1098.5435791016, 95.03125],
      "viewangles": [-6.9362239837646, -40.175842285156],
      "grenade": {
        "run": 5,
        "delay": 11,
        "jump": true
      }
    },
    {
      "name": ["Unnamed", "Pillar"],
      "description": "unsafe",
      "weapon": "weapon_molotov",
      "position": [1366.4166259766, -576.06597900391, 206.03125],
      "viewangles": [13.107597351074, -112.01728057861],
      "grenade": {
        "run": 20,
        "run_yaw": 77,
        "jump": true
      }
    }
  ]