[
    {
      "name": ["Box", "Box 1-way"],
      "description": "FAKEDUCK",
      "weapon": "weapon_molotov",
      "position": [442.57968139648, 870.21655273438, 128.03125],
      "viewangles": [-16.114616394043, -97.57251739502]
    },
    {
      "name": ["Tuns", "A Site 1-Way"],
      "weapon": "weapon_molotov",
      "position": [599.56433105469, 870.26245117188, 96.0625],
      "viewangles": [3.9032151699066, -15.079132080078],
      "grenade": {
        "run": 5,
        "jump": true
      }
    },
    {
      "name": ["Arch Boost", "Barrels"],
      "weapon": "weapon_molotov",
      "position": [-437.86434936523, 300.18032836914, 72.0625],
      "viewangles": [2.902672290802, -65.874786376953],
      "grenade": {
        "run": 8,
        "jump": true
      }
    },
    {
      "name": ["Boost", "Barrels"],
      "weapon": "weapon_molotov",
      "position": [-525.28009033203, 500.412109375, 139.06243896484],
      "viewangles": [4.882839679718, -65.446830749512],
      "grenade": {
        "run": 18,
        "jump": true
      }
    },
    {
      "name": ["Ramp", "Up Down"],
      "weapon": "weapon_molotov",
      "position": [-564.94934082031, 638.80139160156, -110.81857299805],
      "viewangles": [4.8618664741516, 135.27728271484],
      "grenade": {
        "jump": true
      }
    },
    {
      "name": ["Arches", "Fakeduck"],
      "weapon": "weapon_hegrenade",
      "position": [-782.91180419922, 302.10180664063, 32.03125],
      "viewangles": [5.8072743415833, -21.462759017944],
      "grenade": {
        "run": 5,
        "jump": true
      }
    },
    {
      "name": ["Mid", "Fakeduck"],
      "weapon": "weapon_molotov",
      "position": [-548.83648681641, 510.94213867188, 67.031181335449],
      "viewangles": [-20.812528610229, -35.429000854492]
    },
    {
      "name": ["Mid", "Fakeduck"],
      "weapon": "weapon_hegrenade",
      "position": [-551.07867431641, 512.7490234375, 67.031181335449],
      "viewangles": [7.380352973938, -34.802043914795],
      "grenade": {
        "jump": true
      }
    },
    {
      "name": ["Mid", "Fakeduck"],
      "weapon": "weapon_hegrenade",
      "position": [-658.75897216797, 506.24136352539, 67.016830444336],
      "viewangles": [6.0494322776794, -32.916522979736],
      "grenade": {
        "run": 3,
        "jump": true
      }
    },
    {
      "name": ["Arches", "Bunnyhop Fakeduck"],
      "description": "SUICIDE",
      "weapon": "weapon_hegrenade",
      "position": [-362.39434814453, -81.951934814453, 0.03125],
      "viewangles": [-7.8655633926392, 22.113792419434],
      "grenade": {
        "run": 18,
        "recovery_yaw": 126,
        "run_yaw": -90
      }
    },
    {
      "name": ["Box", "Arches"],
      "description": "DOOR",
      "weapon": "weapon_molotov",
      "position": [686.96929931641, 900.322265625, 32.03125],
      "viewangles": [8.1871938705444, -162.79455566406],
      "grenade": {
        "run": 16,
        "recovery_yaw": -90,
        "jump": true
      }
    },
    {
      "name": ["Tunnels", "Arches"],
      "weapon": "weapon_molotov",
      "position": [748.96612548828, 841.93469238281, 9.0247764587402],
      "viewangles": [-21.036602020264, -156.41888427734],
      "grenade": {
        "run": 37
      }
    },
    {
      "name": ["A Site", "Barrels"],
      "weapon": "weapon_molotov",
      "position": [1628.19140625, 932.82232666016, 2.2863159179688],
      "viewangles": [5.116934299469, -167.66125488281],
      "grenade": {
        "run": 15,
        "recovery_yaw": -90,
        "jump": true
      }
    },
    {
      "name": ["here", "B[1]"],
      "description": "Fakeduck",
      "weapon": "weapon_hegrenade",
      "position": [656.63024902344, 805.45764160156, 8.03125],
      "viewangles": [-23.947103500366, -104.5454788208]
    },
    {
      "name": ["Back", "[CT]Barrels"],
      "weapon": "weapon_molotov",
      "position": [-735.783203125, -1261.0194091797, 0.03125],
      "viewangles": [-18.119138717651, -9.788200378418],
      "duck": true
    },
    {
      "name": ["mid", "Barrels"],
      "description": "Middle",
      "weapon": "weapon_molotov",
      "position": [-906.53594970703, 979.49560546875, 35.03125],
      "viewangles": [-6.0372409820557, -39.004264831543],
      "grenade": {
        "run": 1
      }
    },
    {
      "name": ["Palace Interior", "[A]Plant[1]"],
      "weapon": "weapon_hegrenade",
      "position": [1183.3605957031, 1249.1766357422, 32.03125],
      "viewangles": [-10.746043205261, -20.958274841309],
      "duck": true
    },
    {
      "name": ["Underpass", "[B][5]"],
      "description": "Fakeduck",
      "weapon": "weapon_molotov",
      "position": [-906.50537109375, 979.50946044922, 35.03125],
      "viewangles": [3.5883603096008, -42.978374481201],
      "grenade": {
        "run": 11,
        "jump": true
      }
    },
    {
      "name": ["Overpass", "[B][3]"],
      "description": "Fakeduck",
      "weapon": "weapon_hegrenade",
      "position": [-893.48413085938, 984.79425048828, 35.03125],
      "viewangles": [7.202344417572, -43.603282928467],
      "grenade": {
        "run": 20,
        "jump": true
      }
    },
    {
      "name": ["Back", "[A]Box[4]"],
      "weapon": "weapon_molotov",
      "position": [369.61911010742, -74.732788085938, 128.03125],
      "viewangles": [8.3991365432739, 18.474485397339],
      "grenade": {
        "run": 13,
        "jump": true
      }
    },
    {
      "name": ["Back Alleys", "[B][3]"],
      "description": "Fakeduck",
      "weapon": "weapon_molotov",
      "position": [-557.82568359375, 210.77198791504, 0.03125],
      "viewangles": [-5.7673482894897, -20.512269973755],
      "grenade": {
        "strength": 0.5,
        "run": 5,
        "jump": true
      }
    },
    {
      "name": ["Back", "[B][6]"],
      "description": "Fakeduck",
      "weapon": "weapon_molotov",
      "position": [536.78076171875, 812.84497070313, 128.03125],
      "viewangles": [-41.137424468994, -93.491630554199],
      "grenade": {
        "strength": 0.5,
        "run": 1
      }
    },
    {
      "name": ["Snipers Nest", "[B][2]"],
      "description": "Fakeduck",
      "weapon": "weapon_hegrenade",
      "position": [-886.57373046875, 292.92419433594, 32.03125],
      "viewangles": [5.8620181083679, -16.8134765625],
      "grenade": {
        "run": 12,
        "jump": true
      }
    },
    {
      "name": ["here", "[B][1]"],
      "description": "Fakeduck",
      "weapon": "weapon_molotov",
      "position": [563.07830810547, 874.93664550781, 129.03060913086],
      "viewangles": [-15.788867950439, -104.50703430176]
    },
    {
      "name": ["here", "[B][4]"],
      "description": "Fakeduck",
      "weapon": "weapon_molotov",
      "position": [-659.24011230469, 290.9206237793, 1.03125],
      "viewangles": [-24.322828292847, -22.243782043457]
    },
    {
      "name": ["Unnamed", "[B][9]"],
      "description": "Fakeduck",
      "weapon": "weapon_molotov",
      "position": [251.70715332031, 153.50942993164, 59.320114135742],
      "viewangles": [-5.9280624389648, -52.673503875732],
      "grenade": {
        "strength": 0,
        "fov": 5.12,
        "recovery_yaw": 0,
        "jump": true
      }
    },
    {
      "name": ["Unnamed", "[B] Boxes"],
      "weapon": "weapon_molotov",
      "position": [-281.84094238281, -154.01051330566, 0.03125],
      "viewangles": [3.6023519039154, -32.8284034729],
      "grenade": {
        "fov": 5.12,
        "run": 23,
        "recovery_yaw": -90,
        "jump": true
      }
    },
    {
      "name": ["Ramp", "[CT][2]"],
      "description": "Fakeduck",
      "weapon": "weapon_hegrenade",
      "position": [-758.72113037109, 786.70965576172, 36.03125],
      "viewangles": [7.8205275535583, -41.255672454834],
      "grenade": {
        "run": 15,
        "jump": true
      }
    },
    {
      "name": ["Ramp", "Barrels"],
      "weapon": "weapon_molotov",
      "position": [-318.39669799805, 634.10119628906, -36.063774108887],
      "viewangles": [-18.187553405762, -35.989849090576],
      "grenade": {
        "run": 7
      }
    },
    {
      "name": ["Ramp", "Tunnel"],
      "weapon": "weapon_molotov",
      "position": [-223.39918518066, 531.02197265625, -16.816974639893],
      "viewangles": [-13.178301811218, 22.96457862854],
      "grenade": {
        "run": 3
      }
    },
    {
      "name": ["Ramp", "Tunnel[2]"],
      "weapon": "weapon_hegrenade",
      "position": [-227.63909912109, 531.01525878906, -17.757427215576],
      "viewangles": [-13.178354263306, 23.428928375244],
      "grenade": {
        "run": 4
      }
    },
    {
      "name": ["here", "pit holder"],
      "weapon": "weapon_molotov",
      "position": [-1247.96875, 1154.4630126953, -184.49449157715],
      "viewangles": [-32.160461425781, -30.957191467285],
      "grenade": {
        "run": 1
      }
    },
    {
      "name": ["here", "Barrels[1]"],
      "weapon": "weapon_molotov",
      "position": [654.01019287109, 1008.4571533203, 33.03125],
      "viewangles": [-9.0280570983887, -120.85869598389],
      "grenade": {
        "run": 1
      }
    },
    {
      "name": ["here", "[CT][3]"],
      "description": "Fakeduck",
      "weapon": "weapon_molotov",
      "position": [-391.27145385742, 786.81726074219, 37.03125],
      "viewangles": [-21.001636505127, -53.710342407227]
    },
    {
      "name": ["here", "[CT][1]"],
      "description": "Fakeduck",
      "weapon": "weapon_hegrenade",
      "position": [-911.27862548828, 898.36340332031, 36.093811035156],
      "viewangles": [6.5889212608337, -40.6231980896],
      "grenade": {
        "run": 24,
        "jump": true
      }
    },
    {
      "name": ["here", "Tunnel[1]]"],
      "weapon": "weapon_hegrenade",
      "position": [-179.1764831543, 414.03912353516, 0.09381103515625],
      "viewangles": [-10.364782333374, 31.167345046997],
      "grenade": {
        "run": 5
      }
    },
    {
      "name": ["here", "[CT][1]"],
      "description": "Fakeduck",
      "weapon": "weapon_molotov",
      "position": [-1303.9683837891, 1095.9691162109, 32.093811035156],
      "viewangles": [1.756760025024, -36.840308380127],
      "grenade": {
        "run": 27,
        "recovery_jump": true,
        "recovery_yaw": -131,
        "jump": true
      }
    },
    {
      "name": ["Tunnel", "Terrace[2]"],
      "weapon": "weapon_molotov",
      "position": [-446.93411254883, 1393.6334228516, 32.03125],
      "viewangles": [-9.4049625396729, -15.200909614563],
      "grenade": {
        "run": 3
      }
    },
    {
      "name": ["Ramp", "Catwalk"],
      "description": "box",
      "weapon": "weapon_molotov",
      "position": [-607.52221679688, 753.40246582031, 36.03125],
      "viewangles": [-15.617055892944, 144.11106872559],
      "grenade": {
        "run": 1
      }
    },
    {
      "name": ["Street", "Catwalk"],
      "description": "short",
      "weapon": "weapon_molotov",
      "position": [748.97344970703, 858.025390625, 10.149593353271],
      "viewangles": [5.5215835571289, 179.96658325195],
      "grenade": {
        "run": 3,
        "jump": true
      }
    },
    {
      "name": ["Street", "Ramp"],
      "weapon": "weapon_molotov",
      "position": [748.97344970703, 858.025390625, 10.149593353271],
      "viewangles": [14.047797203064, -166.74058532715],
      "grenade": {
        "run": 3,
        "jump": true
      }
    },
    {
      "name": ["[CT][2]", "[CT]FD[2]"],
      "description": "Fakeduck",
      "weapon": "weapon_molotov",
      "position": [-901.66967773438, 882.26794433594, 35.03125],
      "viewangles": [6.0533866882324, -40.482410430908],
      "grenade": {
        "fov": 5.12,
        "run": 9,
        "jump": true
      }
    },
    {
      "name": ["fakeduck", "fakeduck"],
      "weapon": "weapon_molotov",
      "position": [594.14916992188, 896.09033203125, 33.03125],
      "viewangles": [-24.2879658, -105.855942]
    },
    {
      "name": ["fd", "fd"],
      "weapon": "weapon_hegrenade",
      "position": [293.14028930664, 237.60331726074, 7.1445503234863],
      "viewangles": [-32.813041687012, -140.19584655762],
      "grenade": {
        "run": 6
      }
    },
    {
      "name": ["Unnamed", "CT [FD]"],
      "weapon": "weapon_molotov",
      "position": [-907.26165771484, 925.32287597656, 35.03125],
      "viewangles": [6.1045541763306, -41.580799102783],
      "grenade": {
        "run": 9,
        "recovery_yaw": 107,
        "jump": true
      }
    },
    {
      "name": ["Unnamed", "Box [Far]"],
      "weapon": "weapon_molotov",
      "position": [607.01800537109, 1000.2520141602, 32.03125],
      "viewangles": [2.3645884990692, -96.966186523438],
      "grenade": {
        "run": 15,
        "jump": true
      }
    },
    {
      "name": ["Unnamed", "CT [FD]"],
      "weapon": "weapon_molotov",
      "position": [626.96606445313, 997.21978759766, 32.03125],
      "viewangles": [-25.9603099823, -103.29123687744]
    },
    {
      "name": ["Unnamed", "CT [FD]"],
      "weapon": "weapon_molotov",
      "position": [-801.55102539063, 273.56042480469, 32.03125],
      "viewangles": [3.574871301651, -19.226005554199],
      "grenade": {
        "run": 1,
        "run_yaw": 180,
        "jump": true
      }
    },
    {
      "name": ["Unnamed", "Box [Far]"],
      "weapon": "weapon_molotov",
      "position": [-607.76544189453, 287.87591552734, 0.03125],
      "viewangles": [-0.22011262178421, -49.676162719727],
      "grenade": {
        "run": 10,
        "run_speed": true,
        "jump": true
      }
    },
    {
      "name": ["Unnamed", "CT [FD]"],
      "weapon": "weapon_molotov",
      "position": [-196.38621520996, 569.94805908203, -12.010507583618],
      "viewangles": [-6.3407669067383, -48.76704788208],
      "grenade": {
        "strength": 0.5,
        "run": 2,
        "recovery_yaw": -107,
        "jump": true
      }
    },
    {
      "name": ["Unnamed", "CT [FD]"],
      "weapon": "weapon_hegrenade",
      "position": [656.92224121094, 990.24401855469, 32.03125],
      "viewangles": [3.5594725608826, -102.5372543335],
      "grenade": {
        "run": 1,
        "run_speed": true,
        "jump": true
      }
    },
    {
      "name": ["Unnamed", "Box [FD]"],
      "weapon": "weapon_molotov",
      "position": [1113.6652832031, 1324.7583007813, 32.03125],
      "viewangles": [8.894603729248, -27.602695465088],
      "grenade": {
        "run": 25,
        "recovery_yaw": -90,
        "jump": true
      }
    },
    {
      "name": ["Unnamed", "Box [FD]"],
      "weapon": "weapon_hegrenade",
      "position": [1220.8531494141, 1237.171875, 32.03125],
      "viewangles": [12.634645462036, -56.614410400391],
      "grenade": {
        "run": 17,
        "recovery_yaw": -139,
        "run_yaw": 76,
        "jump": true
      }
    },
    {
      "name": ["1w box on B", "1w box on B"],
      "weapon": "weapon_molotov",
      "position": [-762.19323730469, 203.03910827637, 33.03125],
      "viewangles": [-21.0293255, -15.9621477]
    },
    {
      "name": ["1w box", "1w box"],
      "weapon": "weapon_molotov",
      "position": [476.1169128418, 855.34722900391, 129.03125],
      "viewangles": [-9.093342, -15.8138847],
      "grenade": {
        "run": 22
      }
    },
    {
      "name": ["one-way", "Plant"],
      "weapon": "weapon_molotov",
      "position": [483.62048339844, 870.22436523438, 128.03125],
      "viewangles": [-14.9829054, -91.879]
    },
    {
      "name": ["Unnamed", "A box"],
      "weapon": "weapon_molotov",
      "position": [1026.4237060547, 1305.193359375, 32.03125],
      "viewangles": [-5.1269941329956, -19.887849807739],
      "grenade": {
        "run": 19
      }
    },
    {
      "name": ["Unnamed", "Tunnel"],
      "weapon": "weapon_hegrenade",
      "position": [1593.1716308594, 1072.0367431641, 0.26147842407227],
      "viewangles": [-13.17244052887, 153.43988037109],
      "grenade": {
        "run": 21,
        "recovery_jump": true,
        "recovery_yaw": 90
      }
    },
    {
      "name": ["Unnamed", "Tunnel"],
      "weapon": "weapon_molotov",
      "position": [1593.1824951172, 1072.0313720703, 0.26147842407227],
      "viewangles": [-13.17244052887, 153.43988037109],
      "grenade": {
        "run": 21,
        "recovery_jump": true,
        "recovery_yaw": 90
      }
    },
    {
      "name": ["Unnamed", "boost"],
      "weapon": "weapon_hegrenade",
      "position": [1454.1512451172, 818.36022949219, 3.2683868408203],
      "viewangles": [-23.890829086304, 175.7967376709],
      "grenade": {
        "run": 1,
        "recovery_jump": true,
        "delay": 21,
        "recovery_yaw": 90,
        "jump": true
      }
    },
    {
      "name": ["Unnamed", "boost"],
      "weapon": "weapon_molotov",
      "position": [1453.2612304688, 806.52899169922, 3.9283142089844],
      "viewangles": [-20.302631378174, 174.7716217041]
    },
    {
      "name": ["Unnamed", "Tunnel"],
      "weapon": "weapon_molotov",
      "position": [475.7038269043, -143.28500366211, 128.03125],
      "viewangles": [12.622547149658, 82.657707214355],
      "grenade": {
        "recovery_jump": true,
        "recovery_yaw": 90,
        "jump": true
      }
    },
    {
      "name": ["Unnamed", "Boost"],
      "weapon": "weapon_molotov",
      "position": [475.71447753906, -143.22451782227, 128.03125],
      "viewangles": [9.7427463531494, 86.619911193848],
      "grenade": {
        "recovery_jump": true,
        "recovery_yaw": 90,
        "jump": true
      }
    },
    {
      "name": ["Unnamed", "Boost"],
      "weapon": "weapon_hegrenade",
      "position": [475.60488891602, -143.19306945801, 128.03125],
      "viewangles": [13.792957305908, 82.719329833984],
      "grenade": {
        "run": 1,
        "recovery_jump": true,
        "run_speed": true,
        "recovery_yaw": 90,
        "jump": true
      }
    },
    {
      "name": ["Unnamed", "boost"],
      "weapon": "weapon_molotov",
      "position": [2299.5014648438, 376.54159545898, 0.068435668945313],
      "viewangles": [-0.067046195268631, 163.80328369141],
      "grenade": {
        "run": 14,
        "recovery_jump": true,
        "recovery_yaw": 90,
        "jump": true
      }
    },
    {
      "name": ["Unnamed", "boost"],
      "description": "predict",
      "weapon": "weapon_hegrenade",
      "position": [-116.47206878662, -243.4200592041, 8.8669204711914],
      "viewangles": [-14.609039306641, 58.049186706543],
      "grenade": {
        "run": 22
      }
    },
    {
      "name": ["Unnamed", "Tunnel"],
      "description": "predict",
      "weapon": "weapon_molotov",
      "position": [-116.4697265625, -243.41630554199, 8.8669204711914],
      "viewangles": [-14.609039306641, 58.049186706543],
      "grenade": {
        "run": 22
      }
    },
    {
      "name": ["Unnamed", "boost"],
      "weapon": "weapon_molotov",
      "position": [439.04022216797, -936.64056396484, 52.82746887207],
      "viewangles": [-21.935031890869, 84.185150146484],
      "grenade": {
        "run": 24
      }
    },
    {
      "name": ["Unnamed", "Tunnel"],
      "weapon": "weapon_molotov",
      "position": [44.031242370605, 23.193849563599, 0.34540176391602],
      "viewangles": [-12.299010276794, 57.344951629639],
      "grenade": {
        "run": 35
      }
    },
    {
      "name": ["Unnamed", "Tunnel"],
      "weapon": "weapon_hegrenade",
      "position": [44.031383514404, 23.194076538086, 0.34540176391602],
      "viewangles": [-12.299010276794, 57.344951629639],
      "grenade": {
        "run": 40
      }
    },
    {
      "name": ["Unnamed", "Tunnel"],
      "weapon": "weapon_molotov",
      "position": [2299.5068359375, 376.53918457031, 0.068401336669922],
      "viewangles": [-13.11200428009, 139.47750854492],
      "grenade": {
        "run": 10
      }
    },
    {
      "name": ["Unnamed", "box"],
      "weapon": "weapon_molotov",
      "position": [1621.4670410156, 1161.5478515625, 1.7259197235107],
      "viewangles": [-13.829714775085, -55.04536819458],
      "duck": true
    },
    {
      "name": ["Unnamed", "box"],
      "weapon": "weapon_hegrenade",
      "position": [1621.4508056641, 1161.3179931641, 1.7073307037354],
      "viewangles": [-13.543712615967, -54.319389343262],
      "grenade": {
        "run": 2
      },
      "duck": true
    },
    {
      "name": ["Unnamed", "A box"],
      "description": "FULL RIGHT SIDE \/ unsafe",
      "weapon": "weapon_molotov",
      "position": [1216.5535888672, 1236.4776611328, 32.03125],
      "viewangles": [-0.40359401702881, -19.678833007813],
      "grenade": {
        "run": 22
      }
    },
    {
      "name": ["Unnamed", "awp corner"],
      "weapon": "weapon_molotov",
      "position": [593.03125, 884.70239257813, 32.03125],
      "viewangles": [-60.18200302124, -6.6607298851013],
      "grenade": {
        "strength": 0.5,
        "run": 6,
        "delay": 22,
        "jump": true
      }
    },
    {
      "name": ["Unnamed", "A box"],
      "weapon": "weapon_molotov",
      "position": [562.80120849609, 874.96527099609, 128.03048706055],
      "viewangles": [-16.4811668396, -17.024879455566],
      "grenade": {
        "run": 6
      }
    },
    {
      "name": ["Unnamed", "Edge [FD]"],
      "weapon": "weapon_molotov",
      "position": [975.36773681641, 1266.3946533203, 32.03125],
      "viewangles": [-5.6648797988892, -11.430452346802],
      "grenade": {
        "run": 10
      }
    },
    {
      "name": ["Unnamed", "Barrels [UNSAFE]"],
      "weapon": "weapon_molotov",
      "position": [-743.97619628906, -1245.2370605469, 0.03125],
      "viewangles": [-11.78000831604, -16.014089584351],
      "grenade": {
        "run": 7,
        "recovery_yaw": 90
      }
    },
    {
      "name": ["Unnamed", "Tunnel [Push]"],
      "weapon": "weapon_hegrenade",
      "position": [394.96887207031, -140.22409057617, 128.03125],
      "viewangles": [9.9449977874756, 76.68968963623],
      "grenade": {
        "run": 7,
        "delay": 5,
        "jump": true
      }
    },
    {
      "name": ["Unnamed", "Wall [A]"],
      "weapon": "weapon_hegrenade",
      "position": [394.99502563477, -140.09381103516, 128.03125],
      "viewangles": [9.9448337554932, 46.70817565918],
      "grenade": {
        "run": 11,
        "delay": 5,
        "jump": true
      }
    },
    {
      "name": ["Unnamed", "Tunnel [Push]"],
      "weapon": "weapon_molotov",
      "position": [388.95648193359, -138.60668945313, 128.03125],
      "viewangles": [12.034832000732, 75.30354309082],
      "grenade": {
        "run": 1,
        "run_speed": true,
        "jump": true
      }
    },
    {
      "name": ["Unnamed", "Wall [A]"],
      "weapon": "weapon_molotov",
      "position": [388.99969482422, -138.55299377441, 128.03125],
      "viewangles": [-13.815223693848, 44.668979644775],
      "grenade": {
        "run": 6,
        "run_speed": true
      }
    },
    {
      "name": ["Unnamed", "Box [Far]"],
      "weapon": "weapon_molotov",
      "position": [500.30255126953, 841.88348388672, 128.03125],
      "viewangles": [-15.575401306152, -95.092582702637],
      "grenade": {
        "run": 6
      }
    },
    {
      "name": ["Unnamed", "CT [FD]"],
      "weapon": "weapon_hegrenade",
      "position": [517.62713623047, 838.26593017578, 128.03125],
      "viewangles": [-3.25541472435, -96.633666992188],
      "grenade": {
        "run": 1,
        "run_speed": true,
        "delay": 11,
        "run_yaw": 180,
        "jump": true
      }
    },
    {
      "name": ["Unnamed", "Box [FD]"],
      "description": "throw when the enemy has smoke in his hands",
      "weapon": "weapon_hegrenade",
      "position": [436.15194702148, 863.96612548828, 128.03125],
      "viewangles": [13.244479179382, -11.666398048401],
      "grenade": {
        "run": 49,
        "delay": 2,
        "jump": true
      }
    },
    {
      "name": ["Unnamed", "Ramp [FD]"],
      "weapon": "weapon_molotov",
      "position": [573.48150634766, 2165.1845703125, 0.03125],
      "viewangles": [-9.4599542617798, 91.754447937012],
      "grenade": {
        "run": 27
      }
    },
    {
      "name": ["Unnamed", "Wall [Far]"],
      "weapon": "weapon_molotov",
      "position": [485.1438293457, 2087.3232421875, 90.76815032959],
      "viewangles": [6.765082359314, 62.464839935303],
      "grenade": {
        "run": 12,
        "jump": true
      }
    },
    {
      "name": ["Unnamed", "T Start [FD]"],
      "weapon": "weapon_molotov",
      "position": [631.37268066406, 2503.9484863281, 1.8529434204102],
      "viewangles": [-11.384897232056, 73.602600097656],
      "grenade": {
        "run": 44
      }
    },
    {
      "name": ["Unnamed", "Back alleys"],
      "description": "unsafe",
      "weapon": "weapon_molotov",
      "position": [388.77334594727, -183.18391418457, 104.66711425781],
      "viewangles": [13.331998825073, 140.99188232422],
      "grenade": {
        "run": 22,
        "recovery_jump": true,
        "jump": true
      }
    },
    {
      "name": ["Unnamed", "Underpass FD \/ Overpass Corner"],
      "weapon": "weapon_molotov",
      "position": [388.74667358398, -183.11067199707, 104.66711425781],
      "viewangles": [10.232201576233, 141.00759887695],
      "grenade": {
        "run": 8,
        "recovery_jump": true,
        "jump": true
      }
    },
    {
      "name": ["Unnamed", "Wall"],
      "weapon": "weapon_molotov",
      "position": [395.2854309082, -196.31541442871, 104.66711425781],
      "viewangles": [7.5987958908081, 142.37619018555],
      "grenade": {
        "run": 30,
        "recovery_jump": true,
        "jump": true
      }
    },
    {
      "name": ["Unnamed", "Ramp"],
      "weapon": "weapon_molotov",
      "position": [388.93081665039, -138.64082336426, 128.03125],
      "viewangles": [-11.41801738739, 139.5471496582]
    },
    {
      "name": ["Unnamed", "R wall"],
      "weapon": "weapon_molotov",
      "position": [475.70602416992, -143.21740722656, 128.03125],
      "viewangles": [-13.340807914734, 135.03514099121],
      "grenade": {
        "run": 1,
        "run_speed": true
      }
    },
    {
      "name": ["Unnamed", "Back alleys"],
      "description": "unsafe",
      "weapon": "weapon_hegrenade",
      "position": [388.77389526367, -183.18435668945, 104.66711425781],
      "viewangles": [13.331998825073, 140.99188232422],
      "grenade": {
        "run": 22,
        "recovery_jump": true,
        "jump": true
      }
    },
    {
      "name": ["Unnamed", "Corner"],
      "description": "overpass",
      "weapon": "weapon_hegrenade",
      "position": [476.21115112305, -143.46893310547, 128.03125],
      "viewangles": [13.380388259888, 142.81837463379],
      "grenade": {
        "run": 19,
        "recovery_jump": true,
        "jump": true
      }
    },
    {
      "name": ["Unnamed", "R wall"],
      "weapon": "weapon_hegrenade",
      "position": [476.16473388672, -143.34939575195, 128.03125],
      "viewangles": [13.996391296387, 132.79335021973],
      "grenade": {
        "run": 6,
        "recovery_jump": true,
        "jump": true
      }
    },
    {
      "name": ["Unnamed", "Catwalk"],
      "description": "UNSAFE",
      "weapon": "weapon_hegrenade",
      "position": [12.147555351257, 317.12661743164, 46.376483917236],
      "viewangles": [15.441745758057, 164.53411865234],
      "grenade": {
        "run": 13,
        "recovery_jump": true,
        "delay": 1,
        "run_yaw": -90,
        "jump": true
      }
    },
    {
      "name": ["Unnamed", "Catwalk"],
      "description": "UNSAFE",
      "weapon": "weapon_molotov",
      "position": [12.042881965637, 316.68954467773, 46.376045227051],
      "viewangles": [15.091957092285, 164.45106506348],
      "grenade": {
        "run": 13,
        "recovery_jump": true,
        "delay": 1,
        "run_yaw": -90,
        "jump": true
      }
    }
  ]