[
    {
      "name": ["Window", " Box"],
      "description": "Fakeduck",
      "weapon": "weapon_molotov",
      "position": [-1198.0397949219, 2649.3359375, 99.528251647949],
      "viewangles": [10.527088165283, -168.07652282715],
      "grenade": {
        "recovery_yaw": 0,
        "jump": true
      }
    },
    {
      "name": ["Window", " Corner"],
      "description": "Fakeduck",
      "weapon": "weapon_molotov",
      "position": [-1225.2756347656, 2635.2180175781, 105.64240264893],
      "viewangles": [12.705063819885, -107.69763946533],
      "grenade": {
        "recovery_yaw": 0,
        "jump": true
      }
    },
    {
      "name": ["Window", "B Tunnels"],
      "description": "INSIDE",
      "weapon": "weapon_molotov",
      "position": [-1200.5126953125, 2676.1875, 100.72974395752],
      "viewangles": [10.890050888062, -132.52749633789],
      "grenade": {
        "jump": true
      }
    },
    {
      "name": ["Cat", "CT"],
      "weapon": "weapon_hegrenade",
      "position": [-69.084129333496, 1396.7203369141, 0.03125],
      "viewangles": [-11.430015563965, 146.76782226563],
      "grenade": {
        "run": 42
      }
    },
    {
      "name": ["Cat", "Cat Hold"],
      "weapon": "weapon_molotov",
      "position": [100.69637298584, 1360.03125, 0.03125],
      "viewangles": [-14.697137832642, 53.062999725342],
      "grenade": {
        "run": 1
      }
    },
    {
      "name": ["Cat", "Cat Hold"],
      "weapon": "weapon_hegrenade",
      "position": [102.31260681152, 1360.0706787109, 0.03125],
      "viewangles": [-16.633157730103, 54.272758483887]
    },
    {
      "name": ["A Site", "Pit"],
      "description": "Left",
      "weapon": "weapon_molotov",
      "position": [1056.8664550781, 2464.20703125, 175.59913635254],
      "viewangles": [13.858665466309, -74.570816040039],
      "grenade": {
        "run": 20,
        "jump": true
      }
    },
    {
      "name": ["A Site", "Pit"],
      "description": "Right",
      "weapon": "weapon_molotov",
      "position": [1191.4197998047, 2318.2395019531, 129.19812011719],
      "viewangles": [10.349623680115, -82.945037841797],
      "grenade": {
        "run": 7,
        "jump": true
      }
    },
    {
      "name": ["CT", "Cat"],
      "weapon": "weapon_molotov",
      "position": [505.70449829102, 2208.1403808594, -122.81745910645],
      "viewangles": [-50.754814147949, -135.99215698242],
      "grenade": {
        "run": 30,
        "run_yaw": 90
      }
    },
    {
      "name": ["CT", "Barrels"],
      "weapon": "weapon_molotov",
      "position": [-363.36001586914, 2379.1264648438, -101.15129852295],
      "viewangles": [2.2427694797516, -87.036956787109],
      "grenade": {
        "run": 20,
        "jump": true
      }
    },
    {
      "name": ["Cat", "Barrels"],
      "weapon": "weapon_molotov",
      "position": [52.300201416016, 1506.95703125, 0.03125],
      "viewangles": [11.559770584106, -129.50769042969],
      "grenade": {
        "run": 26,
        "recovery_yaw": 90,
        "jump": true
      }
    },
    {
      "name": ["Cat", "Barrels"],
      "weapon": "weapon_hegrenade",
      "position": [32.398303985596, 1509.8895263672, 0.03125],
      "viewangles": [10.349721908569, -125.41850280762],
      "grenade": {
        "run": 33,
        "recovery_yaw": 90,
        "jump": true
      }
    },
    {
      "name": ["Long", "Long Hold"],
      "weapon": "weapon_molotov",
      "position": [955.67370605469, 1196.0323486328, 45.709976196289],
      "viewangles": [5.1907362937927, -115.68352508545],
      "grenade": {
        "run": 11,
        "recovery_yaw": 0,
        "jump": true
      }
    },
    {
      "name": ["CT", "A Ramp"],
      "weapon": "weapon_molotov",
      "position": [417.5885925293, 2315.7036132813, -121.96875],
      "viewangles": [-26.676507949829, 32.077121734619],
      "grenade": {
        "run": 15,
        "run_yaw": -90
      }
    },
    {
      "name": ["CT", "A Site"],
      "weapon": "weapon_hegrenade",
      "position": [473.21615600586, 2282.740234375, -124.99073028564],
      "viewangles": [-23.409536361694, 9.4500207901001],
      "grenade": {
        "recovery_jump": true,
        "recovery_yaw": 90
      }
    },
    {
      "name": ["Long", "T Spawn"],
      "weapon": "weapon_molotov",
      "position": [349.74789428711, -321.49172973633, 6.2426776885986],
      "viewangles": [-3.3236994743347, -140.40139770508],
      "grenade": {
        "run": 30,
        "recovery_yaw": -90,
        "jump": true
      }
    },
    {
      "name": ["T Spawn", "T Ramp"],
      "weapon": "weapon_molotov",
      "position": [-566.00317382813, -803.47528076172, 133.72590637207],
      "viewangles": [8.2929668426514, 166.18765258789],
      "grenade": {
        "run": 38,
        "recovery_yaw": 90,
        "jump": true
      }
    },
    {
      "name": ["T Spawn", "Long"],
      "weapon": "weapon_molotov",
      "position": [-216.62852478027, -898.70581054688, 69.537315368652],
      "viewangles": [12.648965835571, 54.140949249268],
      "grenade": {
        "run": 32,
        "recovery_yaw": 90,
        "jump": true
      }
    },
    {
      "name": ["T Spawn", "Long"],
      "weapon": "weapon_hegrenade",
      "position": [-167.07595825195, -831.26245117188, 47.559600830078],
      "viewangles": [-9.7360429763794, 54.140762329102],
      "grenade": {
        "run": 55
      }
    },
    {
      "name": ["Mid", "2X Box"],
      "weapon": "weapon_molotov",
      "position": [-27.455633163452, 384.36471557617, 2.2131328582764],
      "viewangles": [-16.512058258057, 127.95043945313],
      "grenade": {
        "run": 13
      }
    },
    {
      "name": ["Mid", "Doublestack Box"],
      "weapon": "weapon_hegrenade",
      "position": [-15.904658317566, 379.52966308594, 2.3275218009949],
      "viewangles": [7.5669403076172, 128.79695129395],
      "grenade": {
        "run": 27,
        "jump": true
      }
    },
    {
      "name": ["Mid", "B Doors"],
      "weapon": "weapon_molotov",
      "position": [-422.02960205078, 1851.2630615234, -126.9089050293],
      "viewangles": [2.9689099788666, 127.15068817139],
      "grenade": {
        "run": 20,
        "recovery_yaw": 24,
        "jump": true
      }
    },
    {
      "name": ["here", "awp corner"],
      "weapon": "weapon_hegrenade",
      "position": [-274.28857421875, 1324.2557373047, -93.45906829834],
      "viewangles": [-3.7704267501831, 117.04187011719],
      "grenade": {
        "run": 1
      }
    },
    {
      "name": ["here", "awp corner"],
      "weapon": "weapon_molotov",
      "position": [-230.57165527344, 1165.1876220703, 33.03125],
      "viewangles": [-6.5489940643311, 131.34448242188],
      "grenade": {
        "run": 4
      }
    },
    {
      "name": ["here", "best-he"],
      "description": "CT",
      "weapon": "weapon_hegrenade",
      "position": [-117.9839630127, 1330.4945068359, 0.03125],
      "viewangles": [-8.363410949707, 139.78979492188],
      "grenade": {
        "fov": 5.12,
        "run": 34
      }
    },
    {
      "name": ["here", "awp corner"],
      "weapon": "weapon_molotov",
      "position": [-274.28857421875, 1324.2557373047, -93.45906829834],
      "viewangles": [-3.7704267501831, 117.04187011719],
      "grenade": {
        "run": 1
      }
    },
    {
      "name": ["here", "boost"],
      "weapon": "weapon_molotov",
      "position": [-403.12225341797, 1749.4761962891, -125.68807983398],
      "viewangles": [2.9769704341888, 66.358924865723],
      "grenade": {
        "run": 6
      }
    },
    {
      "name": ["here", "site"],
      "weapon": "weapon_molotov",
      "position": [278.50939941406, 1715.7073974609, 64.838195800781],
      "viewangles": [-18.258594512939, 55.427165985107],
      "grenade": {
        "run": 26
      }
    },
    {
      "name": ["here", "CT "],
      "description": "NOT FULL BUT SAFE FOR SHORT",
      "weapon": "weapon_molotov",
      "position": [-153.47396850586, 1184.1098632813, 1.0938110351563],
      "viewangles": [-7.2232656478882, 132.12269592285],
      "grenade": {
        "run": 10
      }
    },
    {
      "name": ["here", "Dance"],
      "weapon": "weapon_molotov",
      "position": [-844.18487548828, 2494.7033691406, -41.142288208008],
      "viewangles": [-26.852394104004, 159.607421875]
    },
    {
      "name": ["Unnamed", "Pit"],
      "description": "Fakeduck",
      "weapon": "weapon_molotov",
      "position": [528.04461669922, 476.21224975586, 5.0155792236328],
      "viewangles": [-67.465278625488, 9.5317134857178],
      "grenade": {
        "fov": 5.12,
        "run": 20,
        "jump": true
      }
    },
    {
      "name": ["Unnamed", "Car"],
      "weapon": "weapon_molotov",
      "position": [-1194.0562744141, 2681.3173828125, 100.83038330078],
      "viewangles": [-17.441722869873, -112.77203369141],
      "grenade": {
        "fov": 5.12
      }
    },
    {
      "name": ["Unnamed", "Tunnel"],
      "description": "fd\/door",
      "weapon": "weapon_molotov",
      "position": [-1194.0562744141, 2681.3173828125, 100.83038330078],
      "viewangles": [9.6446075439453, -127.56936645508],
      "grenade": {
        "fov": 5.12,
        "jump": true
      }
    },
    {
      "name": ["Unnamed", "FD Box"],
      "weapon": "weapon_molotov",
      "position": [-923.76330566406, 2458.6530761719, -11.860771179199],
      "viewangles": [-23.085010528564, -173.58312988281],
      "grenade": {
        "strength": 0,
        "fov": 5.12,
        "run": 17,
        "jump": true
      }
    },
    {
      "name": ["Unnamed", "Ramp"],
      "weapon": "weapon_molotov",
      "position": [327.83749389648, 1839.1379394531, 96.03125],
      "viewangles": [7.0227375030518, 52.733814239502],
      "grenade": {
        "fov": 5.12,
        "run": 26,
        "jump": true
      }
    },
    {
      "name": ["door", "door"],
      "weapon": "weapon_molotov",
      "position": [-149.87030029297, 2151.65625, -123.76800537109],
      "viewangles": [-9.503995, -142.388031],
      "grenade": {
        "run": 22
      }
    },
    {
      "name": ["door", "door"],
      "weapon": "weapon_hegrenade",
      "position": [-196.94831848145, 2107.8972167969, -123.28643798828],
      "viewangles": [-7.92000246, -144.120483],
      "grenade": {
        "run": 12
      }
    },
    {
      "name": ["||", "||"],
      "weapon": "weapon_molotov",
      "position": [-214.71342468262, 2011.0095214844, -120.78368377686],
      "viewangles": [-10.1200018, -157.232529]
    },
    {
      "name": ["ct", "ct"],
      "weapon": "weapon_molotov",
      "position": [-281.50994873047, 1272.0556640625, -84.594573974609],
      "viewangles": [-30.6239986, 126.30349],
      "grenade": {
        "run": 13
      }
    },
    {
      "name": ["CT spawn", "CT spawn"],
      "weapon": "weapon_molotov",
      "position": [-1448.4481201172, 2623.4326171875, 108.09381103516],
      "viewangles": [12.6720276, -23.02444],
      "grenade": {
        "jump": true
      }
    },
    {
      "name": ["fd", "fd"],
      "weapon": "weapon_molotov",
      "position": [-2031.919921875, 1708.0871582031, 32.03125],
      "viewangles": [-18.083915710449, 39.829685211182],
      "grenade": {
        "run": 1
      }
    },
    {
      "name": ["Unnamed", "door"],
      "weapon": "weapon_molotov",
      "position": [1129.5760498047, 751.39312744141, 2.5945053100586],
      "viewangles": [-66.924179077148, -163.10763549805],
      "grenade": {
        "run": 8,
        "jump": true
      }
    },
    {
      "name": ["Unnamed", "L door"],
      "weapon": "weapon_molotov",
      "position": [1129.5612792969, 751.38293457031, 2.5943984985352],
      "viewangles": [-67.254180908203, -140.66763305664],
      "grenade": {
        "run": 12,
        "jump": true
      }
    },
    {
      "name": ["Unnamed", "AWP HOLD"],
      "weapon": "weapon_molotov",
      "position": [1187.0302734375, 1158.5250244141, 1.1834182739258],
      "viewangles": [-3.5641133785248, -122.58209228516],
      "grenade": {
        "run": 15,
        "delay": 4,
        "recovery_yaw": 90,
        "jump": true
      }
    },
    {
      "name": ["Unnamed", "Long"],
      "description": "HOLD",
      "weapon": "weapon_molotov",
      "position": [159.35992431641, -303.4963684082, 58.856948852539],
      "viewangles": [0.19787739217281, 53.885391235352],
      "grenade": {
        "run": 14,
        "recovery_jump": true,
        "delay": 5,
        "recovery_yaw": -90,
        "jump": true
      }
    },
    {
      "name": ["Unnamed", "CT [BOX]"],
      "weapon": "weapon_molotov",
      "position": [-139.12336730957, 1317.8345947266, 0.03125],
      "viewangles": [-11.540273666382, 138.45469665527],
      "grenade": {
        "run": 22
      }
    },
    {
      "name": ["Unnamed", "Barrels"],
      "weapon": "weapon_molotov",
      "position": [346.2412109375, 1816.8452148438, 96.03125],
      "viewangles": [-21.716333389282, 55.092926025391],
      "grenade": {
        "run": 15
      }
    },
    {
      "name": ["Unnamed", "Box"],
      "weapon": "weapon_hegrenade",
      "position": [325.12936401367, 1784.4484863281, 96.03125],
      "viewangles": [12.329164505005, 55.178550720215],
      "grenade": {
        "run": 26,
        "delay": 1,
        "jump": true
      }
    },
    {
      "name": ["Unnamed", "Box [Plant]"],
      "weapon": "weapon_molotov",
      "position": [-1992.7528076172, 1541.3583984375, 32.03125],
      "viewangles": [-7.4531517028809, 73.118927001953],
      "grenade": {
        "run": 7,
        "run_yaw": 8
      }
    },
    {
      "name": ["Unnamed", "Box [FD]"],
      "description": "Unsafe",
      "weapon": "weapon_molotov",
      "position": [-1868.2844238281, 1234.2216796875, 32.03125],
      "viewangles": [-12.623867988586, 85.536712646484],
      "grenade": {
        "run": 30,
        "recovery_jump": true,
        "recovery_yaw": -90,
        "run_yaw": 36
      }
    },
    {
      "name": ["Unnamed", "FD"],
      "description": "UNSAFE",
      "weapon": "weapon_molotov",
      "position": [-664.76110839844, -726.06518554688, 137.42237854004],
      "viewangles": [9.6263742446899, 154.95365905762],
      "grenade": {
        "run": 35,
        "recovery_jump": true,
        "recovery_yaw": -90,
        "run_yaw": 37,
        "jump": true
      }
    },
    {
      "name": ["tunnel", "Window"],
      "description": "unsafe",
      "weapon": "weapon_molotov",
      "position": [-1975.7850341797, 1651.2313232422, 32.03125],
      "viewangles": [6.325119972229, 36.828811645508],
      "grenade": {
        "run": 20,
        "run_yaw": 71,
        "jump": true
      }
    },
    {
      "name": ["middle", "Car [FD]"],
      "weapon": "weapon_molotov",
      "position": [-861.46673583984, 2449.0358886719, -47.860774993896],
      "viewangles": [0.60509639978409, -141.04472351074],
      "grenade": {
        "jump": true
      }
    },
    {
      "name": ["Unnamed", "Barrels [Boost]"],
      "weapon": "weapon_molotov",
      "position": [973.58795166016, 1199.958984375, 40.139228820801],
      "viewangles": [3.3000705242157, -108.3046875],
      "grenade": {
        "run": 17,
        "jump": true
      }
    },
    {
      "name": ["Unnamed", "Bombsite B"],
      "weapon": "weapon_molotov",
      "position": [-210.33000183105, 2000.0296630859, -121.46051025391],
      "viewangles": [-24.859977722168, 147.55307006836],
      "grenade": {
        "run": 16
      }
    },
    {
      "name": ["Unnamed", "Bombsite A"],
      "weapon": "weapon_molotov",
      "position": [450.80752563477, 2309.4060058594, -121.96875],
      "viewangles": [-13.246253967285, -42.65548324585],
      "grenade": {
        "run": 11,
        "recovery_jump": true,
        "recovery_yaw": 161,
        "jump": true
      }
    },
    {
      "name": ["Unnamed", "Backsite B"],
      "weapon": "weapon_molotov",
      "position": [-354.15203857422, 1961.9578857422, -127.01149749756],
      "viewangles": [-5.1604170799255, 148.95352172852],
      "grenade": {
        "run": 16,
        "recovery_jump": true,
        "jump": true
      }
    },
    {
      "name": ["Unnamed", "Short"],
      "weapon": "weapon_molotov",
      "position": [-193.03935241699, 2099.2705078125, -124.20525360107],
      "viewangles": [-7.085259437561, -137.02723693848],
      "grenade": {
        "run": 12,
        "recovery_jump": true,
        "jump": true
      }
    },
    {
      "name": ["Unnamed", "Short"],
      "description": "unsafe",
      "weapon": "weapon_hegrenade",
      "position": [-193.01258850098, 2099.1831054688, -124.20288085938],
      "viewangles": [-5.1849589347839, -136.9432220459],
      "grenade": {
        "run": 31,
        "recovery_jump": true,
        "jump": true
      }
    },
    {
      "name": ["Unnamed", "Barrels"],
      "description": "unsafe",
      "weapon": "weapon_molotov",
      "position": [-711.708984375, 2391.8474121094, -99.536598205566],
      "viewangles": [-1.7454771995544, -69.963043212891],
      "grenade": {
        "run": 32,
        "recovery_yaw": -90,
        "jump": true
      }
    },
    {
      "name": ["Unnamed", "Ramp"],
      "description": "UNSAFE",
      "weapon": "weapon_molotov",
      "position": [396.43780517578, 2285.4790039063, -127.57847595215],
      "viewangles": [-0.53678274154663, 2.7319481372833],
      "grenade": {
        "run": 20,
        "recovery_jump": true,
        "recovery_yaw": 150,
        "jump": true
      }
    },
    {
      "name": ["Unnamed", "Ramp"],
      "description": "UNSAFE",
      "weapon": "weapon_hegrenade",
      "position": [455.78552246094, 2284.0485839844, -125.63163757324],
      "viewangles": [-2.1713783740997, 2.6197538375854],
      "grenade": {
        "strength": 0.5,
        "run": 7,
        "recovery_jump": true,
        "recovery_yaw": 150,
        "jump": true
      }
    },
    {
      "name": ["Unnamed", "Pre-Short"],
      "weapon": "weapon_molotov",
      "position": [-607.97503662109, 1895.4552001953, -120.19564819336],
      "viewangles": [-10.472014427185, -48.335247039795],
      "grenade": {
        "strength": 0.5,
        "run": 7,
        "recovery_jump": true,
        "recovery_yaw": 90,
        "jump": true
      }
    },
    {
      "name": ["Unnamed", "Pre-Short"],
      "weapon": "weapon_hegrenade",
      "position": [-607.80780029297, 1865.7053222656, -118.0690612793],
      "viewangles": [-12.289222717285, -46.399242401123],
      "grenade": {
        "run": 1,
        "recovery_jump": true,
        "run_speed": true,
        "recovery_yaw": 90
      }
    },
    {
      "name": ["Unnamed", "Top of mid"],
      "description": "unsafe",
      "weapon": "weapon_molotov",
      "position": [-10.089905738831, 1499.9814453125, 0.03125],
      "viewangles": [2.3847827911377, -90.850128173828],
      "grenade": {
        "run": 14,
        "recovery_jump": true,
        "run_yaw": -90,
        "jump": true
      }
    },
    {
      "name": ["Unnamed", "Stairs FD"],
      "description": "unsafe",
      "weapon": "weapon_molotov",
      "position": [-1995.1774902344, 1502.9426269531, 32.03125],
      "viewangles": [18.149982452393, -4.4929871559143],
      "grenade": {
        "run": 20,
        "recovery_jump": true,
        "run_yaw": -90,
        "jump": true
      }
    },
    {
      "name": ["Unnamed", "Stairs FD"],
      "description": "unsafe",
      "weapon": "weapon_hegrenade",
      "position": [-1995.1774902344, 1502.9426269531, 32.03125],
      "viewangles": [18.149982452393, -4.4929871559143],
      "grenade": {
        "run": 20,
        "recovery_jump": true,
        "run_yaw": -90,
        "jump": true
      }
    },
    {
      "name": ["Unnamed", "Tunnel"],
      "weapon": "weapon_hegrenade",
      "position": [-1212.349609375, 2685.5476074219, 105.59997558594],
      "viewangles": [9.814208984375, -129.74610900879],
      "grenade": {
        "run": 3,
        "recovery_jump": true,
        "run_speed": true,
        "delay": 4,
        "recovery_yaw": 90,
        "jump": true
      }
    },
    {
      "name": ["Unnamed", "Tunnel"],
      "weapon": "weapon_hegrenade",
      "position": [220.95745849609, -405.40319824219, 9.5586853027344],
      "viewangles": [-6.892596244812, -152.60882568359],
      "grenade": {
        "run": 1,
        "recovery_jump": true,
        "recovery_yaw": -90
      }
    },
    {
      "name": ["Unnamed", "Tunnel"],
      "weapon": "weapon_molotov",
      "position": [220.9617767334, -405.40097045898, 9.5586853027344],
      "viewangles": [-6.892596244812, -152.60882568359],
      "grenade": {
        "run": 1,
        "recovery_jump": true,
        "recovery_yaw": -90
      }
    },
    {
      "name": ["Unnamed", "Top of mid (R)"],
      "description": "unsafe",
      "weapon": "weapon_molotov",
      "position": [-607.09429931641, 1467.8270263672, -111.96875],
      "viewangles": [-12.814986228943, -44.752956390381],
      "grenade": {
        "run": 24,
        "recovery_jump": true,
        "jump": true
      }
    },
    {
      "name": ["Catwalk", "Short"],
      "weapon": "weapon_molotov",
      "position": [-256.50036621094, 589.77630615234, 11.873569488525],
      "viewangles": [1.7494112253189, 83.736572265625],
      "grenade": {
        "run": 24,
        "jump": true
      }
    },
    {
      "name": ["Unnamed", "FD"],
      "description": "UNSAFE",
      "weapon": "weapon_hegrenade",
      "position": [-719.06616210938, -693.98168945313, 138.6533203125],
      "viewangles": [13.586374282837, 141.35775756836],
      "grenade": {
        "run": 26,
        "recovery_jump": true,
        "recovery_yaw": -90,
        "run_yaw": 90,
        "jump": true
      }
    },
    {
      "name": ["Unnamed", "Long Door"],
      "weapon": "weapon_molotov",
      "position": [406.92498779297, 1840.6833496094, 96.03125],
      "viewangles": [-49.59449005127, -75.807884216309],
      "grenade": {
        "run": 21,
        "jump": true
      }
    },
    {
      "name": ["Unnamed", "Short UP"],
      "description": "Semi FD",
      "weapon": "weapon_molotov",
      "position": [570.90069580078, 1006.2520141602, 4.7071952819824],
      "viewangles": [-54.023181915283, 96.079002380371],
      "grenade": {
        "run": 20,
        "jump": true
      }
    },
    {
      "name": ["Unnamed", "Short Down"],
      "weapon": "weapon_molotov",
      "position": [590.21850585938, 985.81494140625, 5.1343536376953],
      "viewangles": [-78.374977111816, 114.36092376709],
      "grenade": {
        "run": 17,
        "jump": true
      }
    },
    {
      "name": ["Unnamed", "Short"],
      "weapon": "weapon_molotov",
      "position": [633.99542236328, 844.89007568359, 7.4089660644531],
      "viewangles": [-66.730278015137, 131.37788391113],
      "grenade": {
        "run": 21,
        "jump": true
      }
    },
    {
      "name": ["Unnamed", "Gusse"],
      "weapon": "weapon_molotov",
      "position": [278.57116699219, 1715.7930908203, 63.890205383301],
      "viewangles": [-26.765064239502, 55.334754943848],
      "grenade": {
        "run": 1
      }
    },
    {
      "name": ["Unnamed", "Boxes"],
      "weapon": "weapon_molotov",
      "position": [-1552.9215087891, 1983.3905029297, 1.6851043701172],
      "viewangles": [14.849999427795, 55.613834381104],
      "grenade": {
        "run": 20,
        "recovery_jump": true,
        "jump": true
      }
    },
    {
      "name": ["Unnamed", "Mid"],
      "description": "push",
      "weapon": "weapon_hegrenade",
      "position": [-1453.1237792969, 2642.115234375, 107.03125],
      "viewangles": [10.458766937256, -32.41259765625],
      "grenade": {
        "recovery_jump": true,
        "delay": 10,
        "jump": true
      }
    },
    {
      "name": ["Unnamed", "CT"],
      "description": "push",
      "weapon": "weapon_hegrenade",
      "position": [-1452.9959716797, 2642.0900878906, 107.03125],
      "viewangles": [13.758772850037, -23.339742660522],
      "grenade": {
        "recovery_jump": true,
        "delay": 5,
        "jump": true
      }
    },
    {
      "name": ["Unnamed", "Dance"],
      "weapon": "weapon_hegrenade",
      "position": [-903.52038574219, 2531.9389648438, -11.860774993896],
      "viewangles": [8.6517934799194, 161.1358795166],
      "grenade": {
        "run": 3,
        "recovery_jump": true,
        "recovery_yaw": 90,
        "jump": true
      }
    },
    {
      "name": ["Unnamed", "Dance"],
      "weapon": "weapon_molotov",
      "position": [-903.50799560547, 2531.9348144531, -11.860774993896],
      "viewangles": [8.6517934799194, 161.1358795166],
      "grenade": {
        "run": 3,
        "recovery_jump": true,
        "recovery_yaw": 90,
        "jump": true
      }
    }
  ]