[
    {
      "name": ["Truck", "Box"],
      "description": "Safe",
      "weapon": "weapon_molotov",
      "position": [848.32165527344, -2.6341488361359, -51.486755371094],
      "viewangles": [5.0842485427856, 98.124084472656],
      "grenade": {
        "run": 8,
        "recovery_jump": true,
        "recovery_yaw": 0,
        "jump": true
      }
    },
    {
      "name": ["Truck", "Box"],
      "description": "safe",
      "weapon": "weapon_hegrenade",
      "position": [848.32763671875, -2.623227596283, -51.486473083496],
      "viewangles": [4.9258599281311, 98.204116821289],
      "grenade": {
        "run": 10,
        "recovery_jump": true,
        "recovery_yaw": 0,
        "jump": true
      }
    },
    {
      "name": ["Truck", "Little box"],
      "description": "safe",
      "weapon": "weapon_molotov",
      "position": [918.86395263672, -5.7531752586365, -51.398696899414],
      "viewangles": [1.3706696033478, 111.24577331543],
      "grenade": {
        "run": 15,
        "recovery_jump": true,
        "recovery_yaw": 0,
        "jump": true
      }
    },
    {
      "name": ["Truck", "Big box"],
      "weapon": "weapon_molotov",
      "position": [788.53527832031, -75.528411865234, -49.314338684082],
      "viewangles": [0.14372998476028, 89.852111816406],
      "grenade": {
        "run": 40,
        "recovery_jump": true,
        "recovery_yaw": 0,
        "jump": true
      }
    },
    {
      "name": ["Ramp", "Little box"],
      "weapon": "weapon_molotov",
      "position": [765.65325927734, 1123.1273193359, -28.719909667969],
      "viewangles": [-23.45782661438, 153.50350952148],
      "duck": true
    },
    {
      "name": ["Bombsite A", "Ramp"],
      "weapon": "weapon_molotov",
      "position": [185.47395324707, 1508.7998046875, 32.03125],
      "viewangles": [0.44298368692398, -29.651742935181],
      "grenade": {
        "strength": 0,
        "run": 6,
        "recovery_jump": true,
        "recovery_yaw": 0,
        "jump": true
      }
    },
    {
      "name": ["Bombsite A", "Stairs"],
      "weapon": "weapon_molotov",
      "position": [185.43614196777, 1508.8140869141, 32.03125],
      "viewangles": [2.3262078762054, -40.88846206665],
      "grenade": {
        "strength": 0,
        "run": 4,
        "recovery_jump": true,
        "recovery_yaw": 0,
        "jump": true
      }
    },
    {
      "name": ["Short", "Box \/ Ramp"],
      "weapon": "weapon_molotov",
      "position": [27.040182113647, 883.87072753906, 32.03125],
      "viewangles": [-19.395917892456, 33.212459564209],
      "grenade": {
        "run": 2,
        "recovery_jump": true,
        "delay": 23,
        "recovery_yaw": 0,
        "run_yaw": 180,
        "jump": true
      }
    },
    {
      "name": ["Short", "Big box"],
      "weapon": "weapon_molotov",
      "position": [-61.312068939209, 794.89135742188, 32.03125],
      "viewangles": [6.9160785675049, 44.071655273438],
      "grenade": {
        "run": 21,
        "recovery_jump": true,
        "recovery_yaw": 0,
        "jump": true
      }
    },
    {
      "name": ["Short", "Door"],
      "weapon": "weapon_molotov",
      "position": [-16.167961120605, 840.83825683594, 32.03125],
      "viewangles": [3.4488844871521, 78.374221801758],
      "grenade": {
        "run": 16,
        "recovery_jump": true,
        "run_yaw": -90,
        "jump": true
      }
    },
    {
      "name": ["Short", "Corner"],
      "weapon": "weapon_molotov",
      "position": [59.981281280518, 937.97259521484, 32.03125],
      "viewangles": [12.254760742188, 72.924186706543],
      "grenade": {
        "run": 16,
        "recovery_jump": true,
        "run_yaw": -90,
        "jump": true
      }
    }
  ]