[
    {
      "name": ["Unnamed", "Plant Right"],
      "weapon": "weapon_molotov",
      "position": [367.92330932617, -417.24105834961, 43.03125],
      "viewangles": [-4.7650637626648, -111.87857055664],
      "grenade": {
        "run": 2,
        "recovery_yaw": 180
      }
    },
    {
      "name": ["Unnamed", "Plant Right"],
      "weapon": "weapon_hegrenade",
      "position": [367.97360229492, -411.53393554688, 43.03125],
      "viewangles": [1.6017978191376, -111.35217285156],
      "grenade": {
        "run": 8,
        "recovery_yaw": 180
      }
    },
    {
      "name": ["CT SPAWN", "A Side Entrance"],
      "weapon": "weapon_smokegrenade",
      "position": [1202.484375, -2093.9233398438, -96.115509033203],
      "viewangles": [-22.368776321411, 133.21356201172],
      "grenade": {
        "run": 3,
        "jump": true
      }
    },
    {
      "name": ["Building", "A Side"],
      "weapon": "weapon_flashbang",
      "position": [770.49102783203, -1808.9050292969, -96.100143432617],
      "viewangles": [-25.498094558716, 115.68127441406],
      "grenade": {
        "jump": true
      }
    },
    {
      "name": ["CT SPAWN", "T Jump To A Side"],
      "weapon": "weapon_smokegrenade",
      "position": [740.16552734375, -1915.4274902344, -87.59700012207],
      "viewangles": [-33.640213012695, 105.69248199463],
      "grenade": {
        "jump": true
      }
    },
    {
      "name": ["Under Building", "A Side"],
      "description": "Right",
      "weapon": "weapon_molotov",
      "position": [413.09927368164, -1726.6655273438, -175.96875],
      "viewangles": [-14.277841567993, 96.584663391113],
      "grenade": {
        "run": 7
      }
    },
    {
      "name": ["Under Building", "A Side"],
      "weapon": "weapon_flashbang",
      "position": [462.96875, -1396.5966796875, -175.96875],
      "viewangles": [-39.814918518066, 133.54248046875],
      "grenade": {
        "strength": 0.5
      }
    },
    {
      "name": ["Near Yellow Box", "A Side CT Entrance"],
      "weapon": "weapon_smokegrenade",
      "position": [405.61596679688, 130.65719604492, 10.03125],
      "viewangles": [0.094967722892761, -97.557281494141]
    },
    {
      "name": ["Near Yellow Box", "A Side Doors"],
      "weapon": "weapon_smokegrenade",
      "position": [239.57872009277, 41.997261047363, 1.1459884643555],
      "viewangles": [-8.0073928833008, -77.992156982422]
    },
    {
      "name": ["Stairs", "Car"],
      "weapon": "weapon_smokegrenade",
      "position": [-281.2165222168, 268.45703125, -29.96875],
      "viewangles": [-15.858690261841, -79.054321289063]
    },
    {
      "name": ["Stairs", "Car"],
      "weapon": "weapon_molotov",
      "position": [-281.15127563477, 268.44567871094, -29.96875],
      "viewangles": [-15.774827003479, -78.886978149414]
    },
    {
      "name": ["Stairs", "Car"],
      "weapon": "weapon_molotov",
      "position": [-278.61044311523, 416.36920166016, -83.541931152344],
      "viewangles": [-19.993844985962, -80.640434265137]
    },
    {
      "name": ["Near Yellow Box", "A Side"],
      "weapon": "weapon_flashbang",
      "position": [-104.70932006836, -172.03665161133, 8.03125],
      "viewangles": [-21.362995147705, 92.629768371582],
      "grenade": {
        "run": 41,
        "jump": true
      }
    },
    {
      "name": ["A Side", "Tunnel"],
      "weapon": "weapon_molotov",
      "position": [50.623809814453, -1315.2164306641, -159.96875],
      "viewangles": [-3.900456905365, 117.80376434326],
      "grenade": {
        "run": 23
      }
    },
    {
      "name": ["Barrels", "A Side Car Hood"],
      "weapon": "weapon_molotov",
      "position": [-681.79876708984, 379.16540527344, -142],
      "viewangles": [1.0448734760284, -65.148124694824],
      "grenade": {
        "run": 7,
        "recovery_yaw": 0,
        "jump": true
      }
    },
    {
      "name": ["Barrels", "A Side Car"],
      "weapon": "weapon_molotov",
      "position": [-681.79248046875, 379.15921020508, -142],
      "viewangles": [1.4077382087708, -62.13158416748],
      "grenade": {
        "run": 5,
        "recovery_yaw": 0,
        "jump": true
      }
    },
    {
      "name": ["Near Yellow Box", "A Side Car"],
      "weapon": "weapon_molotov",
      "position": [461.96585083008, 146.03448486328, 10.03125],
      "viewangles": [-1.7211068868637, -102.37089538574],
      "grenade": {
        "run": 34
      }
    },
    {
      "name": ["T Spawn", "A Side T Jump"],
      "weapon": "weapon_smokegrenade",
      "position": [723.88018798828, 1466.1381835938, -91.710815429688],
      "viewangles": [-46.006084442139, -101.21870422363],
      "grenade": {
        "run": 91,
        "jump": true
      }
    },
    {
      "name": ["Unnamed", "CAR"],
      "description": "FAKEDUCK",
      "weapon": "weapon_hegrenade",
      "position": [-295.30041503906, 329.49108886719, -29.96875],
      "viewangles": [-15.094161987305, -80.476486206055],
      "grenade": {
        "run": 15,
        "recovery_jump": true,
        "delay": 21,
        "recovery_yaw": 141,
        "jump": true
      }
    },
    {
      "name": ["Unnamed", "Car"],
      "description": "FAKEDUCK",
      "weapon": "weapon_molotov",
      "position": [-293.34725952148, 212.05076599121, -29.968753814697],
      "viewangles": [-15.54956817627, -77.065368652344]
    },
    {
      "name": ["Unnamed", "Box"],
      "weapon": "weapon_molotov",
      "position": [-91.142044067383, 38.87674331665, 1.03125],
      "viewangles": [-14.04471206665, -94.004081726074]
    },
    {
      "name": ["Unnamed", "Plant-Boxes"],
      "weapon": "weapon_molotov",
      "position": [432.66723632813, 31.319984436035, 2.7424278259277],
      "viewangles": [-5.1413025856018, -102.53150939941],
      "grenade": {
        "run": 6
      }
    },
    {
      "name": ["Unnamed", "Car inside"],
      "weapon": "weapon_molotov",
      "position": [390.17620849609, -161.84069824219, 2.0298614501953],
      "viewangles": [-10.282557487488, -102.07534790039],
      "grenade": {
        "run": 9
      }
    },
    {
      "name": ["Unnamed", "Car"],
      "description": "unsafe",
      "weapon": "weapon_hegrenade",
      "position": [-511.14483642578, -516.56549072266, -207.96875],
      "viewangles": [-10.157175064087, -38.144233703613],
      "grenade": {
        "run": 1,
        "recovery_yaw": -90
      }
    },
    {
      "name": ["Unnamed", "Boxes"],
      "weapon": "weapon_molotov",
      "position": [413.0329284668, -1726.6916503906, -175.96875],
      "viewangles": [-14.54616355896, 86.958206176758],
      "grenade": {
        "run": 11
      }
    },
    {
      "name": ["Unnamed", "Car Back"],
      "weapon": "weapon_molotov",
      "position": [363.8049621582, -1586.8375244141, -175.96875],
      "viewangles": [-17.931957244873, 85.053703308105]
    },
    {
      "name": ["Unnamed", "Car"],
      "weapon": "weapon_molotov",
      "position": [391.3291015625, -1623.3641357422, -175.96875],
      "viewangles": [-18.684326171875, 87.56177520752],
      "grenade": {
        "run": 9
      }
    },
    {
      "name": ["Unnamed", "Box"],
      "description": "FAKEDUCK",
      "weapon": "weapon_molotov",
      "position": [390.41955566406, -1558.7008056641, -175.96875],
      "viewangles": [-3.2601499557495, 121.29437255859],
      "grenade": {
        "run": 1
      }
    },
    {
      "name": ["Unnamed", "Boxes"],
      "description": "FAKEDUCK",
      "weapon": "weapon_hegrenade",
      "position": [391.5768737793, -1553.4338378906, -175.96875],
      "viewangles": [-6.8967480659485, 120.91817474365]
    },
    {
      "name": ["Mid", "Drop"],
      "description": "FAKEDUCK",
      "weapon": "weapon_molotov",
      "position": [-311.97061157227, 79.970039367676, 6.0441932678223],
      "viewangles": [-22.385974884033, -73.559059143066],
      "grenade": {
        "strength": 0.5
      }
    },
    {
      "name": ["Alley", "Concrete"],
      "description": "FAKEDUCK",
      "weapon": "weapon_molotov",
      "position": [1061.8947753906, -1103.5285644531, -142.83822631836],
      "viewangles": [-9.868124961853, 137.87426757813],
      "grenade": {
        "run": 25
      }
    },
    {
      "name": ["Connector", "Red Box"],
      "description": "FAKEDUCK unsafe",
      "weapon": "weapon_molotov",
      "position": [-432.00946044922, -90.580772399902, -207.96875],
      "viewangles": [8.9858722686768, -46.13228225708],
      "grenade": {
        "run": 20,
        "recovery_jump": true,
        "recovery_yaw": 172,
        "run_yaw": -90,
        "jump": true
      }
    },
    {
      "name": ["Back Site", "Drop Top"],
      "weapon": "weapon_molotov",
      "position": [-217.26641845703, -1294.9718017578, -159.96875],
      "viewangles": [-21.924104690552, 52.110042572021],
      "grenade": {
        "run": 11
      }
    },
    {
      "name": ["Back Site", "Concrete"],
      "description": "FAKEDUCK",
      "weapon": "weapon_molotov",
      "position": [-383.95336914063, -1255.7253417969, -159.96875],
      "viewangles": [-10.792067527771, 19.43176651001]
    },
    {
      "name": ["Alley", "Concrete"],
      "description": "FAKEDUCK",
      "weapon": "weapon_hegrenade",
      "position": [1061.9027099609, -1103.5350341797, -142.82705688477],
      "viewangles": [-9.4720687866211, 137.82754516602],
      "grenade": {
        "run": 25
      }
    },
    {
      "name": ["Back Site", "Drop Bottom"],
      "weapon": "weapon_molotov",
      "position": [-217.20550537109, -1294.9880371094, -159.96875],
      "viewangles": [-13.520010948181, 42.619483947754]
    },
    {
      "name": ["Mid", "Doors"],
      "weapon": "weapon_molotov",
      "position": [535.32000732422, 174.12089538574, 10.03125],
      "viewangles": [-10.131993293762, -110.63235473633],
      "grenade": {
        "run": 1
      }
    },
    {
      "name": ["Mid", "Red Box"],
      "description": "FAKEDUCK",
      "weapon": "weapon_molotov",
      "position": [-277.50225830078, 298.29898071289, -29.96875],
      "viewangles": [9.4257888793945, -81.517616271973],
      "grenade": {
        "run": 6,
        "recovery_yaw": 90,
        "jump": true
      }
    },
    {
      "name": ["Mid", "Arch"],
      "weapon": "weapon_molotov",
      "position": [-280.28433227539, 178.76702880859, -9.4966506958008],
      "viewangles": [-14.004149436951, -77.777420043945],
      "grenade": {
        "run": 1
      }
    },
    {
      "name": ["Mid", "Arch"],
      "description": "Deep",
      "weapon": "weapon_molotov",
      "position": [233.07678222656, 39.671054840088, 1.1298713684082],
      "viewangles": [10.415897369385, -108.42290496826],
      "grenade": {
        "run": 22,
        "recovery_jump": true,
        "recovery_yaw": 0,
        "run_yaw": 90,
        "jump": true
      }
    },
    {
      "name": ["Mid", "Arch"],
      "weapon": "weapon_molotov",
      "position": [469.19219970703, 124.23833465576, 10.03125],
      "viewangles": [11.317895889282, -82.916770935059],
      "grenade": {
        "run": 12,
        "recovery_jump": true,
        "run_yaw": -90,
        "jump": true
      }
    },
    {
      "name": ["Connector", "Truck"],
      "description": "unsafe (FAKEDUCK)",
      "weapon": "weapon_molotov",
      "position": [-432.06967163086, -90.855262756348, -207.96875],
      "viewangles": [9.7558689117432, -34.670253753662],
      "grenade": {
        "run": 28,
        "recovery_jump": true,
        "run_yaw": -90,
        "jump": true
      }
    },
    {
      "name": ["Doors", "Drop Top"],
      "weapon": "weapon_molotov",
      "position": [541.92199707031, -892.11682128906, -155.53677368164],
      "viewangles": [-24.146202087402, 128.62756347656]
    },
    {
      "name": ["Mid", "Red Box"],
      "description": "FAKEDUCK",
      "weapon": "weapon_molotov",
      "position": [469.19836425781, 124.23504638672, 10.03125],
      "viewangles": [-7.2062339782715, -103.35436248779],
      "grenade": {
        "run": 8
      }
    },
    {
      "name": ["Drop", "Back Site"],
      "weapon": "weapon_molotov",
      "position": [367.96578979492, -503.48797607422, -151.96875],
      "viewangles": [-11.892042160034, -126.12059783936],
      "grenade": {
        "run": 2
      }
    },
    {
      "name": ["Mid", "Back Site"],
      "weapon": "weapon_molotov",
      "position": [-81.004516601563, 41.977741241455, 1.03125],
      "viewangles": [-14.532004356384, -97.784210205078]
    },
    {
      "name": ["Bombsite", "T Arch"],
      "weapon": "weapon_molotov",
      "position": [79.987258911133, -1278.9681396484, -159.96875],
      "viewangles": [-8.4820251464844, 120.19951629639],
      "grenade": {
        "run": 2
      }
    },
    {
      "name": ["Bombsite", "Dumpster"],
      "weapon": "weapon_molotov",
      "position": [-28.308134078979, -624.02838134766, -159.96875],
      "viewangles": [-14.620077133179, -162.4842376709],
      "grenade": {
        "run": 2
      }
    },
    {
      "name": ["box", "box"],
      "weapon": "weapon_molotov",
      "position": [275.18960571289, -721.20178222656, -158.96875],
      "viewangles": [-37.61009, 76.58209],
      "grenade": {
        "recovery_yaw": 90
      }
    },
    {
      "name": ["stairs fd", "stairs fd"],
      "weapon": "weapon_molotov",
      "position": [39.68448638916, -3.5313699245453, 1.1944541931152],
      "viewangles": [-9.2660732269287, -27.19871711731],
      "grenade": {
        "run": 1
      }
    },
    {
      "name": ["mid", "mid"],
      "weapon": "weapon_molotov",
      "position": [114.30620574951, -1129.1628417969, -158.60871887207],
      "viewangles": [0.11996264, 67.85775],
      "grenade": {
        "jump": true
      }
    },
    {
      "name": ["mid doors", "mid doors"],
      "weapon": "weapon_hegrenade",
      "position": [271.44372558594, -18.574499130249, 1.2557945251465],
      "viewangles": [3.3000299930573, -78.545486450195],
      "grenade": {
        "run": 5
      }
    },
    {
      "name": ["box ", "box"],
      "weapon": "weapon_molotov",
      "position": [304.06454467773, -554.58795166016, -148.96875],
      "viewangles": [-21.780237197876, -11.776371002197],
      "grenade": {
        "jump": true
      }
    },
    {
      "name": ["stairs", "stairs"],
      "weapon": "weapon_molotov",
      "position": [624.18505859375, 6.5926179885864, 2.1286773681641],
      "viewangles": [-9.870892, -106.290833],
      "grenade": {
        "run": 22
      }
    },
    {
      "name": ["fd spawnkill", "fd spawnkill"],
      "weapon": "weapon_molotov",
      "position": [653.62707519531, 1228.1781005859, -93.757530212402],
      "viewangles": [-11.595149, -147.823151]
    },
    {
      "name": ["under", "under"],
      "weapon": "weapon_molotov",
      "position": [707.56817626953, 212.69354248047, 8.2997589111328],
      "viewangles": [-3.17985868, -148.100113]
    },
    {
      "name": ["fd spawnkill", "fd spawnkill"],
      "weapon": "weapon_hegrenade",
      "position": [730.90490722656, 1323.4913330078, -94.584602355957],
      "viewangles": [12.109817504883, -144.68835449219],
      "grenade": {
        "run": 4,
        "jump": true
      }
    },
    {
      "name": ["stairs", "stairs"],
      "weapon": "weapon_molotov",
      "position": [747.81402587891, -70.394195556641, 164.03121948242],
      "viewangles": [-53.404918670654, -58.055648803711],
      "grenade": {
        "jump": true
      }
    },
    {
      "name": ["mid doors", "mid doors"],
      "weapon": "weapon_molotov",
      "position": [770.23333740234, -369.5149230957, -30.115715026855],
      "viewangles": [-9.129998, -37.375],
      "grenade": {
        "run": 22
      }
    },
    {
      "name": ["box fd", "box fd"],
      "weapon": "weapon_molotov",
      "position": [842.86309814453, 471.82144165039, 8.03125],
      "viewangles": [-17.160133361816, -108.10504150391],
      "grenade": {
        "run": 10
      }
    },
    {
      "name": ["stairs predict fd", "stairs predict fd"],
      "weapon": "weapon_molotov",
      "position": [-12.902074813843, -1050.720703125, -13.96875],
      "viewangles": [-20.363422393799, 100.92924499512]
    },
    {
      "name": ["box", "box"],
      "weapon": "weapon_molotov",
      "position": [-63.987560272217, -131.12243652344, -207.96875],
      "viewangles": [-48.456100463867, -36.495738983154]
    },
    {
      "name": ["stairs fd", "stairs fd"],
      "weapon": "weapon_hegrenade",
      "position": [-80.044326782227, 41.96875, 2.03125],
      "viewangles": [-8.919646, -26.7971935],
      "grenade": {
        "run": 20
      }
    },
    {
      "name": ["plant", "plant"],
      "weapon": "weapon_hegrenade",
      "position": [-192.23832702637, -272.01342773438, -150.96875],
      "viewangles": [-10.03761100769, -82.285232543945],
      "duck": true
    },
    {
      "name": ["stairs", "stairs"],
      "weapon": "weapon_molotov",
      "position": [-240.3591003418, -699.26245117188, -158.96875],
      "viewangles": [-8.130155, 70.27658],
      "grenade": {
        "jump": true
      }
    },
    {
      "name": ["uwupolice plant", "Plant"],
      "description": "Fakeduck",
      "weapon": "weapon_molotov",
      "position": [-272.14392089844, 266.95227050781, -29.96875],
      "viewangles": [3.9049944877625, -79.725006103516],
      "grenade": {
        "jump": true
      }
    },
    {
      "name": ["push", "push"],
      "weapon": "weapon_molotov",
      "position": [-383.9677734375, -1294.9959716797, -110.53125],
      "viewangles": [-12.2654705, 91.83269]
    },
    {
      "name": ["doublebox", "doublebox"],
      "weapon": "weapon_hegrenade",
      "position": [-464.97463989258, -114.14770507813, -206.96875],
      "viewangles": [-14.2546721, -80.2021942],
      "grenade": {
        "run": 10
      }
    },
    {
      "name": ["fakeduck doublebox", "fakeduck doublebox"],
      "weapon": "weapon_molotov",
      "position": [-472.09967041016, -99.568969726563, -206.96875],
      "viewangles": [-16.7459335, -81.126976],
      "grenade": {
        "run": 22
      }
    },
    {
      "name": ["car-plant", "car-plant"],
      "weapon": "weapon_molotov",
      "position": [-576.69476318359, -317.89910888672, -206.96875],
      "viewangles": [-19.19507, -53.8809433],
      "grenade": {
        "recovery_yaw": -90
      }
    },
    {
      "name": ["box", "box"],
      "weapon": "weapon_molotov",
      "position": [-699.95562744141, 345.11087036133, -142],
      "viewangles": [-24.148147583008, -28.032262802124],
      "grenade": {
        "run": 1
      }
    },
    {
      "name": ["Unnamed", "UP"],
      "weapon": "weapon_molotov",
      "position": [-135.70858764648, -79.973518371582, -207.96875],
      "viewangles": [-37.192138671875, -12.576904296875]
    },
    {
      "name": ["Unnamed", "UP"],
      "weapon": "weapon_molotov",
      "position": [-280.31661987305, -79.971832275391, -207.96875],
      "viewangles": [-17.986133575439, 15.671102523804]
    },
    {
      "name": ["Unnamed", "UP"],
      "weapon": "weapon_molotov",
      "position": [-12.589343070984, -8.5427131652832, -207.96875],
      "viewangles": [-61.414211273193, -101.74303436279],
      "grenade": {
        "strength": 0.5
      }
    },
    {
      "name": ["Unnamed", "UP"],
      "weapon": "weapon_molotov",
      "position": [-12.58226108551, -8.5486621856689, -207.96875],
      "viewangles": [-30.988208770752, -174.0131072998]
    },
    {
      "name": ["Unnamed", "UP"],
      "weapon": "weapon_molotov",
      "position": [-12.593729019165, -8.5488262176514, -207.96875],
      "viewangles": [-31.186212539673, 173.51281738281]
    },
    {
      "name": ["Unnamed", "UP"],
      "weapon": "weapon_molotov",
      "position": [-12.588835716248, -8.5494871139526, -207.96875],
      "viewangles": [-62.536193847656, 18.940446853638]
    },
    {
      "name": ["Unnamed", "UP"],
      "weapon": "weapon_molotov",
      "position": [-135.66775512695, -79.995567321777, -207.96875],
      "viewangles": [-51.448169708252, 150.31623840332]
    },
    {
      "name": ["UP", "UP"],
      "weapon": "weapon_molotov",
      "position": [-135.67065429688, -79.989486694336, -207.96875],
      "viewangles": [-46.300189971924, 70.984268188477]
    },
    {
      "name": ["Unnamed", "UP"],
      "weapon": "weapon_molotov",
      "position": [-135.66923522949, -79.985122680664, -207.96875],
      "viewangles": [-29.602094650269, 29.536239624023]
    },
    {
      "name": ["UP", "UP"],
      "weapon": "weapon_molotov",
      "position": [-280.29629516602, -79.979774475098, -207.96875],
      "viewangles": [-57.718441009521, 45.173187255859]
    },
    {
      "name": ["UP", "UP"],
      "weapon": "weapon_molotov",
      "position": [-280.29043579102, -79.975212097168, -207.96875],
      "viewangles": [-36.400444030762, 40.751194000244]
    },
    {
      "name": ["UP", "UP"],
      "weapon": "weapon_molotov",
      "position": [-280.2978515625, -79.980194091797, -207.96875],
      "viewangles": [-22.474439620972, -3.4027962684631]
    },
    {
      "name": ["UP", "UP"],
      "weapon": "weapon_molotov",
      "position": [-135.68290710449, -79.973731994629, -207.96875],
      "viewangles": [-41.944602966309, 124.7033996582]
    },
    {
      "name": ["Unnamed", "UP"],
      "weapon": "weapon_molotov",
      "position": [-63.983551025391, -131.10061645508, -207.96875],
      "viewangles": [-35.014755249023, 93.024070739746]
    },
    {
      "name": ["UP", "UP"],
      "weapon": "weapon_molotov",
      "position": [-63.988887786865, -131.1082611084, -207.96875],
      "viewangles": [-31.978715896606, 57.78006362915]
    },
    {
      "name": ["UP", "UP"],
      "weapon": "weapon_molotov",
      "position": [-63.988544464111, -131.1040802002, -207.96875],
      "viewangles": [-66.562835693359, 38.705982208252]
    },
    {
      "name": ["Unnamed", "Pillar"],
      "weapon": "weapon_molotov",
      "position": [507.12588500977, 142.09497070313, 10.03125],
      "viewangles": [2.1142129898071, -105.9952545166],
      "grenade": {
        "run": 4,
        "recovery_jump": true,
        "delay": 6,
        "recovery_yaw": -90,
        "jump": true
      }
    },
    {
      "name": ["Unnamed", "Triple Box"],
      "weapon": "weapon_molotov",
      "position": [305.02996826172, -203.62683105469, 1.6271667480469],
      "viewangles": [5.3196196556091, -77.39973449707],
      "grenade": {
        "run": 1,
        "run_speed": true
      }
    }
  ]