[
    {
      "name": ["Unnamed", "Jail"],
      "weapon": "weapon_molotov",
      "position": [1164.7547607422, 461.06088256836, 113.28874206543],
      "viewangles": [-38.116847991943, -5.4035716056824],
      "grenade": {
        "run": 39,
        "recovery_yaw": 90,
        "jump": true
      }
    },
    {
      "name": ["Unnamed", "Pre-Acrh"],
      "weapon": "weapon_molotov",
      "position": [1164.6221923828, 461.03558349609, 113.27069091797],
      "viewangles": [-8.1417188644409, 58.306579589844],
      "grenade": {
        "run": 1,
        "run_speed": true,
        "delay": 10,
        "run_yaw": 180,
        "jump": true
      }
    },
    {
      "name": ["Unnamed", "Pit [Truck]"],
      "weapon": "weapon_molotov",
      "position": [1331.6774902344, 365.72842407227, 123.38046264648],
      "viewangles": [-49.780460357666, -37.523365020752],
      "grenade": {
        "run": 13,
        "recovery_yaw": 90,
        "jump": true
      }
    },
    {
      "name": ["Unnamed", "Arch [Pillar]"],
      "weapon": "weapon_molotov",
      "position": [1657.4979248047, 1022.5770874023, 160.03125],
      "viewangles": [-17.060260772705, 59.528663635254]
    },
    {
      "name": ["Unnamed", "Arch [Pillar]"],
      "description": "BACK",
      "weapon": "weapon_hegrenade",
      "position": [1630.6868896484, 1009.2205200195, 159.25570678711],
      "viewangles": [-15.940042495728, 59.237628936768],
      "grenade": {
        "run": 10
      }
    },
    {
      "name": ["Unnamed", "Arch [Pillar]"],
      "description": "Left",
      "weapon": "weapon_hegrenade",
      "position": [1637.4578857422, 1008.0617675781, 160.03125],
      "viewangles": [-1.8049530982971, 58.608032226563],
      "grenade": {
        "run": 10
      }
    },
    {
      "name": ["Unnamed", "Jail"],
      "weapon": "weapon_molotov",
      "position": [1983.337890625, 1227.9681396484, 165.45118713379],
      "viewangles": [-17.715423583984, -63.820457458496]
    },
    {
      "name": ["Unnamed", "Plant [Center]"],
      "weapon": "weapon_molotov",
      "position": [1983.2694091797, 1227.9888916016, 165.44499206543],
      "viewangles": [-17.671380996704, -40.182174682617],
      "grenade": {
        "run": 18
      }
    },
    {
      "name": ["Unnamed", "Pit"],
      "weapon": "weapon_molotov",
      "position": [2040.3493652344, 1227.96875, 166.20594787598],
      "viewangles": [6.5703625679016, -73.286170959473],
      "grenade": {
        "run": 2,
        "jump": true
      }
    },
    {
      "name": ["Unnamed", "Pit [Truck]"],
      "weapon": "weapon_molotov",
      "position": [2055.5087890625, 1227.6302490234, 165.59744262695],
      "viewangles": [-14.22166633606, -88.539810180664],
      "grenade": {
        "run": 1,
        "run_speed": true,
        "delay": 13,
        "jump": true
      }
    },
    {
      "name": ["Unnamed", "Arch [Pillar]"],
      "description": "center",
      "weapon": "weapon_molotov",
      "position": [2001.5444335938, 1046.8892822266, 153.34317016602],
      "viewangles": [-15.816588401794, 123.02415466309]
    },
    {
      "name": ["Unnamed", "Arch [Pillar]"],
      "description": "RIGHT",
      "weapon": "weapon_hegrenade",
      "position": [2003.9709472656, 1048.4876708984, 153.10949707031],
      "viewangles": [-14.703368186951, 123.40672302246]
    },
    {
      "name": ["Unnamed", "Plant [Box]"],
      "description": "FULL DMG",
      "weapon": "weapon_hegrenade",
      "position": [2024.5958251953, 1140.1430664063, 149.83125305176],
      "viewangles": [7.1052289009094, -39.92476272583],
      "grenade": {
        "run": 25,
        "jump": true
      }
    },
    {
      "name": ["Unnamed", "Jail"],
      "description": "full dmg",
      "weapon": "weapon_hegrenade",
      "position": [1974.2322998047, 1227.9011230469, 164.86177062988],
      "viewangles": [-7.8988647460938, -61.789035797119],
      "grenade": {
        "run": 1,
        "run_speed": true,
        "delay": 16,
        "jump": true
      }
    },
    {
      "name": ["Unnamed", "Double-Box"],
      "weapon": "weapon_molotov",
      "position": [2096.8857421875, 1161.5009765625, 150.54797363281],
      "viewangles": [-21.694795608521, -61.561511993408],
      "grenade": {
        "run": 14,
        "recovery_yaw": -138
      }
    },
    {
      "name": ["Unnamed", "Double-Box \/ Box [Left]"],
      "weapon": "weapon_molotov",
      "position": [1312.6353759766, 319.96875, 128.03125],
      "viewangles": [-24.884984970093, -54.531108856201],
      "grenade": {
        "run": 25
      }
    },
    {
      "name": ["Unnamed", "Boost"],
      "description": "Semi-Fountain",
      "weapon": "weapon_molotov",
      "position": [111.74008178711, 918.13244628906, 74.197761535645],
      "viewangles": [-24.475027084351, 92.255104064941],
      "grenade": {
        "run": 9
      }
    },
    {
      "name": ["Unnamed", "Fountain"],
      "description": "Semi-Boost",
      "weapon": "weapon_molotov",
      "position": [64.031402587891, 935.62585449219, 71.031272888184],
      "viewangles": [-23.21378326416, 89.562156677246],
      "grenade": {
        "run": 11
      }
    },
    {
      "name": ["Unnamed", "B [Awall] Check"],
      "weapon": "weapon_molotov",
      "position": [64.030715942383, 1081.0388183594, 82.96800994873],
      "viewangles": [-7.3187294006348, 60.012203216553],
      "grenade": {
        "delay": 8,
        "jump": true
      }
    },
    {
      "name": ["Unnamed", "Cement \/ Awall [One-way]"],
      "weapon": "weapon_molotov",
      "position": [64.034217834473, 1275.7624511719, 95.756011962891],
      "viewangles": [7.3663291931152, 58.377319335938],
      "grenade": {
        "run": 19,
        "jump": true
      }
    },
    {
      "name": ["Unnamed", "Spools"],
      "weapon": "weapon_molotov",
      "position": [234.37034606934, 1597.7320556641, 110.34443664551],
      "viewangles": [-1.0670478343964, 78.992172241211],
      "grenade": {
        "run": 8,
        "delay": 1,
        "jump": true
      }
    },
    {
      "name": ["Unnamed", "Spools"],
      "weapon": "weapon_molotov",
      "position": [430.97381591797, 2016.939453125, 187.55967712402],
      "viewangles": [-31.482023239136, 85.991828918457],
      "grenade": {
        "run": 1,
        "run_speed": true,
        "delay": 15,
        "jump": true
      }
    },
    {
      "name": ["Unnamed", "Boost"],
      "weapon": "weapon_hegrenade",
      "position": [76.580039978027, 946.47131347656, 71.031272888184],
      "viewangles": [5.3130331039429, 90.121238708496],
      "grenade": {
        "run": 26,
        "jump": true
      }
    },
    {
      "name": ["Unnamed", "Fountain"],
      "description": "Semi-boost [50\/50]",
      "weapon": "weapon_molotov",
      "position": [381.87481689453, 1904.4798583984, 126.29968261719],
      "viewangles": [-48.25704574585, 108.53028106689],
      "grenade": {
        "run": 12,
        "jump": true
      }
    },
    {
      "name": ["Unnamed", "Back [B]"],
      "weapon": "weapon_molotov",
      "position": [383.06652832031, 1955.1510009766, 129.51902770996],
      "viewangles": [-59.037204742432, 89.09538269043],
      "grenade": {
        "run": 9,
        "jump": true
      }
    },
    {
      "name": ["Unnamed", "Boost"],
      "weapon": "weapon_molotov",
      "position": [534.43414306641, 1899.6490478516, 126.75112915039],
      "viewangles": [-25.345031738281, 123.5842666626],
      "grenade": {
        "run": 1,
        "run_yaw": 180
      }
    },
    {
      "name": ["Unnamed", "Boost"],
      "weapon": "weapon_hegrenade",
      "position": [428.91360473633, 2002.1824951172, 186.52923583984],
      "viewangles": [1.3300099372864, 119.04475402832],
      "grenade": {
        "strength": 0.5,
        "delay": 3,
        "jump": true
      }
    },
    {
      "name": ["Unnamed", "Boost"],
      "weapon": "weapon_hegrenade",
      "position": [876.36688232422, 2410.6237792969, 144.03125],
      "viewangles": [-14.379769325256, 168.52984619141],
      "grenade": {
        "run": 1,
        "run_speed": true
      }
    },
    {
      "name": ["Unnamed", "Boost"],
      "weapon": "weapon_molotov",
      "position": [872.34411621094, 2394.6235351563, 144.03125],
      "viewangles": [-14.37975025177, 164.67445373535]
    },
    {
      "name": ["Unnamed", "Spools"],
      "weapon": "weapon_molotov",
      "position": [675.41937255859, 1888.0322265625, 188.51039123535],
      "viewangles": [-21.474798202515, 100.23944854736],
      "grenade": {
        "run": 4,
        "run_speed": true
      }
    },
    {
      "name": ["Unnamed", "Back of Ruins [Check]"],
      "weapon": "weapon_molotov",
      "position": [498.11749267578, 1995.7706298828, 129.89500427246],
      "viewangles": [-41.570037841797, 55.6796875],
      "grenade": {
        "run": 7,
        "jump": true
      }
    },
    {
      "name": ["Unnamed", "Back of B "],
      "weapon": "weapon_molotov",
      "position": [302.47973632813, 2539.8481445313, 160.03125],
      "viewangles": [-62.250160217285, -71.0751953125],
      "grenade": {
        "run": 7,
        "jump": true
      }
    },
    {
      "name": ["Unnamed", "Back of B"],
      "weapon": "weapon_molotov",
      "position": [537.39886474609, 3314.7687988281, 160.046875],
      "viewangles": [3.0898740291595, -87.654846191406],
      "grenade": {
        "run": 9,
        "jump": true
      }
    },
    {
      "name": ["Unnamed", "Ruins \/ Generator"],
      "weapon": "weapon_molotov",
      "position": [700.36157226563, 1888.0190429688, 202.91500854492],
      "viewangles": [-14.179972648621, 65.374938964844],
      "grenade": {
        "run": 1,
        "run_speed": true,
        "delay": 2,
        "jump": true
      }
    },
    {
      "name": ["Unnamed", "Ruins \/ Generator"],
      "weapon": "weapon_molotov",
      "position": [695.65350341797, 2133.1013183594, 132.82281494141],
      "viewangles": [-46.630065917969, 73.529975891113],
      "grenade": {
        "run": 23,
        "jump": true
      }
    },
    {
      "name": ["Unnamed", "Ruins \/ Generator"],
      "weapon": "weapon_molotov",
      "position": [918.22784423828, 2688.3334960938, 139.21197509766],
      "viewangles": [-21.385204315186, 28.865119934082],
      "grenade": {
        "run": 25
      }
    },
    {
      "name": ["Unnamed", "Back of B"],
      "weapon": "weapon_molotov",
      "position": [970.85192871094, 3268.984375, 128.03125],
      "viewangles": [-42.835338592529, -101.4298324585],
      "grenade": {
        "run": 25,
        "jump": true
      }
    },
    {
      "name": ["Unnamed", "Cement [One-Way]"],
      "weapon": "weapon_molotov",
      "position": [1316.1462402344, 2827.9309082031, 121.09936523438],
      "viewangles": [-59.555286407471, 146.92050170898],
      "grenade": {
        "run": 11,
        "jump": true
      }
    },
    {
      "name": ["Unnamed", "Ruins [Back]"],
      "weapon": "weapon_hegrenade",
      "position": [772.36273193359, 2543.5004882813, 130.56745910645],
      "viewangles": [-88.775039672852, 67.600120544434],
      "grenade": {
        "run": 31,
        "jump": true
      }
    },
    {
      "name": ["Unnamed", "CT [Well]"],
      "weapon": "weapon_molotov",
      "position": [687.15063476563, 2524.6127929688, 132.45275878906],
      "viewangles": [-6.9899458885193, 26.674974441528],
      "grenade": {
        "run": 15
      }
    },
    {
      "name": ["Unnamed", "Fountain"],
      "description": "shit xD",
      "weapon": "weapon_molotov",
      "position": [2034.2976074219, 2632.5515136719, 268.18798828125],
      "viewangles": [-25.904922485352, 173.95388793945],
      "grenade": {
        "run": 15,
        "delay": 13,
        "jump": true
      }
    },
    {
      "name": ["Unnamed", "Ruins \/ Generator"],
      "weapon": "weapon_molotov",
      "position": [1793.9259033203, 2457.1369628906, 133.48254394531],
      "viewangles": [-18.314924240112, 123.97177886963],
      "grenade": {
        "run": 17
      }
    },
    {
      "name": ["Unnamed", "Bridge"],
      "weapon": "weapon_molotov",
      "position": [1491.9306640625, 687.58184814453, 132.55348205566],
      "viewangles": [-0.38506156206131, -154.55395507813],
      "grenade": {
        "run": 22,
        "delay": 2,
        "jump": true
      }
    },
    {
      "name": ["Unnamed", "Roof [Hide Shot] Spot"],
      "weapon": "weapon_molotov",
      "position": [1461.6070556641, 725.81884765625, 133.78314208984],
      "viewangles": [-0.16510385274887, -152.4098815918],
      "grenade": {
        "run": 3,
        "delay": 2,
        "jump": true
      }
    },
    {
      "name": ["Unnamed", "Library"],
      "weapon": "weapon_molotov",
      "position": [1800.9573974609, 1288.3205566406, 160.03125],
      "viewangles": [-3.8040957450867, 11.285579681396],
      "grenade": {
        "run": 17,
        "recovery_yaw": 180,
        "run_yaw": -77
      }
    },
    {
      "name": ["Unnamed", "Library"],
      "weapon": "weapon_hegrenade",
      "position": [1800.9442138672, 1288.3178710938, 160.03125],
      "viewangles": [-3.8040957450867, 11.285579681396],
      "grenade": {
        "run": 17,
        "recovery_yaw": 180,
        "run_yaw": -77
      }
    },
    {
      "name": ["Unnamed", "Jail"],
      "weapon": "weapon_molotov",
      "position": [1793.8817138672, 1364.9642333984, 160.03125],
      "viewangles": [-20.799062728882, -57.029468536377]
    },
    {
      "name": ["Unnamed", "Jail"],
      "description": "FULL DMG",
      "weapon": "weapon_hegrenade",
      "position": [1780.6219482422, 1370.7945556641, 160.03125],
      "viewangles": [-5.1240663528442, -57.849174499512],
      "grenade": {
        "run": 6,
        "delay": 12,
        "jump": true
      }
    },
    {
      "name": ["Unnamed", "Pit"],
      "weapon": "weapon_molotov",
      "position": [1794.1361083984, 1415.7119140625, 160.03125],
      "viewangles": [4.6109213829041, -67.099418640137],
      "grenade": {
        "run": 7,
        "jump": true
      }
    },
    {
      "name": ["Unnamed", "Wall [Back]"],
      "weapon": "weapon_molotov",
      "position": [2395.1169433594, 2075.9096679688, 126.86267089844],
      "viewangles": [-22.169733047485, -141.9730682373],
      "grenade": {
        "run": 13
      }
    },
    {
      "name": ["Unnamed", "Roof [Hide-Shot] Spot"],
      "weapon": "weapon_molotov",
      "position": [2215.0139160156, 124.18634033203, 128.03050231934],
      "viewangles": [-19.237756729126, -179.16744995117],
      "grenade": {
        "run": 22,
        "delay": 11,
        "recovery_yaw": -90,
        "jump": true
      }
    },
    {
      "name": ["Unnamed", "Car"],
      "weapon": "weapon_molotov",
      "position": [686.70709228516, 2489.5026855469, 132.67858886719],
      "viewangles": [-7.7953977584839, 33.949649810791]
    },
    {
      "name": ["Unnamed", "Arch"],
      "weapon": "weapon_molotov",
      "position": [1970.5183105469, 2654.8063964844, 257.23425292969],
      "viewangles": [-8.9010667800903, -97.988525390625]
    },
    {
      "name": ["Unnamed", "Arch"],
      "weapon": "weapon_hegrenade",
      "position": [1976.5047607422, 2675.1823730469, 242.23974609375],
      "viewangles": [13.615654945374, -97.67325592041],
      "grenade": {
        "run": 5,
        "jump": true
      }
    },
    {
      "name": ["Unnamed", "AWP Corner"],
      "weapon": "weapon_molotov",
      "position": [2001.8972167969, 1867.5758056641, 161.62393188477],
      "viewangles": [-60.71875, 73.848594665527],
      "grenade": {
        "run": 7,
        "jump": true
      }
    },
    {
      "name": ["Unnamed", "ECO"],
      "weapon": "weapon_molotov",
      "position": [252.38189697266, 444.7353515625, 122.03125],
      "viewangles": [-17.789730072021, 149.08293151855],
      "grenade": {
        "run": 7
      }
    },
    {
      "name": ["Unnamed", "Pit"],
      "weapon": "weapon_molotov",
      "position": [2082.0163574219, 1227.96875, 164.77365112305],
      "viewangles": [-12.45690536499, -66.863212585449],
      "grenade": {
        "run": 18
      }
    },
    {
      "name": ["Unnamed", "Pit"],
      "weapon": "weapon_molotov",
      "position": [1713.7277832031, -315.22509765625, 256.03125],
      "viewangles": [6.4464464187622, 26.986263275146],
      "duck": true
    },
    {
      "name": ["Unnamed", "Corner"],
      "weapon": "weapon_hegrenade",
      "position": [1074.7314453125, 432.03125, 108.47925567627],
      "viewangles": [-22.347650527954, 54.665855407715],
      "grenade": {
        "run": 8,
        "jump": true
      }
    },
    {
      "name": ["Unnamed", "Corner"],
      "weapon": "weapon_molotov",
      "position": [1074.7314453125, 432.03125, 108.47925567627],
      "viewangles": [-22.347650527954, 54.665855407715],
      "grenade": {
        "run": 8,
        "jump": true
      }
    },
    {
      "name": ["Unnamed", "Coils"],
      "weapon": "weapon_molotov",
      "position": [647.69952392578, 1888.0223388672, 166.45530700684],
      "viewangles": [-4.5019569396973, 95.389236450195],
      "grenade": {
        "delay": 5,
        "jump": true
      }
    },
    {
      "name": ["Unnamed", "Corner"],
      "weapon": "weapon_molotov",
      "position": [527.88159179688, 2007.3374023438, 127.78633117676],
      "viewangles": [-44.964660644531, 56.629070281982],
      "grenade": {
        "run": 9,
        "jump": true
      }
    },
    {
      "name": ["Unnamed", "Fountain"],
      "weapon": "weapon_molotov",
      "position": [759.39306640625, 3544.4938964844, 150.57525634766],
      "viewangles": [-16.967412948608, -134.48530578613],
      "grenade": {
        "run": 9
      }
    },
    {
      "name": ["Unnamed", "B Push"],
      "weapon": "weapon_molotov",
      "position": [1031.2321777344, 3255.8442382813, 128.03125],
      "viewangles": [-47.897731781006, -110.71848297119],
      "grenade": {
        "run": 9,
        "jump": true
      }
    },
    {
      "name": ["Unnamed", "Corner"],
      "weapon": "weapon_molotov",
      "position": [1168.6790771484, 2824.0388183594, 125.50616455078],
      "viewangles": [-43.698070526123, -124.5170135498],
      "grenade": {
        "run": 12,
        "jump": true
      }
    },
    {
      "name": ["Unnamed", "anti nade"],
      "weapon": "weapon_molotov",
      "position": [496.79843139648, 3397.5947265625, 160.03135681152],
      "viewangles": [2.697270154953, -83.751861572266],
      "grenade": {
        "run": 5,
        "jump": true
      }
    },
    {
      "name": ["Unnamed", "Long"],
      "weapon": "weapon_molotov",
      "position": [518.30108642578, 3076.6916503906, 264.79626464844],
      "viewangles": [5.9636006355286, -101.75001525879],
      "grenade": {
        "run": 21,
        "jump": true
      }
    },
    {
      "name": ["Unnamed", "Pre-Arch"],
      "weapon": "weapon_molotov",
      "position": [2053.5983886719, 2347.1462402344, 252.0627746582],
      "viewangles": [-27.455116271973, -119.42512512207],
      "grenade": {
        "run": 10
      }
    },
    {
      "name": ["Unnamed", "Short Corner"],
      "weapon": "weapon_molotov",
      "position": [1959.6657714844, 2365.3125, 260.20748901367],
      "viewangles": [-28.545677185059, -164.17127990723],
      "grenade": {
        "run": 40,
        "jump": true
      }
    },
    {
      "name": ["Unnamed", "B Push"],
      "weapon": "weapon_molotov",
      "position": [1959.6370849609, 2365.2768554688, 260.20748901367],
      "viewangles": [-29.002494812012, 177.10609436035],
      "grenade": {
        "run": 28,
        "jump": true
      }
    },
    {
      "name": ["Unnamed", "Barrels [left]"],
      "weapon": "weapon_molotov",
      "position": [1097.4599609375, 3121.6064453125, 185.03125],
      "viewangles": [-38.924201965332, -140.25782775879],
      "grenade": {
        "run": 8,
        "jump": true
      }
    },
    {
      "name": ["Unnamed", "Plant [right]"],
      "weapon": "weapon_molotov",
      "position": [1048.4689941406, 2931.0483398438, 128.03125],
      "viewangles": [-61.261093139648, 178.31117248535],
      "grenade": {
        "run": 8,
        "jump": true
      }
    },
    {
      "name": ["Unnamed", "Mid-Short"],
      "weapon": "weapon_hegrenade",
      "position": [1845.8488769531, 1315.5711669922, 160.03125],
      "viewangles": [-10.342252731323, -135.65040588379],
      "grenade": {
        "run": 8,
        "jump": true
      }
    },
    {
      "name": ["Unnamed", "Mid-Short"],
      "weapon": "weapon_molotov",
      "position": [1845.8488769531, 1315.5711669922, 160.03125],
      "viewangles": [-10.342252731323, -135.65040588379],
      "grenade": {
        "run": 8,
        "jump": true
      }
    },
    {
      "name": ["Unnamed", "Car"],
      "weapon": "weapon_hegrenade",
      "position": [632.01043701172, 2477.2990722656, 192.03125],
      "viewangles": [1.283282995224, 26.355093002319],
      "grenade": {
        "delay": 11,
        "jump": true
      }
    },
    {
      "name": ["Unnamed", "T2"],
      "weapon": "weapon_molotov",
      "position": [570.29644775391, 1968.4647216797, 125.03125],
      "viewangles": [-48.2844581604, 129.26043701172],
      "grenade": {
        "run": 8,
        "jump": true
      }
    },
    {
      "name": ["Unnamed", "Pit"],
      "weapon": "weapon_hegrenade",
      "position": [1713.7277832031, -315.22509765625, 256.03125],
      "viewangles": [6.4464464187622, 26.986263275146],
      "duck": true
    },
    {
      "name": ["Unnamed", "Plant FD"],
      "weapon": "weapon_molotov",
      "position": [2202.6787109375, 827.32800292969, 155.82336425781],
      "viewangles": [6.6463551521301, -17.845355987549],
      "grenade": {
        "run": 12,
        "jump": true
      }
    },
    {
      "name": ["Unnamed", "B"],
      "weapon": "weapon_smokegrenade",
      "position": [2363.4248046875, 1651.7854003906, 160.03125],
      "viewangles": [-10.41860294342, 146.16976928711],
      "grenade": {
        "run": 13,
        "jump": true
      }
    },
    {
      "name": ["Unnamed", "Car"],
      "weapon": "weapon_smokegrenade",
      "position": [2404.9470214844, 1491.15234375, 160.03125],
      "viewangles": [-22.064409255981, 118.31432342529],
      "grenade": {
        "run": 10
      }
    },
    {
      "name": ["Unnamed", "Pit "],
      "weapon": "weapon_smokegrenade",
      "position": [2455.9125976563, 2217.4829101563, 125.78237915039],
      "viewangles": [-10.998994827271, -89.469718933105],
      "grenade": {
        "run": 10,
        "jump": true
      }
    },
    {
      "name": ["Unnamed", "B [Back]"],
      "weapon": "weapon_smokegrenade",
      "position": [2304.8168945313, 700.03350830078, 145.12994384766],
      "viewangles": [-17.652952194214, 127.41161346436],
      "grenade": {
        "run": 15,
        "jump": true
      }
    },
    {
      "name": ["Unnamed", "B"],
      "weapon": "weapon_smokegrenade",
      "position": [2304.4248046875, 699.76953125, 145.16007995605],
      "viewangles": [-16.547399520874, 130.78385925293],
      "grenade": {
        "run": 15,
        "jump": true
      }
    },
    {
      "name": ["Unnamed", "Coils"],
      "weapon": "weapon_molotov",
      "position": [78.903594970703, 1463.8220214844, 178.29986572266],
      "viewangles": [5.5994544029236, 76.709381103516],
      "grenade": {
        "run": 12,
        "jump": true
      }
    },
    {
      "name": ["Unnamed", "Default Box"],
      "weapon": "weapon_molotov",
      "position": [2110.8173828125, 1227.9890136719, 163.78884887695],
      "viewangles": [-15.126472473145, -93.143859863281],
      "grenade": {
        "run": 15,
        "delay": 14,
        "jump": true
      }
    },
    {
      "name": ["Unnamed", "Default Box"],
      "weapon": "weapon_hegrenade",
      "position": [2125.3698730469, 1227.96875, 163.28228759766],
      "viewangles": [1.7052849531174, -88.03670501709],
      "grenade": {
        "delay": 12,
        "jump": true
      }
    },
    {
      "name": ["Unnamed", "Coils"],
      "weapon": "weapon_molotov",
      "position": [415.43533325195, 2008.685546875, 187.90391540527],
      "viewangles": [-1.1784899234772, 83.007034301758],
      "grenade": {
        "delay": 5,
        "jump": true
      }
    },
    {
      "name": ["Unnamed", "Coils [Back]"],
      "weapon": "weapon_molotov",
      "position": [415.43872070313, 2000.4040527344, 186.99717712402],
      "viewangles": [-1.718154668808, 89.151878356934],
      "grenade": {
        "run": 1,
        "run_speed": true,
        "delay": 4,
        "jump": true
      }
    },
    {
      "name": ["Unnamed", "Coils [Back]"],
      "weapon": "weapon_molotov",
      "position": [78.8896484375, 1463.80078125, 178.29995727539],
      "viewangles": [4.9675483703613, 77.7578125],
      "grenade": {
        "run": 22,
        "jump": true
      }
    },
    {
      "name": ["Unnamed", "Coils [Back]"],
      "weapon": "weapon_molotov",
      "position": [647.74029541016, 1888.0223388672, 166.45530700684],
      "viewangles": [-7.1630773544312, 95.530479431152],
      "grenade": {
        "run": 8,
        "run_speed": true,
        "delay": 7,
        "jump": true
      }
    },
    {
      "name": ["Unnamed", "Fountain"],
      "weapon": "weapon_molotov",
      "position": [1147.3918457031, 3204.380859375, 129.03125],
      "viewangles": [-42.053428649902, -138.87921142578],
      "grenade": {
        "run": 16,
        "jump": true
      }
    },
    {
      "name": ["Unnamed", "Library"],
      "weapon": "weapon_smokegrenade",
      "position": [-839.58911132813, -347.82919311523, 0.03125],
      "viewangles": [-28.161535263062, 24.333171844482],
      "grenade": {
        "run": 31,
        "jump": true
      }
    },
    {
      "name": ["Unnamed", "Library"],
      "weapon": "weapon_molotov",
      "position": [1368.0137939453, 954.40570068359, 156.41537475586],
      "viewangles": [-5.1634516716003, -3.2585921287537],
      "grenade": {
        "run": 20,
        "recovery_jump": true,
        "recovery_yaw": 180,
        "run_yaw": 38
      }
    }
  ]