[
    {
      "name": ["Front Yard", "Outside"],
      "description": "bug",
      "weapon": "weapon_molotov",
      "position": [4163.0434570313, -3499.7368164063, -158.50894165039],
      "viewangles": [-19.305000305176, -174.16415405273],
      "grenade": {
        "run": 2
      }
    },
    {
      "name": ["Front Yard", "Outside"],
      "weapon": "weapon_molotov",
      "position": [4268.001953125, -3482.5859375, -164.62724304199],
      "viewangles": [-24.199920654297, -173.75888061523],
      "grenade": {
        "run": 1
      }
    },
    {
      "name": ["Front Yard", "Truck"],
      "weapon": "weapon_hegrenade",
      "position": [4226.0571289063, -3490.9133300781, -160.92405700684],
      "viewangles": [-17.599905014038, -172.10395812988],
      "grenade": {
        "run": 22
      }
    },
    {
      "name": ["Garage", "Outside"],
      "weapon": "weapon_hegrenade",
      "position": [2961.2507324219, -3581.5034179688, -143.8639831543],
      "viewangles": [-1.9799065589905, -164.18365478516],
      "grenade": {
        "strength": 0,
        "jump": true
      }
    },
    {
      "name": ["Garage", "Under Stone"],
      "description": "fakeduck",
      "weapon": "weapon_hegrenade",
      "position": [3028.0590820313, -3607.4235839844, -143.61805725098],
      "viewangles": [-8.9099292755127, -144.37844848633],
      "grenade": {
        "run": 14
      }
    },
    {
      "name": ["Rock", "Rock"],
      "weapon": "weapon_molotov",
      "position": [4135.3115234375, -3303.0610351563, -130.01016235352],
      "viewangles": [-19.938585281372, -165.21646118164],
      "grenade": {
        "run": 1
      }
    },
    {
      "name": ["Stairs", "Stairs"],
      "weapon": "weapon_molotov",
      "position": [2654.8308105469, -3902.4794921875, -205.57160949707],
      "viewangles": [-14.694968223572, -25.930040359497],
      "grenade": {
        "run": 22
      }
    },
    {
      "name": ["rock-fakelag-off", "Rock[1]"],
      "weapon": "weapon_hegrenade",
      "position": [3112.8579101563, -3538.6674804688, -133.33561706543],
      "viewangles": [-7.8672132492065, -147.7943572998],
      "grenade": {
        "run": 37
      }
    },
    {
      "name": ["plant fd", "plant"],
      "description": "FAKEDUCK",
      "weapon": "weapon_molotov",
      "position": [1571.1995849609, -4501.9243164063, -212.02462768555],
      "viewangles": [-29.103113174438, 3.5084807872772],
      "grenade": {
        "run": 49
      }
    },
    {
      "name": ["Rock", "Rock Far"],
      "description": "bEhind",
      "weapon": "weapon_molotov",
      "position": [3058.1135253906, -3574.9165039063, -135.85548400879],
      "viewangles": [-13.49601650238, -148.73223876953],
      "grenade": {
        "run": 5
      }
    },
    {
      "name": ["Unnamed", "Rock Right \/ UNSAFE"],
      "description": "CAREFUL CT ROCK",
      "weapon": "weapon_molotov",
      "position": [3468.2646484375, -2673.078125, -116.55615234375],
      "viewangles": [3.8147900104523, -164.46235656738],
      "grenade": {
        "fov": 5.12,
        "run": 35,
        "jump": true
      }
    },
    {
      "name": ["Unnamed", "Stairs"],
      "weapon": "weapon_hegrenade",
      "position": [3648.3391113281, -2779.6489257813, -112.60178375244],
      "viewangles": [-4.0128679275513, -108.77294921875],
      "grenade": {
        "fov": 5.12,
        "run": 25
      }
    },
    {
      "name": ["Unnamed", "Stairs"],
      "weapon": "weapon_molotov",
      "position": [3648.24609375, -2779.947265625, -112.60265350342],
      "viewangles": [-5.5176486968994, -109.40050506592],
      "grenade": {
        "fov": 5.12,
        "run": 7
      }
    },
    {
      "name": ["Unnamed", "Stairs"],
      "weapon": "weapon_molotov",
      "position": [4010.7810058594, -4785.884765625, -305.96875],
      "viewangles": [-10.735191345215, 158.64778137207],
      "grenade": {
        "fov": 5.12,
        "run": 1
      },
      "duck": true
    },
    {
      "name": ["Unnamed", "Stairs"],
      "description": "25HP",
      "weapon": "weapon_hegrenade",
      "position": [4161.3291015625, -4768.21875, -305.96875],
      "viewangles": [-10.145662307739, 163.61749267578],
      "grenade": {
        "fov": 5.12,
        "run": 1
      },
      "duck": true
    },
    {
      "name": ["Unnamed", "            Rock"],
      "description": "R",
      "weapon": "weapon_molotov",
      "position": [3339.8784179688, -2667.4575195313, -111.1989440918],
      "viewangles": [2.0856864452362, -163.22416687012],
      "grenade": {
        "fov": 5.12,
        "run": 11,
        "jump": true
      }
    },
    {
      "name": ["Unnamed", "Rock"],
      "description": "L",
      "weapon": "weapon_molotov",
      "position": [3339.8024902344, -2667.5002441406, -111.19742584229],
      "viewangles": [1.5005239248276, -158.91630554199],
      "grenade": {
        "fov": 5.12,
        "run": 8,
        "jump": true
      }
    },
    {
      "name": ["Unnamed", "Water"],
      "weapon": "weapon_molotov",
      "position": [4139.5776367188, -4565.6064453125, -305.96875],
      "viewangles": [-21.121347427368, -175.60972595215],
      "grenade": {
        "fov": 5.12
      },
      "duck": true
    },
    {
      "name": ["Unnamed", "Water"],
      "weapon": "weapon_hegrenade",
      "position": [4167.7104492188, -4713.0756835938, -305.96875],
      "viewangles": [-13.97364616394, 167.71267700195],
      "grenade": {
        "fov": 5.12
      },
      "duck": true
    },
    {
      "name": ["Unnamed", "behind Rock"],
      "weapon": "weapon_hegrenade",
      "position": [2960.3715820313, -3580.9768066406, -143.86822509766],
      "viewangles": [10.810882568359, -178.6046295166],
      "grenade": {
        "strength": 0,
        "jump": true
      }
    },
    {
      "name": ["Unnamed", "Stairs"],
      "weapon": "weapon_molotov",
      "position": [4065.1684570313, -2463.9621582031, -93.727600097656],
      "viewangles": [-12.160885810852, -116.80741119385],
      "grenade": {
        "run": 34
      }
    },
    {
      "name": ["Unnamed", "Bridge"],
      "description": "RIGHT SIDE",
      "weapon": "weapon_molotov",
      "position": [4228.1342773438, -3339.9458007813, -150.87763977051],
      "viewangles": [-18.165798187256, -150.78327941895],
      "grenade": {
        "run": 30
      }
    },
    {
      "name": ["Unnamed", "Rock"],
      "description": "L",
      "weapon": "weapon_hegrenade",
      "position": [3381.1853027344, -2615.0329589844, -110.44012451172],
      "viewangles": [1.6253811120987, -156.62178039551],
      "grenade": {
        "run": 42,
        "delay": 4,
        "jump": true
      }
    },
    {
      "name": ["Unnamed", "Right Rock"],
      "description": "right",
      "weapon": "weapon_molotov",
      "position": [3083.9536132813, -3620.6452636719, -144.63687133789],
      "viewangles": [-22.446598052979, 164.26971435547],
      "grenade": {
        "run": 3
      }
    },
    {
      "name": ["Unnamed", "Right Rock"],
      "description": "right",
      "weapon": "weapon_hegrenade",
      "position": [3093.7634277344, -3579.7717285156, -137.03100585938],
      "viewangles": [-22.57204246521, 169.28581237793],
      "grenade": {
        "run": 14
      }
    },
    {
      "name": ["Rock", "Tree"],
      "weapon": "weapon_knife",
      "position": [1583.3601074219, -3639.0954589844, 35.796913146973],
      "viewangles": [13.420563697815, -42.676818847656],
      "movement": {
        "frames": [
          [
            0,
            0,
            "",
            450
          ],
          [
            0.65999984741211,
            0.50600051879883,
            "FL",
            450,
            0
          ],
          [
            1.0999994277954,
            0.90200042724609,
            "BfRl",
            450,
            0
          ],
          [
            1.0559997558594,
            0.72600173950195,
            "",
            450,
            0
          ],
          [
            0.98999977111816,
            0.57200622558594,
            "",
            450,
            0
          ],
          [
            0.24199867248535,
            0.087997436523438,
            "",
            450,
            0
          ],
          [
            0,
            0,
            "bFrL",
            450,
            0
          ],
          [
            0,
            0,
            "fl",
            450
          ],
          [
            0,
            0,
            "",
            450
          ],
          [
            0,
            0,
            "",
            450
          ],
          [
            0,
            0,
            "BR",
            450,
            0
          ],
          [
            0,
            0,
            "bFrL",
            450,
            0
          ],
          [
            0.26399803161621,
            0.021999359130859,
            "BfRl",
            450,
            0
          ],
          [
            0.37400054931641,
            0.065998077392578,
            "br",
            450
          ],
          [
            0.33000183105469,
            0.13199615478516,
            "FL",
            450,
            0
          ],
          [
            0.26400184631348,
            0.21999740600586,
            "Bf",
            450,
            0
          ],
          [
            0.33000183105469,
            0.5940055847168,
            "Rl",
            450,
            0
          ],
          [
            0.28600120544434,
            0.6820068359375,
            "br",
            450
          ],
          [
            0.1099967956543,
            0.63800811767578,
            "BR",
            450,
            0
          ],
          [
            0.087997436523438,
            0.52800369262695,
            "r",
            450
          ],
          [
            0.08799934387207,
            0.79200744628906,
            "b",
            450
          ],
          [
            -0.065998077392578,
            0.70400238037109,
            "",
            450
          ],
          [
            -0.15399742126465,
            1.0119972229004,
            "",
            450
          ],
          [
            -0.13199615478516,
            1.121997833252,
            "BL",
            450,
            0
          ],
          [
            -0.24199867248535,
            1.121997833252,
            "Rl",
            450,
            0
          ],
          [
            -0.39599990844727,
            0.5939998626709,
            "bF",
            450,
            225
          ],
          [
            -0.55000114440918,
            -0.1100025177002,
            "A"
          ],
          [
            -0.41799926757813,
            -1.2980003356934,
            "BfJ",
            0
          ],
          [
            -0.90199851989746,
            -2.7720069885254,
            "bjr",
            0,
            450
          ],
          [
            -0.8360013961792,
            -4.0040054321289,
            "BL",
            0,
            450
          ],
          [
            -0.70399951934814,
            -3.6300010681152,
            "",
            0,
            450
          ],
          [
            -0.26399993896484,
            -1.8920021057129,
            "",
            0,
            450
          ],
          [
            0.022000312805176,
            -2.0240020751953,
            "bl",
            0,
            450
          ],
          [
            -0.15399932861328,
            -2.4419975280762,
            "FR",
            0
          ],
          [
            -0.37399959564209,
            -2.3320007324219,
            "BfrL",
            0,
            450
          ],
          [
            -0.30799961090088,
            -1.9799995422363,
            "bFRl",
            0
          ],
          [
            -0.24200057983398,
            -3.1020088195801,
            "",
            0
          ],
          [
            0.022000312805176,
            -2.9920043945313,
            "fr"
          ],
          [
            0.22000026702881,
            -2.2660026550293,
            "",
            0,
            -450
          ],
          [
            0.044000625610352,
            -0.2859992980957,
            "aBL",
            0
          ],
          [
            0.22000026702881,
            0.7920036315918,
            "bFRl",
            0,
            -450
          ],
          [
            0.22000026702881,
            1.3640022277832,
            "BfrL",
            0
          ],
          [
            0.19799900054932,
            1.9360008239746,
            "bl",
            0,
            -450
          ],
          [
            0.21999931335449,
            2.0460014343262,
            "FR",
            0,
            -450
          ],
          [
            0.17600154876709,
            2.1559982299805,
            "",
            0,
            -450
          ],
          [
            0.11000061035156,
            1.8260040283203,
            "Bf",
            0,
            -450
          ],
          [
            0.066000938415527,
            1.3860015869141,
            "br",
            0,
            -450
          ],
          [
            0.26399993896484,
            2.7720031738281,
            "",
            0,
            -450
          ],
          [
            0.26399993896484,
            2.6840019226074,
            "BL",
            0
          ],
          [
            0.13199996948242,
            0.72600173950195,
            "bFRl",
            0
          ],
          [
            -0.043999671936035,
            -0.33000183105469,
            "BfrL",
            0,
            450
          ],
          [
            -0.11000061035156,
            -2.2659950256348,
            "",
            0,
            450
          ],
          [
            -0.065999984741211,
            -4.0040016174316,
            "",
            0,
            450
          ],
          [
            -0.22000026702881,
            -2.8380012512207,
            "bFRl",
            0
          ],
          [
            -0.044000625610352,
            -0.61600112915039,
            "fr",
            0,
            450
          ],
          [
            0,
            0,
            "FR",
            0,
            0
          ],
          [
            0,
            0,
            "",
            0,
            0
          ],
          [
            -0.022000312805176,
            0.065998077392578,
            "Dfr",
            0,
            -450
          ],
          [
            -0.066000938415527,
            0.66000366210938,
            "FL",
            0
          ],
          [
            0.065999984741211,
            1.1440010070801,
            "Bf",
            0
          ],
          [
            0.022000312805176,
            1.7600059509277,
            "bFRl",
            0,
            -450
          ],
          [
            -0.088001251220703,
            0.83600616455078,
            "BfrL",
            0
          ],
          [
            -0.088001251220703,
            0.35200119018555,
            "bl",
            0,
            -450
          ],
          [
            -0.066000938415527,
            1.2320022583008,
            "",
            0,
            -450
          ],
          [
            0,
            1.0780029296875,
            "FR",
            0,
            -450
          ],
          [
            -0.022000312805176,
            0.17599868774414,
            "fr",
            0,
            -450
          ],
          [
            0,
            0,
            "BL",
            0
          ],
          [
            0,
            0,
            "bl",
            0,
            -450
          ],
          [
            0,
            0,
            "FR",
            0,
            -450
          ],
          [
            0,
            0,
            "rL",
            0,
            0
          ],
          [
            -0.022000312805176,
            0,
            "",
            0,
            0
          ],
          [
            0,
            0,
            "dfl"
          ],
          1,
          [
            0,
            0,
            "BL",
            0,
            0
          ],
          [
            0,
            0,
            "bl"
          ],
          1
        ]
      }
    },
    {
      "name": ["ROCk", "Rock"],
      "weapon": "weapon_molotov",
      "position": [3248.9658203125, -3396.2639160156, -132.1397857666],
      "viewangles": [5.340690612793, -144.08508300781],
      "grenade": {
        "run": 10,
        "jump": true
      }
    },
    {
      "name": ["Voda fakeduck", "Water"],
      "weapon": "weapon_molotov",
      "position": [4153.1010742188, -4689.1596679688, -305.96875],
      "viewangles": [-13.777854919434, 169.12702941895],
      "duck": true
    },
    {
      "name": ["RockFrom Plant", "Rock"],
      "weapon": "weapon_molotov",
      "position": [3647.3327636719, -4335.3208007813, -70.96875],
      "viewangles": [-13.1830006, -178.15834],
      "grenade": {
        "run": 15
      }
    },
    {
      "name": ["Unnamed", "Plant"],
      "description": "BREAK FUCKIN WINDOW",
      "weapon": "weapon_hegrenade",
      "position": [2626.3537597656, -3607.5524902344, -143.6286315918],
      "viewangles": [-14.608016014099, -31.383127212524],
      "grenade": {
        "fov": 5.12,
        "run": 1
      }
    },
    {
      "name": ["Unnamed", "Anti-Nade"],
      "weapon": "weapon_hegrenade",
      "position": [2592.0556640625, -3644.6791992188, -151.06311035156],
      "viewangles": [2.639976978302, 5.2420034408569],
      "grenade": {
        "strength": 0,
        "run": 4,
        "jump": true
      },
      "duck": true
    },
    {
      "name": ["Unnamed", "Anti-Nade"],
      "weapon": "weapon_molotov",
      "position": [2592.0544433594, -3644.6791992188, -151.06359863281],
      "viewangles": [2.639976978302, 5.2420034408569],
      "grenade": {
        "strength": 0,
        "jump": true
      },
      "duck": true
    },
    {
      "name": ["Unnamed", "Anti-Nade"],
      "weapon": "weapon_hegrenade",
      "position": [1606.7337646484, -4551.6489257813, -227.93309020996],
      "viewangles": [-20.251050949097, 33.772197723389],
      "grenade": {
        "run": 34
      }
    },
    {
      "name": ["Unnamed", "Anti-Nade"],
      "weapon": "weapon_molotov",
      "position": [1606.7312011719, -4551.5576171875, -227.92747497559],
      "viewangles": [-23.661045074463, 35.158199310303],
      "grenade": {
        "run": 18
      }
    },
    {
      "name": ["Unnamed", "Plant"],
      "description": "BREAK FUCKIN WINDOW",
      "weapon": "weapon_molotov",
      "position": [2625.3940429688, -3611.8212890625, -144.31573486328],
      "viewangles": [-14.357226371765, -31.059736251831],
      "grenade": {
        "fov": 5.12,
        "run": 1
      }
    },
    {
      "name": ["Unnamed", "Water"],
      "weapon": "weapon_molotov",
      "position": [3647.7211914063, -2782.0698242188, -112.59048461914],
      "viewangles": [-7.2930536270142, -103.47388458252],
      "grenade": {
        "run": 16
      }
    },
    {
      "name": ["Unnamed", "Bridge"],
      "description": "CENTER",
      "weapon": "weapon_molotov",
      "position": [4283.6728515625, -3399.2160644531, -167.19998168945],
      "viewangles": [-13.970417022705, -146.9440612793],
      "grenade": {
        "run": 41
      }
    },
    {
      "name": ["Unnamed", "Default Rock"],
      "weapon": "weapon_molotov",
      "position": [4064.9653320313, -2464.1611328125, -93.745582580566],
      "viewangles": [-22.38098526001, -136.81314086914],
      "grenade": {
        "run": 14
      }
    },
    {
      "name": ["Unnamed", "Rock"],
      "description": "R",
      "weapon": "weapon_hegrenade",
      "position": [3276.8588867188, -2693.5490722656, -108.98318481445],
      "viewangles": [-20.810220718384, -156.39280700684],
      "grenade": {
        "run": 38,
        "recovery_yaw": 180,
        "run_yaw": -25
      }
    },
    {
      "name": ["Unnamed", "Stairs"],
      "description": "34HP",
      "weapon": "weapon_hegrenade",
      "position": [3980.9733886719, -4785.392578125, -305.96875],
      "viewangles": [-18.067876815796, 156.16149902344],
      "duck": true
    },
    {
      "name": ["Unnamed", "Stairs"],
      "description": "26HP",
      "weapon": "weapon_hegrenade",
      "position": [4151.9604492188, -3230.1887207031, -123.10033416748],
      "viewangles": [-8.374755859375, -133.05958557129],
      "grenade": {
        "run": 14
      }
    },
    {
      "name": ["Unnamed", "Stairs"],
      "description": "44HP",
      "weapon": "weapon_hegrenade",
      "position": [3647.1311035156, -4778.6977539063, -305.96875],
      "viewangles": [-12.502488136292, 141.86851501465],
      "duck": true
    },
    {
      "name": ["Unnamed", "Stairs"],
      "description": "UNSAFE 35HP",
      "weapon": "weapon_hegrenade",
      "position": [3770.53515625, -3535.5180664063, -159.115234375],
      "viewangles": [-8.7156677246094, -130.22245788574]
    },
    {
      "name": ["Unnamed", "Stairs"],
      "weapon": "weapon_hegrenade",
      "position": [3630.1696777344, -3365.9536132813, -147.95278930664],
      "viewangles": [-8.8410797119141, -116.87743377686],
      "grenade": {
        "run": 1
      },
      "duck": true
    }
  ]