[
    {
      "name": ["Unnamed", "Boost"],
      "weapon": "weapon_molotov",
      "position": [-5786.2954101563, -3294.712890625, 577.03125],
      "viewangles": [-8.025541305542, 30.862058639526],
      "grenade": {
        "fov": 5.12,
        "jump": true
      }
    },
    {
      "name": ["Unnamed", "B Plant"],
      "weapon": "weapon_molotov",
      "position": [-5337.5859375, -2779.7651367188, 665.03125],
      "viewangles": [-53.921985626221, -3.4187581539154],
      "grenade": {
        "fov": 5.12,
        "run": 10,
        "jump": true
      }
    }
  ]