[
    {
      "name": ["Outside", "A Vent"],
      "weapon": "weapon_smokegrenade",
      "position": [-891.98352050781, -927.00720214844, -415.96875],
      "viewangles": [-17.061073303223, -11.162200927734],
      "grenade": {
        "jump": true
      },
      "destroy": {
        "end": [
          406.56256103516,
          -1192.8905029297,
          123.97882843018
        ],
        "start": [
          316.30453491211,
          -1190.5770263672,
          180.1637878418
        ],
        "text": "Break the right window"
      },
      "duck": true
    },
    {
      "name": ["Stairs", "Door"],
      "description": "Left",
      "weapon": "weapon_molotov",
      "position": [1391.982421875, -769.33349609375, -683.51806640625],
      "viewangles": [-9.1959276199341, 144.81245422363],
      "grenade": {
        "run": 21,
        "recovery_jump": true,
        "recovery_yaw": 90
      }
    },
    {
      "name": ["Unnamed", "Ramp"],
      "weapon": "weapon_molotov",
      "position": [1102.0400390625, -982.23602294922, -767.96875],
      "viewangles": [-7.6448731422424, 124.02018737793],
      "grenade": {
        "run": 10,
        "recovery_jump": true,
        "recovery_yaw": -140,
        "run_yaw": 60
      }
    },
    {
      "name": ["PLANT", "PLANT"],
      "weapon": "weapon_molotov",
      "position": [1274.578125, -379.56610107422, -127.96875],
      "viewangles": [2.7249221801758, -163.6641998291],
      "grenade": {
        "fov": 5.12,
        "run": 11
      }
    },
    {
      "name": ["PUSH_MID", "mid"],
      "description": "Destroy vent on ground",
      "weapon": "weapon_molotov",
      "position": [690.21209716797, -1653.6414794922, -639.96875],
      "viewangles": [-45.679672241211, 46.628471374512],
      "grenade": {
        "fov": 5.12
      }
    },
    {
      "name": ["mid_1w", "mid_1w"],
      "weapon": "weapon_molotov",
      "position": [900.89050292969, -1660.9814453125, -639.96875],
      "viewangles": [-38.030212402344, 39.606132507324],
      "grenade": {
        "fov": 5.12
      }
    },
    {
      "name": ["A plant", "A plant"],
      "weapon": "weapon_molotov",
      "position": [-200.02030944824, -586.91571044922, -105.96875],
      "viewangles": [-31.4244556427, -2.1633813381195],
      "grenade": {
        "fov": 5.12,
        "run": 26
      }
    },
    {
      "name": ["Heaven", "Heaven"],
      "weapon": "weapon_molotov",
      "position": [241.48512268066, 43.992382049561, -415.96875],
      "viewangles": [-26.300336837769, -21.543451309204],
      "grenade": {
        "fov": 5.12
      }
    },
    {
      "name": ["Heaven", "Heaven"],
      "weapon": "weapon_molotov",
      "position": [-420.1867980957, -1067.5648193359, -104.84375],
      "viewangles": [2.9182484149933, 20.240827560425],
      "grenade": {
        "fov": 5.12,
        "run": 1,
        "jump": true
      }
    },
    {
      "name": ["Back_Vent", "Back_Vent"],
      "weapon": "weapon_molotov",
      "position": [18.718999862671, -941.69097900391, -21.968999862671],
      "viewangles": [-13.041584014893, -24.047315597534],
      "grenade": {
        "fov": 5.12,
        "run": 4
      }
    },
    {
      "name": ["door", "door"],
      "weapon": "weapon_molotov",
      "position": [-282.47888183594, -1963.6516113281, -415.96875],
      "viewangles": [2.3730175495148, 10.812182426453],
      "grenade": {
        "fov": 5.12,
        "jump": true
      }
    },
    {
      "name": ["Heaven", "Heaven"],
      "weapon": "weapon_smokegrenade",
      "position": [-10.826609611511, -1475.8715820313, -41.247463226318],
      "viewangles": [-21.728214263916, 47.774829864502],
      "grenade": {
        "fov": 5.12
      }
    },
    {
      "name": ["top_of_hud", "top_of_hud"],
      "weapon": "weapon_molotov",
      "position": [-10.774180412292, -1475.8494873047, -41.24781036377],
      "viewangles": [-8.4358224868774, 32.726669311523],
      "grenade": {
        "fov": 5.12
      }
    },
    {
      "name": ["top_of_hud", "top_of_hud"],
      "weapon": "weapon_flashbang",
      "position": [-10.038090705872, -1475.8896484375, -41.171676635742],
      "viewangles": [-8.6866245269775, 32.601253509521],
      "grenade": {
        "fov": 5.12
      }
    },
    {
      "name": ["a", "a"],
      "weapon": "weapon_flashbang",
      "position": [-10.038090705872, -1475.8896484375, -41.171676635742],
      "viewangles": [-14.956608772278, 32.475872039795],
      "grenade": {
        "fov": 5.12
      }
    },
    {
      "name": ["here", "Ramp"],
      "weapon": "weapon_molotov",
      "position": [1290.8059082031, -592.16394042969, -638.96875],
      "viewangles": [-6.2585200309753, 149.50087890625],
      "grenade": {
        "run": 36
      }
    },
    {
      "name": ["Unnamed", "Ramp \/ Door"],
      "description": "Right",
      "weapon": "weapon_molotov",
      "position": [349.97619628906, -730.36584472656, -771.96875],
      "viewangles": [-18.719272613525, 51.241550445557],
      "grenade": {
        "fov": 5.12,
        "run": 6
      }
    },
    {
      "name": ["Unnamed", "Door \/ Ramp"],
      "description": "Right",
      "weapon": "weapon_hegrenade",
      "position": [350.01177978516, -730.32891845703, -771.96875],
      "viewangles": [-18.587270736694, 51.01346206665],
      "grenade": {
        "fov": 5.12,
        "run": 6,
        "recovery_yaw": 90
      }
    },
    {
      "name": ["Unnamed", "Door \/ Ramp"],
      "description": "Left",
      "weapon": "weapon_hegrenade",
      "position": [1391.9938964844, -769.42047119141, -683.5771484375],
      "viewangles": [-9.98792552948, 144.84843444824],
      "grenade": {
        "run": 15,
        "recovery_jump": true,
        "recovery_yaw": 90
      }
    },
    {
      "name": ["Stairs", "B side - Shoot the door until small hole appears"],
      "description": "Left",
      "weapon": "weapon_flashbang",
      "position": [1064.0102539063, -1128.0983886719, -735.90795898438],
      "viewangles": [3.1403434276581, 22.839212417603]
    },
    {
      "name": ["Unnamed", "Ramp"],
      "weapon": "weapon_smokegrenade",
      "position": [770.18902587891, 20.865041732788, -639.96875],
      "viewangles": [34.386005401611, -137.50166320801]
    },
    {
      "name": ["Unnamed", "Ramp"],
      "weapon": "weapon_smokegrenade",
      "position": [493.34786987305, 36.763481140137, -639.96875],
      "viewangles": [30.40398979187, -44.969619750977]
    },
    {
      "name": ["Decon", "Door"],
      "description": "Right \/ unsafe",
      "weapon": "weapon_molotov",
      "position": [261.17385864258, -1312.9890136719, -775.96875],
      "viewangles": [-25.123958587646, 97.524520874023],
      "grenade": {
        "run": 32,
        "recovery_jump": true,
        "recovery_yaw": 180,
        "run_yaw": -90
      }
    },
    {
      "name": ["Bombsite", "Ramp \/ Door"],
      "description": "Left",
      "weapon": "weapon_molotov",
      "position": [772.61572265625, -560.03820800781, -767.96875],
      "viewangles": [-10.560034751892, 101.15332794189],
      "grenade": {
        "run": 8,
        "recovery_yaw": 180,
        "run_yaw": 89
      }
    },
    {
      "name": ["Bombsite", "Ramp \/ Door"],
      "description": "Left",
      "weapon": "weapon_hegrenade",
      "position": [772.65881347656, -560.07122802734, -767.96875],
      "viewangles": [-15.818054199219, 101.39537811279],
      "grenade": {
        "run": 8,
        "recovery_yaw": 180,
        "run_yaw": 90
      }
    },
    {
      "name": ["Garage", "Window"],
      "weapon": "weapon_molotov",
      "position": [759.63806152344, 5.3983240127563, -639.96875],
      "viewangles": [-4.4220142364502, -90.414840698242],
      "grenade": {
        "run": 12,
        "recovery_yaw": 180,
        "run_yaw": 90
      }
    },
    {
      "name": ["Control Room", "Door"],
      "description": "Left \/ safe",
      "weapon": "weapon_molotov",
      "position": [1163.1879882813, -458.45281982422, -639.96875],
      "viewangles": [-2.4772372245789, 138.99349975586],
      "grenade": {
        "run": 8,
        "recovery_yaw": 180,
        "run_yaw": 90
      }
    },
    {
      "name": ["Garage", "Decon"],
      "weapon": "weapon_molotov",
      "position": [498.96069335938, 22.195306777954, -639.96875],
      "viewangles": [-3.6080725193024, -69.818717956543],
      "grenade": {
        "run": 11,
        "recovery_yaw": 180,
        "run_yaw": -90
      }
    },
    {
      "name": ["heaven", "heaven"],
      "weapon": "weapon_molotov",
      "position": [-172.24942016602, -1193.8448486328, -155.46875],
      "viewangles": [1.7528216838837, 31.477325439453],
      "grenade": {
        "jump": true
      }
    },
    {
      "name": ["ramp", "Ramp"],
      "description": "Fakeduck",
      "weapon": "weapon_molotov",
      "position": [636.79284667969, -1359.9765625, -767.96875],
      "viewangles": [-24.969924926758, 57.508369445801],
      "grenade": {
        "run": 23,
        "recovery_jump": true,
        "recovery_yaw": 90
      }
    },
    {
      "name": ["Garage", "Stairs"],
      "description": "unsafe",
      "weapon": "weapon_molotov",
      "position": [452.53561401367, -20.028047561646, -639.96875],
      "viewangles": [-5.5221338272095, -12.195056915283],
      "grenade": {
        "run": 20,
        "recovery_jump": true,
        "recovery_yaw": 180,
        "run_yaw": -90
      }
    },
    {
      "name": ["Garage", "Stairs"],
      "description": "unsafe",
      "weapon": "weapon_hegrenade",
      "position": [452.47015380859, -20.37007522583, -639.96875],
      "viewangles": [-6.1161279678345, -11.32316493988],
      "grenade": {
        "run": 19,
        "recovery_jump": true,
        "recovery_yaw": 180,
        "run_yaw": -90
      }
    },
    {
      "name": ["Garage", "Doors"],
      "description": "unsafe",
      "weapon": "weapon_molotov",
      "position": [759.90802001953, 5.3738880157471, -639.96875],
      "viewangles": [3.475736618042, -106.66152954102],
      "grenade": {
        "run": 14,
        "recovery_yaw": 180,
        "run_yaw": 90
      }
    },
    {
      "name": ["Garage", "Window"],
      "weapon": "weapon_hegrenade",
      "position": [759.72222900391, 5.3892755508423, -639.96875],
      "viewangles": [-4.368052482605, -90.404541015625],
      "grenade": {
        "run": 12,
        "recovery_yaw": 180,
        "run_yaw": 90
      }
    },
    {
      "name": ["Control Room", "Ramp"],
      "description": "unsafe",
      "weapon": "weapon_hegrenade",
      "position": [1060.2255859375, -479.86990356445, -597.96875],
      "viewangles": [-0.25426125526428, 147.73498535156],
      "grenade": {
        "run": 6,
        "recovery_yaw": -90
      }
    },
    {
      "name": ["Unnamed", "Ramp"],
      "description": "unsafe",
      "weapon": "weapon_molotov",
      "position": [1163.1865234375, -458.46105957031, -639.96875],
      "viewangles": [14.739914894104, 129.5005645752],
      "grenade": {
        "run": 20,
        "recovery_jump": true,
        "run_yaw": 78,
        "jump": true
      }
    },
    {
      "name": ["Unnamed", "Ramp"],
      "weapon": "weapon_hegrenade",
      "position": [1163.1865234375, -458.46105957031, -639.96875],
      "viewangles": [14.739914894104, 129.5005645752],
      "grenade": {
        "run": 20,
        "recovery_jump": true,
        "run_yaw": 78,
        "jump": true
      }
    },
    {
      "name": ["Observation", "Plant"],
      "weapon": "weapon_molotov",
      "position": [1206.7014160156, -373.03125, -639.96875],
      "viewangles": [0.42000776529312, -133.48931884766],
      "grenade": {
        "run": 28
      }
    },
    {
      "name": ["Ramp", "Trophy"],
      "weapon": "weapon_hegrenade",
      "position": [737.42919921875, 46.903968811035, -415.96875],
      "viewangles": [-6.5900821685791, 171.64985656738],
      "grenade": {
        "run": 28
      }
    },
    {
      "name": ["Unnamed", "Ramp"],
      "weapon": "weapon_molotov",
      "position": [759.68304443359, 5.37189245224, -639.96875],
      "viewangles": [-12.700080871582, -80.195053100586],
      "grenade": {
        "run": 10,
        "recovery_jump": true,
        "recovery_yaw": 180,
        "run_yaw": 90
      }
    },
    {
      "name": ["Unnamed", "Ramp"],
      "weapon": "weapon_hegrenade",
      "position": [759.75, 5.3539061546326, -639.96875],
      "viewangles": [-12.700080871582, -80.197250366211],
      "grenade": {
        "run": 10,
        "recovery_jump": true,
        "recovery_yaw": 180,
        "run_yaw": 90
      }
    },
    {
      "name": ["Unnamed", "Corridor"],
      "weapon": "weapon_molotov",
      "position": [1266.2556152344, -941.84747314453, -767.96875],
      "viewangles": [-22.316761016846, -125.96755981445],
      "grenade": {
        "run": 10,
        "recovery_jump": true,
        "recovery_yaw": 90
      }
    },
    {
      "name": ["Unnamed", "Corridor"],
      "weapon": "weapon_hegrenade",
      "position": [1266.2583007813, -941.84808349609, -767.96875],
      "viewangles": [-22.316761016846, -125.96755981445],
      "grenade": {
        "run": 10,
        "recovery_jump": true,
        "recovery_yaw": 90
      }
    },
    {
      "name": ["Unnamed", "Boxes"],
      "weapon": "weapon_hegrenade",
      "position": [1096.9326171875, -1116.2310791016, -743.81579589844],
      "viewangles": [-1.7225480079651, 108.47408294678],
      "grenade": {
        "run": 1
      }
    },
    {
      "name": ["Unnamed", "Boxes"],
      "weapon": "weapon_molotov",
      "position": [1096.9327392578, -1116.2316894531, -743.81842041016],
      "viewangles": [-1.7225480079651, 108.47408294678],
      "grenade": {
        "run": 1
      }
    },
    {
      "name": ["Roof", "Top Hud"],
      "description": "Break Window",
      "weapon": "weapon_molotov",
      "position": [-470.58148193359, -1167.4145507813, -155.46875],
      "viewangles": [0.59382045269012, -0.085864275693893],
      "grenade": {
        "run": 20,
        "jump": true
      }
    },
    {
      "name": ["Lobby", "Top roof"],
      "weapon": "weapon_molotov",
      "position": [-18.17004776001, -982.61328125, -415.96875],
      "viewangles": [-44.013488769531, -4.6019158363342]
    },
    {
      "name": ["Hud", "A1"],
      "weapon": "weapon_knife",
      "position": [370.97903442383, -1023.2798461914, -255.96875],
      "viewangles": [14.177203178406, 48.888122558594],
      "movement": {
        "frames": [
          [
            0,
            0,
            "F"
          ],
          2,
          [
            0.029919624328613,
            0.022441864013672
          ],
          [
            0.052359580993652,
            0.037403106689453
          ],
          [
            0.044879913330078,
            0.014961242675781
          ],
          [
            0.029918670654297
          ],
          [
            0.037399291992188
          ],
          [
            0.052359580993652
          ],
          [
            0.044878959655762
          ],
          [
            0.014959335327148
          ],
          [
            0.0074796676635742
          ],
          [
            0.014959335327148
          ],
          [
            0.037398338317871
          ],
          [
            0.052359580993652,
            -0.014961242675781
          ],
          [
            0.052359580993652,
            -0.0074806213378906
          ],
          [
            0.089761734008789,
            -0.0074806213378906
          ],
          [
            0.097240447998047,
            0.022441864013672
          ],
          [
            0.15707874298096,
            0.067325592041016
          ],
          [
            0.20195960998535,
            0.12716674804688
          ],
          [
            0.20195960998535,
            0.13463973999023
          ],
          [
            0.26927947998047,
            0.16455841064453
          ],
          [
            0.35155868530273,
            0.23188018798828
          ],
          [
            0.27676010131836,
            0.17203903198242
          ],
          [
            0.3216381072998,
            0.20196151733398
          ],
          [
            0.38896179199219,
            0.20943832397461
          ],
          [
            0.3216381072998,
            0.1346435546875
          ],
          [
            0.27676010131836,
            0.089767456054688
          ],
          [
            0.28423881530762,
            0.044883728027344
          ],
          [
            0.27676010131836,
            0.029922485351563
          ],
          [
            0.22440147399902,
            0.029922485351563
          ],
          [
            0.27676010131836,
            0.044883728027344
          ],
          [
            0.2468376159668,
            0.022441864013672
          ],
          [
            0.32164192199707,
            0.0074806213378906
          ],
          [
            0.26927757263184
          ],
          [
            0.25431823730469,
            -0.0074806213378906
          ],
          [
            0.27676010131836,
            -0.014961242675781
          ],
          [
            0.26927947998047
          ],
          [
            0.31415939331055,
            -0.022441864013672
          ],
          [
            0.29171752929688,
            -0.037403106689453
          ],
          [
            0.30667686462402,
            -0.082286834716797
          ],
          [
            0.29172134399414,
            -0.1346435546875
          ],
          [
            0.20944023132324,
            -0.14960098266602
          ],
          [
            0.19448089599609,
            -0.17952346801758
          ],
          [
            0.20943832397461,
            -0.26927947998047
          ],
          [
            0.16456031799316,
            -0.2992057800293
          ],
          [
            0.14960098266602,
            -0.33660507202148
          ],
          [
            0.17203903198242,
            -0.49368286132813
          ],
          [
            0.1047191619873,
            -0.38896179199219
          ],
          [
            0.097240447998047,
            -0.35904312133789
          ],
          [
            0.059837341308594,
            -0.32164001464844
          ],
          [
            0.074798583984375,
            -0.39644241333008
          ],
          [
            0.074800491333008,
            -0.48619842529297
          ],
          [
            0.03740119934082,
            -0.71060180664063
          ],
          [
            0.0074806213378906,
            -0.67319869995117
          ],
          [
            -0.0074806213378906,
            -0.77792358398438
          ],
          [
            -0.052360534667969,
            -1.0172843933105
          ],
          [
            -0.082279205322266,
            -0.82279968261719
          ],
          [
            -0.097240447998047,
            -0.68815994262695,
            "J"
          ],
          [
            -0.059841156005859,
            -0.46376037597656,
            "j"
          ],
          [
            -0.052358627319336,
            -0.19448471069336
          ],
          [
            -0.029922485351563,
            -0.052364349365234
          ],
          [
            -0.029922485351563,
            0.052360534667969
          ],
          [
            -0.052360534667969,
            0.26928329467773
          ],
          [
            -0.067317962646484,
            0.49368286132813
          ],
          [
            -0.1346378326416,
            0.97987747192383,
            "L"
          ],
          [
            -0.12716102600098,
            1.0322380065918
          ],
          [
            -0.17203903198242,
            1.1294746398926
          ],
          [
            -0.19448280334473,
            1.2341957092285
          ],
          [
            -0.31415748596191,
            1.5558395385742
          ],
          [
            -0.36651802062988,
            1.5483589172363,
            "f"
          ],
          [
            -0.25432014465332,
            0.95743942260742
          ],
          [
            -0.41139984130859,
            1.4511222839355
          ],
          [
            -0.45627593994141,
            1.3912773132324
          ],
          [
            -0.38147926330566,
            1.084602355957
          ],
          [
            -0.39643859863281,
            1.0546798706055
          ],
          [
            -0.49367713928223,
            1.204273223877
          ],
          [
            -0.43383979797363,
            0.96492004394531
          ],
          [
            -0.58343887329102,
            1.0322418212891
          ],
          [
            -0.32912063598633,
            0.47124099731445
          ],
          [
            -0.40392112731934,
            0.37400054931641,
            "Rl",
            0,
            0
          ],
          [
            -0.35904121398926,
            0.15708541870117,
            "",
            0,
            0
          ],
          [
            -0.45627975463867,
            0.0074806213378906,
            "",
            0,
            0
          ],
          [
            -0.33659839630127,
            -0.12715911865234
          ],
          [
            -0.41888046264648,
            -0.26928329467773
          ],
          [
            -0.50116157531738,
            -0.41139602661133
          ],
          [
            -0.57596015930176,
            -0.49367904663086
          ],
          [
            -0.53855991363525,
            -0.50864028930664
          ],
          [
            -0.58344078063965,
            -0.59092330932617,
            "D"
          ],
          [
            -0.50115966796875,
            -0.52359771728516
          ],
          [
            -0.59091949462891,
            -0.61336135864258
          ],
          [
            -0.41139888763428,
            -0.39644241333008
          ],
          [
            -0.4488000869751,
            -0.40392303466797
          ],
          [
            -0.57596015930176,
            -0.47123718261719
          ],
          [
            -0.45628070831299,
            -0.32912063598633
          ],
          [
            -0.43383979797363,
            -0.27676010131836
          ],
          [
            -0.39643955230713,
            -0.23188400268555
          ],
          [
            -0.29171943664551,
            -0.14211654663086
          ],
          [
            -0.26927947998047,
            -0.12717056274414
          ],
          [
            -0.27676010131836,
            -0.082283020019531,
            "r"
          ],
          [
            -0.15708065032959,
            -0.022441864013672
          ],
          [
            -0.044879913330078,
            -0.0074806213378906
          ],
          [
            -0.014959335327148
          ],
          [
            -0.037399291992188
          ],
          [
            -0.052358627319336,
            -0.022441864013672
          ]
        ]
      }
    },
    {
      "name": ["Silo", "No fall damage"],
      "description": "12AA",
      "weapon": "weapon_knife",
      "position": [122.71480560303, -1673.6833496094, -19.968734741211],
      "viewangles": [41.868022918701, -38.957164764404],
      "movement": {
        "frames": [
          [
            0,
            0,
            "F"
          ],
          [
            0,
            0.022441864013672
          ],
          [
            -0.0074806213378906,
            0.022441864013672
          ],
          [
            0,
            0.0074806213378906
          ],
          [
            0,
            0.022441864013672
          ],
          [
            0,
            0.037403106689453
          ],
          [
            0.0074806213378906,
            0.074806213378906
          ],
          [
            0,
            0.20195770263672
          ],
          [
            0.037403106689453,
            0.23188018798828
          ],
          [
            0.037403106689453,
            0.31416702270508
          ],
          [
            0.022441864013672,
            0.31416320800781
          ],
          [
            0,
            0.22440338134766
          ],
          [
            0,
            0.16455841064453
          ],
          [
            0.0074806213378906,
            0.059844970703125
          ],
          [
            0.014961242675781,
            -0.052360534667969
          ],
          [
            0.014961242675781,
            -0.3515625
          ],
          [
            0,
            -0.022441864013672
          ],
          23,
          [
            0,
            -0.12715911865234
          ],
          [
            0.0074806213378906,
            -0.20944213867188
          ],
          [
            0.0074806213378906,
            -0.1645622253418
          ],
          [
            0,
            -0.044883728027344
          ],
          [
            0.0074806213378906,
            -0.059844970703125
          ],
          [
            0,
            -0.044883728027344
          ],
          [
            0,
            -0.029922485351563
          ],
          [
            0.014961242675781,
            -0.067325592041016
          ],
          [
            0.014961242675781,
            -0.074806213378906
          ],
          [
            0.014961242675781,
            -0.089767456054688
          ],
          [
            0.0074806213378906,
            -0.067325592041016
          ],
          [
            0.014961242675781,
            -0.037403106689453
          ],
          [
            0.014961242675781,
            -0.014961242675781
          ],
          [
            0.0074806213378906
          ],
          [
            0.044883728027344,
            0.022441864013672
          ],
          [
            0.074806213378906,
            0.082283020019531
          ],
          [
            0.14212799072266,
            0.25431823730469,
            "J"
          ],
          [
            0.14211654663086,
            0.33660125732422,
            "jL"
          ],
          [
            0.20196151733398,
            0.58344268798828
          ],
          [
            0.17203903198242,
            0.61336135864258
          ],
          [
            0.25432205200195,
            0.96491622924805
          ],
          [
            0.24684143066406,
            0.98736190795898,
            "f"
          ],
          [
            0.37400054931641,
            1.7428436279297
          ],
          [
            0.17952346801758,
            0.96492004394531
          ],
          [
            0.26928329467773,
            1.7353610992432
          ],
          [
            0.20944213867188,
            1.7428398132324
          ],
          [
            0.20943832397461,
            2.1617183685303
          ],
          [
            0.11220169067383,
            1.8026809692383
          ],
          [
            0.089767456054688,
            1.8999195098877
          ],
          [
            0.052364349365234,
            2.0345592498779
          ],
          [
            0.022441864013672,
            2.1093616485596
          ],
          [
            0.0074806213378906,
            1.6605606079102
          ],
          [
            -0.022441864013672,
            1.5782785415649
          ],
          [
            -0.074806213378906,
            1.9971599578857
          ],
          [
            -0.082286834716797,
            1.8924398422241
          ],
          [
            -0.1047248840332,
            1.6830005645752
          ],
          [
            -0.12715911865234,
            1.7578001022339
          ],
          [
            -0.1047248840332,
            1.3389201164246
          ],
          [
            -0.16455841064453,
            1.8326001167297
          ],
          [
            -0.16455841064453,
            1.5109603404999
          ],
          [
            -0.19448471069336,
            1.7877200841904
          ],
          [
            -0.17951965332031,
            1.4137199223042
          ],
          [
            -0.26928329467773,
            1.8924399316311
          ],
          [
            -0.20196151733398,
            1.256639957428
          ],
          [
            -0.23188018798828,
            1.3389201164246
          ],
          [
            -0.2992057800293,
            1.5633201599121
          ],
          [
            -0.25432205200195,
            1.2342000007629
          ],
          [
            -0.32912445068359,
            1.5034794807434
          ],
          [
            -0.24684143066406,
            1.062159538269
          ],
          [
            -0.44880676269531,
            1.6007204055786
          ],
          [
            -0.20196151733398,
            0.72555923461914
          ],
          [
            -0.15708160400391,
            0.62084007263184
          ],
          [
            -0.089763641357422,
            0.2992000579834,
            "R",
            0,
            -225
          ],
          [
            -0.074806213378906,
            0.1870002746582,
            "",
            0,
            0
          ],
          [
            -0.022441864013672,
            0.014959335327148,
            "l"
          ],
          [
            -0.037403106689453,
            -0.1047191619873
          ],
          [
            -0.044883728027344,
            -0.27675914764404
          ],
          [
            -0.0074806213378906,
            -0.52359962463379
          ],
          [
            0.022441864013672,
            -0.69564056396484
          ],
          [
            0.052364349365234,
            -0.70312023162842
          ],
          [
            0.059841156005859,
            -0.72555923461914
          ],
          [
            0.097244262695313,
            -0.87515926361084
          ],
          [
            0.11220550537109,
            -1.114520072937
          ],
          [
            0.097244262695313,
            -0.83775997161865
          ],
          [
            0.097248077392578,
            -0.92004060745239
          ],
          [
            0.11967849731445,
            -0.97240018844604
          ],
          [
            0.1047248840332,
            -0.88263988494873
          ],
          [
            0.082286834716797,
            -0.64328050613403
          ],
          [
            0.082286834716797,
            -0.60588026046753,
            "D"
          ],
          [
            0.082286834716797,
            -0.66571998596191
          ],
          [
            0.059844970703125,
            -0.48619985580444
          ],
          [
            0.059844970703125,
            -0.53856003284454
          ],
          [
            0.037403106689453,
            -0.47124004364014
          ],
          [
            0.037403106689453,
            -0.50116002559662
          ],
          [
            0.029922485351563,
            -0.6881600022316
          ],
          [
            0.014961242675781,
            -0.62832003831863
          ],
          [
            0.014961242675781,
            -0.77792000770569
          ],
          [
            0.014961242675781,
            -1.084599852562
          ],
          [
            0,
            -0.86767983436584
          ],
          [
            0,
            -0.96491980552673
          ],
          [
            0,
            -1.7203998565674
          ],
          [
            0.029922485351563,
            -1.0023202896118
          ],
          [
            0.022441864013672,
            -1.1668796539307
          ],
          [
            0.0074806213378906,
            -1.2117605209351
          ],
          [
            0.014961242675781,
            -1.2192401885986
          ],
          [
            0.022441864013672,
            -1.2192401885986
          ],
          [
            0.029922485351563,
            -1.039719581604
          ],
          [
            0.037403106689453,
            -0.92003917694092
          ],
          [
            0.082286834716797,
            -1.2865600585938
          ],
          [
            0.11968612670898,
            -1.7652816772461
          ],
          [
            0.074802398681641,
            -1.4585971832275
          ],
          [
            0.052364349365234,
            -1.6755218505859
          ],
          [
            0,
            -1.697961807251
          ],
          [
            -0.052364349365234,
            -2.864839553833
          ],
          [
            -0.082286834716797,
            -2.5955581665039
          ],
          [
            -0.1346435546875,
            -2.6778411865234
          ],
          [
            -0.17951965332031,
            -3.1416015625
          ],
          [
            -0.14960479736328,
            -2.6703567504883
          ],
          [
            -0.17951965332031,
            -2.8124809265137
          ],
          [
            -0.15708160400391,
            -2.9321632385254
          ],
          [
            -0.082286834716797,
            -2.056999206543
          ],
          [
            -0.0074806213378906,
            -1.3538818359375
          ],
          [
            0.014961242675781,
            -1.7503204345703
          ],
          [
            0.059844970703125,
            -1.0621604919434,
            "L",
            0,
            0
          ],
          [
            0.074806213378906,
            -0.88264083862305,
            "",
            0,
            0
          ],
          [
            0.052364349365234,
            -0.43384170532227,
            "",
            0,
            0
          ],
          [
            0.029922485351563,
            -0.17952346801758,
            "",
            0,
            0
          ],
          [
            0,
            0,
            "",
            0,
            0
          ],
          [
            0,
            0.11968612670898,
            "r"
          ],
          [
            -0.029922485351563,
            0.37400054931641
          ],
          [
            -0.044883728027344,
            0.56099700927734,
            "J"
          ],
          [
            -0.074806213378906,
            0.65824127197266,
            "j"
          ],
          [
            -0.17204284667969,
            1.0696449279785
          ],
          [
            -0.29172134399414,
            1.3763198852539
          ],
          [
            -0.54603958129883,
            2.1392784118652
          ],
          [
            -0.58343887329102,
            2.1841506958008
          ],
          [
            -0.61335372924805,
            2.3487167358398
          ],
          [
            -0.52360153198242,
            2.1467628479004
          ],
          [
            -0.43384170532227,
            2.0420417785645
          ],
          [
            -0.22439956665039,
            1.3389167785645
          ],
          [
            -0.23936080932617,
            1.361364364624
          ],
          [
            -0.19448089599609,
            1.0023193359375,
            "d"
          ],
          [
            -0.19448471069336,
            0.98735809326172
          ],
          [
            -0.19447708129883,
            0.94995880126953
          ],
          [
            -0.16456604003906,
            0.77043724060059
          ],
          [
            -0.1047248840332,
            0.83028221130371
          ],
          [
            -0.074806213378906,
            0.82279777526855
          ],
          [
            -0.044883728027344,
            0.78539848327637
          ],
          [
            -0.067325592041016,
            0.91255950927734
          ],
          [
            -0.074806213378906,
            0.89012145996094
          ],
          [
            -0.18700408935547,
            1.3912792205811
          ],
          [
            -0.27676391601563,
            1.5034809112549
          ],
          [
            -0.42636108398438,
            1.899923324585
          ],
          [
            -0.44879913330078,
            1.6156806945801
          ],
          [
            -1.0023231506348,
            2.9770402908325
          ],
          [
            -0.74800491333008,
            1.9223604202271
          ],
          [
            -0.87516021728516,
            1.8999195098877
          ],
          [
            -0.79288101196289,
            1.5633211135864
          ],
          [
            -0.5460376739502,
            0.97987937927246
          ],
          [
            -0.77043724060059,
            1.20427942276
          ],
          [
            -0.82279777526855,
            1.1444401741028
          ],
          [
            -0.77043914794922,
            0.98736000061035
          ],
          [
            -1.0097999572754,
            1.1893198490143
          ],
          [
            -0.66571998596191,
            0.71808004379272
          ],
          [
            -0.67319869995117,
            0.65823996067047
          ],
          [
            -0.80784034729004,
            0.71808016300201
          ],
          [
            -0.54604148864746,
            0.45627993345261
          ],
          [
            -0.57595825195313,
            0.47123998403549
          ],
          [
            -0.48619842529297,
            0.36651999130845
          ],
          [
            -0.3291187286377,
            0.23936000093818
          ],
          [
            -0.3216381072998,
            0.22440001368523
          ],
          [
            -0.26180076599121,
            0.18699997663498
          ],
          [
            -0.16455841064453,
            0.12715995311737
          ],
          [
            -0.12715911865234,
            0.07480001449585,
            "l"
          ],
          [
            -0.097238540649414,
            0.044880092144012
          ],
          [
            -0.059839248657227
          ],
          [
            -0.059839248657227
          ]
        ]
      }
    },
    {
      "name": ["Unnamed", "roof door"],
      "weapon": "weapon_molotov",
      "position": [499.5227355957, -560.1103515625, -767.96875],
      "viewangles": [-25.721199035645, -98.278549194336],
      "grenade": {
        "run": 1
      }
    },
    {
      "name": ["Unnamed", "roof main"],
      "weapon": "weapon_molotov",
      "position": [499.48193359375, -560.13208007813, -767.96875],
      "viewangles": [-24.997406005859, -83.569221496582],
      "grenade": {
        "run": 1
      }
    },
    {
      "name": ["Unnamed", "best nuke smoke"],
      "weapon": "weapon_smokegrenade",
      "position": [-143.71176147461, -2166.3842773438, -415.96871948242],
      "viewangles": [-86.616287231445, -108.33353424072],
      "grenade": {
        "jump": true
      }
    },
    {
      "name": ["Unnamed", "Door"],
      "description": "Left",
      "weapon": "weapon_molotov",
      "position": [622.28814697266, -1359.9869384766, -767.96875],
      "viewangles": [-21.590738296509, 101.64904785156],
      "grenade": {
        "run": 12,
        "recovery_yaw": -46
      }
    },
    {
      "name": ["Unnamed", "Door"],
      "description": "Right",
      "weapon": "weapon_molotov",
      "position": [637.04156494141, -1359.1159667969, -767.96875],
      "viewangles": [-20.429056167603, 91.871856689453],
      "grenade": {
        "run": 17,
        "recovery_jump": true,
        "recovery_yaw": 180,
        "run_yaw": -40
      }
    },
    {
      "name": ["Unnamed", "Ramp"],
      "description": "Fakeduck",
      "weapon": "weapon_molotov",
      "position": [1391.9665527344, -769.28942871094, -683.50134277344],
      "viewangles": [-8.3423414230347, 138.32640075684],
      "grenade": {
        "run": 8,
        "run_speed": true
      }
    },
    {
      "name": ["Unnamed", "Corner"],
      "weapon": "weapon_molotov",
      "position": [1391.9873046875, -769.39135742188, -683.55981445313],
      "viewangles": [-12.258318901062, 141.87287902832]
    },
    {
      "name": ["Unnamed", "Ramp"],
      "description": "Fakeduck",
      "weapon": "weapon_hegrenade",
      "position": [1391.9818115234, -769.42291259766, -683.58239746094],
      "viewangles": [-8.3908166885376, 138.36262512207],
      "grenade": {
        "run": 8,
        "run_speed": true
      }
    },
    {
      "name": ["Unnamed", "Corner"],
      "weapon": "weapon_hegrenade",
      "position": [1391.9971923828, -769.46380615234, -683.60491943359],
      "viewangles": [-12.298004150391, 141.73753356934]
    },
    {
      "name": ["Unnamed", "Ramp"],
      "weapon": "weapon_hegrenade",
      "position": [1290.7908935547, -592.15698242188, -639.96875],
      "viewangles": [-5.9092464447021, 149.21745300293],
      "grenade": {
        "run": 44,
        "recovery_jump": true,
        "recovery_yaw": -90
      }
    },
    {
      "name": ["Unnamed", "Door \/ Ramp"],
      "description": "Right",
      "weapon": "weapon_hegrenade",
      "position": [772.54510498047, -560.14495849609, -767.96875],
      "viewangles": [7.0486278533936, 106.25786590576],
      "grenade": {
        "run": 20,
        "recovery_jump": true,
        "run_yaw": -90,
        "jump": true
      }
    },
    {
      "name": ["Unnamed", "Door \/ Ramp"],
      "weapon": "weapon_molotov",
      "position": [772.63781738281, -560.06146240234, -767.96875],
      "viewangles": [6.8550224304199, 106.27519989014],
      "grenade": {
        "run": 20,
        "recovery_jump": true,
        "run_yaw": -90,
        "jump": true
      }
    },
    {
      "name": ["Unnamed", "Doors"],
      "description": "unsafe",
      "weapon": "weapon_hegrenade",
      "position": [452.36331176758, -20.580228805542, -639.96875],
      "viewangles": [1.5206344127655, -39.316299438477],
      "grenade": {
        "run": 8,
        "recovery_yaw": 180,
        "run_yaw": -90
      }
    },
    {
      "name": ["Unnamed", "Doors"],
      "description": "unsafe",
      "weapon": "weapon_molotov",
      "position": [452.5173034668, -20.063983917236, -639.96875],
      "viewangles": [1.2566342353821, -39.33390045166],
      "grenade": {
        "run": 8,
        "recovery_jump": true,
        "recovery_yaw": 180,
        "run_yaw": -90
      }
    },
    {
      "name": ["Unnamed", "Window"],
      "weapon": "weapon_hegrenade",
      "position": [452.85638427734, -20.461957931519, -639.96875],
      "viewangles": [-5.6629347801208, -25.623826980591],
      "grenade": {
        "run": 18,
        "recovery_jump": true,
        "recovery_yaw": 180,
        "run_yaw": -119
      }
    },
    {
      "name": ["Unnamed", "Window"],
      "description": "Unsafe",
      "weapon": "weapon_molotov",
      "position": [452.67333984375, -20.222990036011, -639.96875],
      "viewangles": [-5.9621305465698, -25.641466140747],
      "grenade": {
        "run": 18,
        "recovery_jump": true,
        "recovery_yaw": 180,
        "run_yaw": -121
      }
    },
    {
      "name": ["Unnamed", "Plant"],
      "weapon": "weapon_molotov",
      "position": [498.79699707031, 22.156076431274, -639.96875],
      "viewangles": [-12.451503753662, -59.701789855957],
      "grenade": {
        "run": 15,
        "recovery_yaw": 180,
        "run_yaw": -100
      }
    },
    {
      "name": ["Unnamed", "Under Plant"],
      "description": "Right",
      "weapon": "weapon_molotov",
      "position": [499.05670166016, 21.794883728027, -639.96875],
      "viewangles": [-11.536325454712, -79.140075683594],
      "grenade": {
        "run": 15,
        "recovery_jump": true,
        "recovery_yaw": 180,
        "run_yaw": -100
      }
    },
    {
      "name": ["Unnamed", "Under Plant"],
      "weapon": "weapon_hegrenade",
      "position": [498.88732910156, 22.180526733398, -639.96875],
      "viewangles": [6.644519329071, -75.5244140625],
      "grenade": {
        "run": 7,
        "recovery_jump": true,
        "recovery_yaw": 180,
        "run_yaw": -100
      }
    },
    {
      "name": ["Unnamed", "Plant"],
      "weapon": "weapon_hegrenade",
      "position": [497.29696655273, 36.052993774414, -639.96875],
      "viewangles": [-4.6194839477539, -66.724487304688],
      "grenade": {
        "run": 13,
        "recovery_jump": true,
        "recovery_yaw": 180,
        "run_yaw": -71
      }
    },
    {
      "name": ["Unnamed", "Plant"],
      "weapon": "weapon_hegrenade",
      "position": [1206.6558837891, -373.09112548828, -639.96875],
      "viewangles": [0.21560204029083, -133.56939697266],
      "grenade": {
        "run": 26,
        "recovery_jump": true,
        "recovery_yaw": 90
      }
    },
    {
      "name": ["Unnamed", "Door"],
      "description": "left \/ safe",
      "weapon": "weapon_hegrenade",
      "position": [1163.0129394531, -458.56057739258, -639.96875],
      "viewangles": [-0.55877220630646, 136.14346313477],
      "grenade": {
        "run": 11,
        "recovery_jump": true,
        "recovery_yaw": 180,
        "run_yaw": 90
      }
    },
    {
      "name": ["Unnamed", "Door \/ Ramp"],
      "description": "Right",
      "weapon": "weapon_molotov",
      "position": [1129.591796875, -655.95562744141, -639.96875],
      "viewangles": [-1.2308330535889, 96.091468811035],
      "grenade": {
        "run": 13,
        "recovery_jump": true,
        "recovery_yaw": 180,
        "run_yaw": 90
      }
    },
    {
      "name": ["Unnamed", "Doors"],
      "weapon": "weapon_hegrenade",
      "position": [759.75903320313, 5.3752527236938, -639.96875],
      "viewangles": [2.57399559021, -106.79006195068],
      "grenade": {
        "run": 15,
        "recovery_yaw": 180,
        "run_yaw": 92
      }
    },
    {
      "name": ["Unnamed", "Under Plant"],
      "description": "Right",
      "weapon": "weapon_molotov",
      "position": [759.74255371094, 5.4161887168884, -639.96875],
      "viewangles": [-1.1044154167175, -144.75321960449],
      "grenade": {
        "run": 34,
        "recovery_yaw": 180,
        "run_yaw": 121
      }
    },
    {
      "name": ["Unnamed", "Plant"],
      "weapon": "weapon_molotov",
      "position": [759.73260498047, 5.3444542884827, -639.96875],
      "viewangles": [-12.738011360168, -122.41911315918],
      "grenade": {
        "run": 33,
        "recovery_jump": true,
        "delay": 1,
        "recovery_yaw": 180,
        "run_yaw": 71
      }
    },
    {
      "name": ["Unnamed", "Ramp"],
      "weapon": "weapon_molotov",
      "position": [498.93341064453, 22.200698852539, -639.96875],
      "viewangles": [-7.4051656723022, -128.1491394043],
      "grenade": {
        "run": 1,
        "recovery_jump": true,
        "recovery_yaw": 180
      }
    },
    {
      "name": ["Unnamed", "Under Plant"],
      "weapon": "weapon_hegrenade",
      "position": [759.74206542969, 5.3930206298828, -639.96875],
      "viewangles": [-1.4915916919708, -145.76753234863],
      "grenade": {
        "run": 34,
        "recovery_jump": true,
        "recovery_yaw": 180,
        "run_yaw": 121
      }
    },
    {
      "name": ["Unnamed", "Door \/ Ramp"],
      "description": "Right \/ unsafe",
      "weapon": "weapon_hegrenade",
      "position": [1129.6900634766, -655.97259521484, -639.96875],
      "viewangles": [-1.2308330535889, 96.091468811035],
      "grenade": {
        "run": 13,
        "recovery_jump": true,
        "recovery_yaw": 180,
        "run_yaw": 90
      }
    },
    {
      "name": ["Unnamed", "Door \/ Ramp"],
      "description": "Left",
      "weapon": "weapon_molotov",
      "position": [349.89831542969, -730.25274658203, -771.96875],
      "viewangles": [-32.99881362915, 111.90454101563],
      "grenade": {
        "run": 15,
        "recovery_yaw": 180,
        "run_yaw": -90
      }
    },
    {
      "name": ["Unnamed", "Ramp \/ Door"],
      "description": "Left",
      "weapon": "weapon_hegrenade",
      "position": [350.01037597656, -730.32507324219, -771.96875],
      "viewangles": [-33.139579772949, 111.96697235107],
      "grenade": {
        "run": 15,
        "recovery_yaw": 180,
        "run_yaw": -90
      }
    },
    {
      "name": ["Ramp", "Ramp"],
      "weapon": "weapon_hegrenade",
      "position": [498.91146850586, 22.196283340454, -639.96875],
      "viewangles": [-4.1184182167053, -127.78562164307],
      "grenade": {
        "run": 3,
        "recovery_yaw": 90
      }
    },
    {
      "name": ["Unnamed", "Door"],
      "description": "Left",
      "weapon": "weapon_hegrenade",
      "position": [622.31201171875, -1359.9748535156, -767.96875],
      "viewangles": [-22.484018325806, 101.61423492432],
      "grenade": {
        "run": 18,
        "recovery_yaw": -49
      }
    },
    {
      "name": ["Unnamed", "Corner"],
      "weapon": "weapon_hegrenade",
      "position": [642.02984619141, -1358.9968261719, -767.96875],
      "viewangles": [-16.17000579834, 64.764198303223],
      "grenade": {
        "run": 7,
        "recovery_yaw": 90
      }
    },
    {
      "name": ["Unnamed", "Corner"],
      "weapon": "weapon_molotov",
      "position": [636.86920166016, -1359.9489746094, -767.96875],
      "viewangles": [-16.192005157471, 64.54418182373],
      "grenade": {
        "run": 7,
        "recovery_yaw": 90
      }
    },
    {
      "name": ["Unnamed", "Door"],
      "description": "Right",
      "weapon": "weapon_hegrenade",
      "position": [638.77081298828, -1359.4896240234, -767.96875],
      "viewangles": [6.3140063285828, 90.108261108398],
      "grenade": {
        "run": 17,
        "recovery_yaw": 90,
        "run_yaw": -40,
        "jump": true
      }
    },
    {
      "name": ["Unnamed", "Ramp"],
      "weapon": "weapon_hegrenade",
      "position": [622.29498291016, -1359.9901123047, -767.96875],
      "viewangles": [9.15198802948, 104.18824768066],
      "grenade": {
        "run": 24,
        "jump": true
      }
    },
    {
      "name": ["Unnamed", "Door"],
      "description": "Left",
      "weapon": "weapon_molotov",
      "position": [1102.0411376953, -982.19488525391, -767.96875],
      "viewangles": [-12.088865280151, 107.16816711426],
      "grenade": {
        "run": 30,
        "recovery_yaw": 180,
        "run_yaw": 58
      }
    },
    {
      "name": ["Unnamed", "Wall"],
      "weapon": "weapon_molotov",
      "position": [1391.9406738281, -850.32928466797, -737.52313232422],
      "viewangles": [-10.636858940125, 119.4661026001],
      "grenade": {
        "run": 16,
        "recovery_jump": true,
        "recovery_yaw": 90
      }
    },
    {
      "name": ["Unnamed", "Corner"],
      "weapon": "weapon_molotov",
      "position": [1264.0123291016, -803.12915039063, -706.05651855469],
      "viewangles": [-4.6087818145752, 30.476095199585],
      "grenade": {
        "run": 29,
        "recovery_jump": true,
        "jump": true
      }
    },
    {
      "name": ["Unnamed", "Wall"],
      "weapon": "weapon_molotov",
      "position": [1264.0205078125, -803.10760498047, -706.03869628906],
      "viewangles": [-8.1947813034058, 29.310182571411],
      "grenade": {
        "run": 17,
        "recovery_jump": true,
        "jump": true
      }
    },
    {
      "name": ["Unnamed", "Wall"],
      "weapon": "weapon_hegrenade",
      "position": [1391.9346923828, -850.27423095703, -737.48529052734],
      "viewangles": [-10.724820137024, 119.37824249268],
      "grenade": {
        "run": 24,
        "recovery_jump": true,
        "recovery_yaw": 90
      }
    }
  ]