[
    {
      "name": ["House", "Wall"],
      "description": "ctrl \/ safe",
      "weapon": "weapon_molotov",
      "position": [480.03308105469, 348.98822021484, 192.03125],
      "viewangles": [-5.5968060493469, -6.8705682754517],
      "duck": true
    },
    {
      "name": ["House", "Wall"],
      "description": "CTRL \/ SAFE",
      "weapon": "weapon_hegrenade",
      "position": [480.04846191406, 348.98635864258, 192.03125],
      "viewangles": [-5.9664072990417, -6.9057683944702],
      "duck": true
    },
    {
      "name": ["Plant", "Boost"],
      "description": "Unsafe",
      "weapon": "weapon_molotov",
      "position": [1123.7153320313, -139.78663635254, 0.03125],
      "viewangles": [-17.498598098755, -152.38276672363]
    },
    {
      "name": ["Plant", "Boost"],
      "description": "unsafe",
      "weapon": "weapon_hegrenade",
      "position": [1123.7080078125, -139.80548095703, 0.03125],
      "viewangles": [-17.586585998535, -152.36529541016]
    },
    {
      "name": ["Plant", "House"],
      "description": "SAFE",
      "weapon": "weapon_molotov",
      "position": [1175.2475585938, -389.04885864258, 0.03125],
      "viewangles": [-34.263511657715, 122.79675292969]
    },
    {
      "name": ["Plant", "House"],
      "description": "Safe",
      "weapon": "weapon_hegrenade",
      "position": [1199.2541503906, -440.66613769531, 0.03125],
      "viewangles": [-1.1227223873138, 122.69102478027],
      "grenade": {
        "run": 6,
        "recovery_jump": true,
        "recovery_yaw": 0,
        "jump": true
      }
    },
    {
      "name": ["Garage", "Boost"],
      "description": "Unsafe",
      "weapon": "weapon_molotov",
      "position": [653.46990966797, -595.89886474609, 0.03125],
      "viewangles": [27.295783996582, -32.544136047363],
      "grenade": {
        "run": 25,
        "recovery_jump": true,
        "jump": true
      }
    },
    {
      "name": ["Garage", "Garage"],
      "weapon": "weapon_molotov",
      "position": [645.11926269531, -764.29223632813, 0.03125],
      "viewangles": [-10.649806022644, 41.315063476563],
      "grenade": {
        "run": 25
      }
    },
    {
      "name": ["Garage", "Garage"],
      "weapon": "weapon_hegrenade",
      "position": [645.13110351563, -764.28179931641, 0.03125],
      "viewangles": [-10.649806022644, 41.315063476563],
      "grenade": {
        "run": 25
      }
    },
    {
      "name": ["Garage", "Garage"],
      "weapon": "weapon_molotov",
      "position": [664.42169189453, -262.98010253906, 0.03125],
      "viewangles": [-11.723403930664, -42.169864654541],
      "grenade": {
        "run": 25
      }
    },
    {
      "name": ["Garage", "Garage"],
      "weapon": "weapon_hegrenade",
      "position": [664.43341064453, -262.99069213867, 0.03125],
      "viewangles": [-11.723403930664, -42.169864654541],
      "grenade": {
        "run": 25
      }
    },
    {
      "name": ["Garage", "Garage"],
      "weapon": "weapon_molotov",
      "position": [658.44952392578, 201.11561584473, 0.03125],
      "viewangles": [-3.5217995643616, -47.696254730225],
      "grenade": {
        "run": 25
      }
    },
    {
      "name": ["Garage", "Garage"],
      "weapon": "weapon_hegrenade",
      "position": [658.46014404297, 201.1039276123, 0.03125],
      "viewangles": [-3.5393996238708, -47.713855743408],
      "grenade": {
        "run": 25
      }
    },
    {
      "name": ["House", "Boost"],
      "description": "SAFE",
      "weapon": "weapon_molotov",
      "position": [500.70074462891, 498.50442504883, 192.03125],
      "viewangles": [-7.4677925109863, -50.390056610107],
      "duck": true
    }
  ]