[
    {
      "name": ["Garage", "Roof boost"],
      "weapon": "weapon_molotov",
      "position": [1815.9953613281, -465.95617675781, 399.58435058594],
      "viewangles": [-35.904041290283, 53.529426574707],
      "grenade": {
        "recovery_yaw": 141
      },
      "duck": true
    },
    {
      "name": ["Garage", "Room"],
      "description": "plant",
      "weapon": "weapon_molotov",
      "position": [1334.4173583984, -463.94735717773, 238.48187255859],
      "viewangles": [-34.188041687012, 63.764450073242],
      "grenade": {
        "run": 27,
        "recovery_yaw": -90
      }
    },
    {
      "name": ["Garage", "Room"],
      "description": "plant",
      "weapon": "weapon_hegrenade",
      "position": [1322.1436767578, -455.84741210938, 238.22271728516],
      "viewangles": [-33.151786804199, 60.633800506592],
      "grenade": {
        "run": 24,
        "recovery_yaw": -90
      }
    },
    {
      "name": ["Stone", "Room"],
      "description": "JUMP, UNSAFE",
      "weapon": "weapon_hegrenade",
      "position": [1002.2131958008, 95.531028747559, 252.46270751953],
      "viewangles": [3.9599614143372, 4.8317604064941],
      "grenade": {
        "recovery_yaw": 0,
        "jump": true
      },
      "duck": true
    },
    {
      "name": ["Stone", "Room"],
      "description": "JUMP. UNSAFE",
      "weapon": "weapon_molotov",
      "position": [1002.2233886719, 95.34546661377, 252.44903564453],
      "viewangles": [0.92396545410156, 5.6239008903503],
      "grenade": {
        "run": 1,
        "recovery_yaw": 0,
        "jump": true
      },
      "duck": true
    },
    {
      "name": ["rock ctrl", "rock "],
      "description": "BREAK FUKIN WINDOW",
      "weapon": "weapon_molotov",
      "position": [1992.9808349609, 188.67596435547, 440.03128051758],
      "viewangles": [1.120274066925, -179.26788330078],
      "duck": true
    },
    {
      "name": ["room", "AN"],
      "description": "ANTI-NADE",
      "weapon": "weapon_molotov",
      "position": [1318.2897949219, -570.79565429688, 254.57305908203],
      "viewangles": [-24.85001, 46.5257721]
    },
    {
      "name": ["room", "room"],
      "weapon": "weapon_hegrenade",
      "position": [1325.0466308594, -563.40539550781, 251.95834350586],
      "viewangles": [-25.914768218994, 47.427711486816]
    },
    {
      "name": ["room", "room"],
      "description": "plant",
      "weapon": "weapon_molotov",
      "position": [1342.470703125, -569.57421875, 250.80834960938],
      "viewangles": [-26.005033493042, 47.121997833252]
    },
    {
      "name": ["Unnamed", "rock"],
      "weapon": "weapon_molotov",
      "position": [2318.4736328125, -22.437808990479, 681.54956054688],
      "viewangles": [-2.3109972476959, 173.57550048828]
    },
    {
      "name": ["Unnamed", "Rock"],
      "weapon": "weapon_molotov",
      "position": [2312.8020019531, 479.16897583008, 687.23358154297],
      "viewangles": [-0.59717881679535, -163.41616821289]
    },
    {
      "name": ["Unnamed", "Rock [FD]"],
      "description": "DESTROY GLASS",
      "weapon": "weapon_hegrenade",
      "position": [1985.3149414063, 188.72596740723, 440.03125],
      "viewangles": [-4.1249256134033, -175.51672363281],
      "grenade": {
        "run": 6,
        "run_yaw": 180
      },
      "duck": true
    },
    {
      "name": ["Unnamed", "Rock [FD]"],
      "weapon": "weapon_molotov",
      "position": [2314.96875, 67.790939331055, 685.06610107422],
      "viewangles": [-1.6500253677368, 179.23896789551]
    },
    {
      "name": ["Unnamed", "House"],
      "weapon": "weapon_molotov",
      "position": [983.33526611328, 126.18775177002, 261.31927490234],
      "viewangles": [-30.250047683716, 2.105521440506],
      "duck": true
    },
    {
      "name": ["Unnamed", "House"],
      "weapon": "weapon_hegrenade",
      "position": [976.79077148438, 130.1416015625, 262.56219482422],
      "viewangles": [-24.365041732788, 2.0497560501099],
      "grenade": {
        "run": 5
      },
      "duck": true
    }
  ]