[
    {
      "name": ["Truck", "Car"],
      "weapon": "weapon_molotov",
      "position": [-6675.1821289063, 6977.44921875, 31.99080657959],
      "viewangles": [-23.974502563477, -177.76802062988]
    },
    {
      "name": ["here", "Plant"],
      "description": "Fakeduck",
      "weapon": "weapon_molotov",
      "position": [-7998.1489257813, 6865.51953125, 33.03125],
      "viewangles": [-16.196417808533, 1.1712183952332]
    },
    {
      "name": ["here", "Car"],
      "description": "DUCK",
      "weapon": "weapon_molotov",
      "position": [-6841.1499023438, 6921.74609375, 70.466354370117],
      "viewangles": [-15.496530532837, -176.5606842041],
      "duck": true
    },
    {
      "name": ["musorka", "Trash"],
      "weapon": "weapon_molotov",
      "position": [-7056.9682617188, 6186.9375, 34.478729248047],
      "viewangles": [-13.461744308472, 109.450340271],
      "grenade": {
        "run": 3,
        "recovery_yaw": -90
      }
    },
    {
      "name": ["barrels", "Plant"],
      "weapon": "weapon_hegrenade",
      "position": [-8050.1689453125, 6769.390625, 33.158813476563],
      "viewangles": [-13.135005, 8.36465],
      "grenade": {
        "run": 1
      }
    },
    {
      "name": ["ice", "ice"],
      "weapon": "weapon_molotov",
      "position": [-6675.1303710938, 6977.4321289063, 32.99568939209],
      "viewangles": [-13.7496758, -174.085556],
      "grenade": {
        "run": 12
      }
    },
    {
      "name": ["backside", "backside"],
      "weapon": "weapon_molotov",
      "position": [-8013.3955078125, 6843.3344726563, 33.03125],
      "viewangles": [-14.2349939, -0.259923428],
      "grenade": {
        "run": 1
      }
    },
    {
      "name": ["barrels", "barrels"],
      "weapon": "weapon_molotov",
      "position": [-7461.8120117188, 7193.4594726563, 73.093811035156],
      "viewangles": [-0.93526566, -25.5196571],
      "grenade": {
        "recovery_yaw": 0
      }
    },
    {
      "name": ["Unnamed", "Truck"],
      "description": "UNSAFE",
      "weapon": "weapon_knife",
      "position": [-7321.1357421875, 7114.6220703125, 34.03125],
      "viewangles": [15.901327133179, -30.481969833374],
      "movement": {
        "frames": [
          [
            0,
            0,
            "DF",
            225
          ],
          1,
          [
            0,
            0,
            "",
            337.5
          ],
          13,
          [
            0,
            0,
            "R",
            450,
            225
          ],
          3,
          [
            0,
            0,
            "J"
          ],
          [
            0,
            0,
            "Bf",
            450
          ],
          [
            0,
            0,
            "",
            450
          ],
          [
            0,
            0,
            "br",
            450,
            450
          ],
          [
            0,
            0,
            "BR",
            450
          ],
          [
            0,
            0,
            "",
            450
          ],
          [
            0,
            0,
            "bFjrL",
            450,
            450
          ],
          [
            0,
            0,
            "",
            450,
            450
          ],
          [
            0,
            0,
            "fl",
            450
          ],
          [
            0,
            0,
            "FL",
            450,
            0
          ],
          [
            0,
            0,
            "Rl",
            450,
            0
          ],
          [
            0,
            0,
            "Bf",
            450,
            0
          ],
          [
            0,
            0,
            "bF",
            450,
            0
          ],
          [
            0,
            0,
            "Bf",
            450,
            0
          ],
          [
            0,
            0,
            "bFrL",
            450,
            225
          ],
          [
            0,
            0,
            "BfRl",
            450
          ],
          [
            0,
            0,
            "",
            450
          ],
          [
            0,
            0,
            "bFrL",
            450,
            450
          ],
          [
            0,
            0,
            "BfRl",
            450
          ],
          [
            0,
            0,
            "bFrL",
            450,
            450
          ],
          [
            0,
            0,
            "fl",
            450,
            450
          ],
          [
            0,
            0,
            "",
            450,
            450
          ],
          [
            0,
            0,
            "BL",
            450,
            0
          ],
          [
            0,
            0,
            "bF",
            450,
            0
          ],
          [
            0,
            0,
            "Bf",
            450,
            0
          ],
          [
            0,
            0,
            "bF",
            450,
            0
          ],
          [
            0,
            0,
            "Bf",
            450,
            0
          ],
          [
            0,
            0,
            "bl",
            450
          ],
          [
            0,
            0,
            "FR",
            450,
            0
          ],
          [
            0,
            0,
            "rL",
            450,
            0
          ],
          [
            0,
            0,
            "Rl",
            450,
            0
          ],
          [
            0,
            0,
            "rL",
            450,
            0
          ],
          [
            0,
            0,
            "Bf",
            450,
            0
          ],
          [
            0,
            0,
            "Rl",
            450,
            0
          ],
          [
            0,
            0,
            "bF",
            450,
            0
          ],
          [
            0,
            0,
            "rL",
            450,
            0
          ],
          [
            0,
            0,
            "Rl",
            450,
            0
          ],
          [
            0,
            0,
            "Bf",
            450,
            0
          ],
          [
            0,
            0,
            "rL",
            450,
            0
          ],
          [
            0,
            0,
            "Rl",
            450,
            0
          ],
          [
            0,
            0,
            "bF",
            450,
            0
          ],
          [
            0,
            0,
            "fr",
            450
          ],
          [
            0,
            0,
            "",
            450
          ],
          [
            0,
            0,
            "F"
          ],
          9,
          [
            0,
            0,
            "J"
          ],
          [
            0,
            0,
            "f",
            450
          ],
          [
            0,
            0,
            "FR",
            450,
            0
          ],
          [
            0,
            0,
            "rL",
            450,
            0
          ],
          [
            0,
            0,
            "Rl",
            450,
            0
          ],
          [
            0,
            0,
            "Bf",
            450,
            0
          ],
          [
            0,
            0,
            "br",
            450
          ],
          [
            0,
            0,
            "FL",
            450,
            0
          ],
          [
            0,
            0,
            "fjl",
            450,
            -225
          ],
          [
            0,
            0,
            "FL"
          ],
          [
            0,
            0,
            "Rl",
            450,
            -450
          ],
          [
            0,
            0,
            "fr",
            450,
            -450
          ],
          [
            0,
            0,
            "BL",
            450,
            0
          ],
          [
            0,
            0,
            "Rl",
            450,
            0
          ],
          [
            0,
            0,
            "rL",
            450,
            0
          ],
          [
            0,
            0,
            "Rl",
            450,
            0
          ],
          [
            0,
            0,
            "bF",
            450,
            0
          ],
          [
            0,
            0,
            "Bf",
            450,
            0
          ],
          [
            0,
            0,
            "bF",
            0,
            0
          ],
          [
            0,
            0,
            "fr"
          ],
          1,
          [
            0,
            0,
            "FL",
            0,
            0
          ],
          [
            0,
            0,
            "Rl",
            0,
            0
          ],
          [
            0,
            0,
            "rL",
            0,
            0
          ],
          [
            0,
            0,
            "fl"
          ],
          [
            0,
            0,
            "FL",
            0,
            0
          ],
          [
            0,
            0,
            "Rl",
            0,
            0
          ],
          [
            0,
            0,
            "Bf",
            0,
            0
          ],
          [
            0,
            0,
            "br"
          ],
          [
            0,
            0,
            "FL",
            0,
            0
          ],
          [
            0,
            0,
            "Rl",
            0,
            0
          ],
          [
            0,
            0,
            "Bf",
            0,
            0
          ],
          [
            0,
            0,
            "bF",
            0,
            0
          ],
          [
            0,
            0,
            "BfrL",
            0,
            0
          ],
          [
            0,
            0,
            "bl"
          ],
          2,
          [
            0.65999984741211,
            -0.13199996948242
          ],
          1,
          [
            0.72599983215332,
            -0.19799995422363
          ],
          1,
          [
            0.065999984741211,
            -0.065999984741211
          ],
          1,
          [
            0.065999984741211
          ],
          16
        ]
      }
    },
    {
      "name": ["fakeduck", "fakeduck"],
      "weapon": "weapon_hegrenade",
      "position": [-8175.8369140625, 6801.56640625, 41.198944091797],
      "viewangles": [-12.079442, 5.28069067],
      "grenade": {
        "run": 4
      }
    },
    {
      "name": ["TRASH NADE", "TRASH NADE"],
      "weapon": "weapon_hegrenade",
      "position": [-7065.5864257813, 6160.03125, 35.211822509766],
      "viewangles": [-8.799996, 108.825226],
      "grenade": {
        "run": 20
      }
    },
    {
      "name": ["plant", "Plant"],
      "weapon": "weapon_molotov",
      "position": [-6016.232421875, 7038.1748046875, 30.453750610352],
      "viewangles": [-14.57084274292, -173.90728759766]
    },
    {
      "name": ["CarThrow+DUCK", "Van"],
      "weapon": "weapon_molotov",
      "position": [-6927.2568359375, 6855.0576171875, 30.702186584473],
      "viewangles": [-14.852452278137, 177.41123962402],
      "duck": true
    },
    {
      "name": ["Fakelag-off", "Van"],
      "weapon": "weapon_hegrenade",
      "position": [-6646.064453125, 6977.578125, 32.03125],
      "viewangles": [-13.855603218079, -176.69049072266],
      "grenade": {
        "run": 1
      }
    },
    {
      "name": ["Back of Truck", "Back of Truck"],
      "weapon": "weapon_molotov",
      "position": [-6016.1469726563, 7038.2060546875, 30.458812713623],
      "viewangles": [-17.662363052368, 170.35961914063],
      "grenade": {
        "run": 15
      }
    },
    {
      "name": ["Unnamed", "Barrels"],
      "weapon": "weapon_hegrenade",
      "position": [-8026.337890625, 6854.1806640625, 32.03125],
      "viewangles": [-10.73494720459, 3.9872009754181],
      "grenade": {
        "run": 5
      }
    },
    {
      "name": ["a", "Van"],
      "description": "a",
      "weapon": "weapon_molotov",
      "position": [-6448.4384765625, 6320.9990234375, 40.03125],
      "viewangles": [-0.95621234178543, 158.23989868164],
      "grenade": {
        "strength": 0.5,
        "run": 34,
        "recovery_jump": true,
        "jump": true
      }
    },
    {
      "name": ["Unnamed", "Barrel"],
      "weapon": "weapon_molotov",
      "position": [-6306.7646484375, 6196.955078125, 32.083473205566],
      "viewangles": [-0.81399977207184, 167.32778930664],
      "grenade": {
        "run": 32,
        "jump": true
      }
    },
    {
      "name": ["Unnamed", "Ice"],
      "weapon": "weapon_molotov",
      "position": [-6238.8520507813, 6111.298828125, 32.03125],
      "viewangles": [-0.74359893798828, 159.06677246094],
      "grenade": {
        "run": 46,
        "jump": true
      }
    },
    {
      "name": ["Unnamed", "Van"],
      "weapon": "weapon_molotov",
      "position": [-6241.46875, 6116.4077148438, 32.03125],
      "viewangles": [-0.93720006942749, 154.53900146484],
      "grenade": {
        "run": 12,
        "jump": true
      }
    },
    {
      "name": ["Unnamed", "Trash 50 \/ 50"],
      "weapon": "weapon_molotov",
      "position": [-7046.1625976563, 6301.8071289063, 33.615188598633],
      "viewangles": [-11.990823745728, 111.93718719482],
      "grenade": {
        "run": 1
      }
    },
    {
      "name": ["Unnamed", "Car"],
      "weapon": "weapon_molotov",
      "position": [-6981.0161132813, 6517.3447265625, 38.03125],
      "viewangles": [-22.756490707397, 158.94599914551]
    },
    {
      "name": ["Unnamed", "Trash"],
      "description": "FULL",
      "weapon": "weapon_molotov",
      "position": [-6991.3740234375, 6322.4677734375, 32.458236694336],
      "viewangles": [-10.981978416443, 116.31774902344],
      "grenade": {
        "run": 6
      }
    },
    {
      "name": ["Unnamed", "Car"],
      "description": "Duck",
      "weapon": "weapon_hegrenade",
      "position": [-6831.740234375, 6928.23046875, 70.466354370117],
      "viewangles": [-12.302067756653, -179.2119140625],
      "grenade": {
        "run": 18
      },
      "duck": true
    },
    {
      "name": ["Unnamed", "Ice"],
      "description": "Duck",
      "weapon": "weapon_molotov",
      "position": [-6835.58203125, 6921.923828125, 70.466354370117],
      "viewangles": [-18.356391906738, -177.43295288086],
      "grenade": {
        "run": 15,
        "run_speed": true
      },
      "duck": true
    },
    {
      "name": ["Unnamed", "Plant"],
      "weapon": "weapon_hegrenade",
      "position": [-8014.5834960938, 6819.1591796875, 32.03125],
      "viewangles": [-14.994776725769, 5.2951149940491],
      "grenade": {
        "run": 7,
        "run_speed": true
      }
    },
    {
      "name": ["Unnamed", "Plant"],
      "weapon": "weapon_molotov",
      "position": [-7385.0893554688, 7133.931640625, 32.629150390625],
      "viewangles": [-32.207836151123, -23.381813049316],
      "grenade": {
        "strength": 0.5
      }
    },
    {
      "name": ["Unnamed", "Car"],
      "weapon": "weapon_molotov",
      "position": [-6016.1645507813, 7038.2045898438, 30.451560974121],
      "viewangles": [-20.908580780029, -176.49160766602],
      "grenade": {
        "run": 16
      }
    },
    {
      "name": ["Unnamed", "Car"],
      "description": "unsafe",
      "weapon": "weapon_hegrenade",
      "position": [-7003.2724609375, 6505.8701171875, 37.104385375977],
      "viewangles": [-27.160041809082, 156.72958374023],
      "grenade": {
        "run": 1,
        "delay": 22,
        "recovery_yaw": 0,
        "jump": true
      }
    },
    {
      "name": ["Unnamed", "Plant"],
      "weapon": "weapon_hegrenade",
      "position": [-7371.7744140625, 7136.6259765625, 32.736419677734],
      "viewangles": [-31.257350921631, -23.085914611816],
      "grenade": {
        "strength": 0.5
      }
    },
    {
      "name": ["Unnamed", "Market [Up]"],
      "weapon": "weapon_hegrenade",
      "position": [-7199.5053710938, 6545.951171875, 38.614761352539],
      "viewangles": [-20.644546508789, -5.9594707489014],
      "grenade": {
        "run": 2,
        "run_speed": true
      }
    },
    {
      "name": ["Unnamed", "Market [Up]"],
      "weapon": "weapon_molotov",
      "position": [-7199.5444335938, 6545.970703125, 38.615592956543],
      "viewangles": [-20.486194610596, -5.4844732284546],
      "grenade": {
        "run": 2,
        "run_speed": true
      }
    },
    {
      "name": ["Unnamed", "Car"],
      "weapon": "weapon_molotov",
      "position": [-6113.4716796875, 6109.013671875, 32.664451599121],
      "viewangles": [0.1586686372757, 155.72850036621],
      "grenade": {
        "run": 18,
        "recovery_yaw": -120,
        "jump": true
      }
    },
    {
      "name": ["Unnamed", "Plant"],
      "weapon": "weapon_molotov",
      "position": [-8515.447265625, 6640.0244140625, 61.246459960938],
      "viewangles": [-21.193643569946, 9.5255298614502],
      "grenade": {
        "run": 6
      }
    },
    {
      "name": ["Unnamed", "Car"],
      "description": "unsafe, 20HP",
      "weapon": "weapon_hegrenade",
      "position": [-6987.3188476563, 6446.5717773438, 32.234107971191],
      "viewangles": [-28.528444290161, 150.65673828125],
      "grenade": {
        "run": 1,
        "run_speed": true,
        "delay": 22,
        "recovery_yaw": 90,
        "jump": true
      },
      "duck": true
    },
    {
      "name": ["Unnamed", "Boat"],
      "weapon": "weapon_molotov",
      "position": [-5746.349609375, 6426.3310546875, 30.576049804688],
      "viewangles": [4.0844240188599, 176.65580749512],
      "grenade": {
        "run": 8,
        "jump": true
      }
    },
    {
      "name": ["Unnamed", "Boat"],
      "description": "10hp",
      "weapon": "weapon_hegrenade",
      "position": [-5746.4267578125, 6426.3779296875, 30.569664001465],
      "viewangles": [0.44342511892319, 176.49099731445],
      "grenade": {
        "run": 16,
        "delay": 5,
        "jump": true
      }
    },
    {
      "name": ["Unnamed", "Boat"],
      "description": "35HP",
      "weapon": "weapon_hegrenade",
      "position": [-5660.9643554688, 6109.5708007813, 32.018081665039],
      "viewangles": [2.9976277351379, 169.14974975586],
      "grenade": {
        "run": 19,
        "delay": 4,
        "jump": true
      }
    },
    {
      "name": ["Unnamed", "Boat"],
      "weapon": "weapon_molotov",
      "position": [-5660.9599609375, 6109.5708007813, 32.018081665039],
      "viewangles": [2.9976277351379, 169.14974975586],
      "grenade": {
        "run": 19,
        "delay": 4,
        "jump": true
      }
    },
    {
      "name": ["Unnamed", "Boat"],
      "weapon": "weapon_molotov",
      "position": [-5759.2587890625, 5732.8994140625, 33.684181213379],
      "viewangles": [-21.432811737061, 154.23767089844],
      "grenade": {
        "run": 5
      }
    },
    {
      "name": ["Unnamed", "Boat"],
      "weapon": "weapon_hegrenade",
      "position": [-5687.6005859375, 7017.9892578125, 32.03125],
      "viewangles": [7.5389823913574, -159.39289855957],
      "grenade": {
        "run": 22,
        "jump": true
      }
    },
    {
      "name": ["Unnamed", "Boat"],
      "weapon": "weapon_molotov",
      "position": [-8336.5830078125, 6911.8813476563, 46.723640441895],
      "viewangles": [-21.905773162842, -14.721477508545],
      "grenade": {
        "run": 1
      }
    },
    {
      "name": ["Unnamed", "Boat"],
      "weapon": "weapon_molotov",
      "position": [-8010.0927734375, 6948.0581054688, 32.386028289795],
      "viewangles": [-23.934177398682, -23.587434768677],
      "duck": true
    },
    {
      "name": ["Unnamed", "Boat"],
      "weapon": "weapon_molotov",
      "position": [-7907.2973632813, 6942.3735351563, 32.03125],
      "viewangles": [-23.120178222656, -22.597436904907],
      "grenade": {
        "run": 1,
        "run_yaw": 180
      },
      "duck": true
    },
    {
      "name": ["Unnamed", "Plant"],
      "weapon": "weapon_molotov",
      "position": [-7907.26171875, 6942.4560546875, 32.03125],
      "viewangles": [-16.141784667969, 1.3803602457047],
      "duck": true
    },
    {
      "name": ["Unnamed", "Plant"],
      "weapon": "weapon_molotov",
      "position": [-8336.4111328125, 6911.859375, 46.691963195801],
      "viewangles": [-17.80060005188, 2.6365571022034],
      "grenade": {
        "run": 1
      }
    },
    {
      "name": ["big truck", "site "],
      "description": "LEG UNSAFE",
      "weapon": "weapon_molotov",
      "position": [-7351.02734375, 7104.1733398438, 34.03125],
      "viewangles": [-49.91117477417, 39.251419067383],
      "grenade": {
        "run": 1
      }
    },
    {
      "name": ["Unnamed", "Boat"],
      "description": "unsafe",
      "weapon": "weapon_molotov",
      "position": [-8533.4287109375, 6670.3740234375, 62.369995117188],
      "viewangles": [-26.5124168396, -4.2397751808167],
      "grenade": {
        "run": 13
      }
    },
    {
      "name": ["Unnamed", "Car"],
      "weapon": "weapon_hegrenade",
      "position": [-7491.7045898438, 7106.037109375, 34.03125],
      "viewangles": [-14.097822189331, -4.0901627540588],
      "grenade": {
        "run": 5
      }
    },
    {
      "name": ["Unnamed", "Car"],
      "weapon": "weapon_molotov",
      "position": [-7491.4326171875, 7105.9926757813, 34.03125],
      "viewangles": [-16.68497467041, -5.8149676322937],
      "grenade": {
        "run": 6
      }
    },
    {
      "name": ["Unnamed", "Bost"],
      "weapon": "weapon_molotov",
      "position": [-5687.630859375, 7018.0092773438, 32.023406982422],
      "viewangles": [7.515419960022, -159.26156616211],
      "grenade": {
        "run": 25,
        "jump": true
      }
    }
  ]