[
    {
      "name": ["Train", "Boost"],
      "weapon": "weapon_molotov",
      "position": [5744.7504882813, 4857.8627929688, -15.96875],
      "viewangles": [6.5953288078308, -100.74388122559],
      "grenade": {
        "run": 10,
        "jump": true
      }
    },
    {
      "name": ["Unnamed", "Boost"],
      "weapon": "weapon_molotov",
      "position": [6283.4453125, 4458.3481445313, -119.88412475586],
      "viewangles": [4.2317614555359, -135.34457397461],
      "grenade": {
        "run": 13,
        "recovery_yaw": -90,
        "jump": true
      }
    },
    {
      "name": ["Unnamed", "Boost"],
      "weapon": "weapon_hegrenade",
      "position": [6276.2856445313, 4554.396484375, -123.40295410156],
      "viewangles": [-0.48091721534729, -126.49295806885],
      "grenade": {
        "run": 8,
        "recovery_yaw": -89,
        "jump": true
      }
    },
    {
      "name": ["Unnamed", "Boost"],
      "weapon": "weapon_hegrenade",
      "position": [6299.1967773438, 4425.6108398438, -119.76438903809],
      "viewangles": [2.4717884063721, -137.54316711426],
      "grenade": {
        "run": 36,
        "jump": true
      }
    },
    {
      "name": ["Unnamed", "Boost"],
      "weapon": "weapon_molotov",
      "position": [5891.3334960938, 2733.6530761719, -63.96875],
      "viewangles": [-4.3469014167786, 125.94170379639],
      "grenade": {
        "recovery_yaw": -90
      },
      "duck": true
    },
    {
      "name": ["Unnamed", "Fountain"],
      "weapon": "weapon_molotov",
      "position": [6050.4140625, 2933.3586425781, -63.96875],
      "viewangles": [9.8783960342407, -135.06419372559],
      "grenade": {
        "run": 6,
        "jump": true
      }
    },
    {
      "name": ["Unnamed", "Fountain"],
      "weapon": "weapon_hegrenade",
      "position": [6068.712890625, 2926.1301269531, -63.96875],
      "viewangles": [13.045782089233, -136.14909362793],
      "grenade": {
        "run": 25,
        "recovery_yaw": 90,
        "jump": true
      }
    },
    {
      "name": ["Unnamed", "FD Stairs"],
      "weapon": "weapon_molotov",
      "position": [6153.208984375, 2967.4838867188, -87.514030456543],
      "viewangles": [0.94503033161163, -135.74942016602],
      "grenade": {
        "run": 56,
        "jump": true
      }
    },
    {
      "name": ["here", "Fish"],
      "weapon": "weapon_molotov",
      "position": [5584.0307617188, 5028.2939453125, -14.96875],
      "viewangles": [-19.298641, -90.350342]
    },
    {
      "name": ["Boost fakelag-off", "Boost"],
      "description": "26hp",
      "weapon": "weapon_hegrenade",
      "position": [5891.0654296875, 2735.4428710938, -63.96875],
      "viewangles": [0.48347669839859, 125.6100692749]
    },
    {
      "name": ["Fountain", "Fountain"],
      "weapon": "weapon_molotov",
      "position": [6249.771484375, 3081.8249511719, -126.96875],
      "viewangles": [-20.026022, -136.830948],
      "grenade": {
        "run": 5
      }
    },
    {
      "name": ["Unnamed", "Fish"],
      "weapon": "weapon_hegrenade",
      "position": [5718.7158203125, 4972.80078125, -15.96875],
      "viewangles": [7.8493828773499, -93.65022277832],
      "grenade": {
        "run": 20,
        "delay": 4,
        "jump": true
      }
    },
    {
      "name": ["Unnamed", "Stairs"],
      "weapon": "weapon_molotov",
      "position": [5812.9536132813, 4747.7119140625, -7.96875],
      "viewangles": [5.5393900871277, -122.14029693604],
      "grenade": {
        "run": 14,
        "jump": true
      }
    },
    {
      "name": ["Unnamed", "Boost"],
      "description": "DMG, UNSAFE, LONG",
      "weapon": "weapon_hegrenade",
      "position": [6128.2216796875, 2890.5166015625, -63.96875],
      "viewangles": [16.121389389038, 175.79829406738],
      "grenade": {
        "run": 39,
        "jump": true
      }
    },
    {
      "name": ["Unnamed", "Boost"],
      "weapon": "weapon_hegrenade",
      "position": [5738.2485351563, 4747.7958984375, -15.96875],
      "viewangles": [-17.185289382935, -99.37882232666],
      "grenade": {
        "run": 7
      }
    },
    {
      "name": ["Unnamed", "Truck"],
      "weapon": "weapon_molotov",
      "position": [6299.4326171875, 3131.2526855469, -127.96875],
      "viewangles": [3.9656291007996, -136.7505645752],
      "grenade": {
        "run": 24,
        "jump": true
      }
    },
    {
      "name": ["Unnamed", "Stairs"],
      "weapon": "weapon_molotov",
      "position": [6283.4326171875, 4458.3735351563, -119.89744567871],
      "viewangles": [-25.73016166687, -148.47392272949],
      "grenade": {
        "run": 12,
        "recovery_yaw": -90
      }
    },
    {
      "name": ["Unnamed", "Churge"],
      "description": "Widnow Fakeduck",
      "weapon": "weapon_molotov",
      "position": [6255.4716796875, 3190.2224121094, -127.96875],
      "viewangles": [2.7818367481232, -115.98675537109],
      "grenade": {
        "strength": 0.5,
        "run": 11,
        "recovery_yaw": -90,
        "jump": true
      }
    },
    {
      "name": ["Unnamed", "Fakeduck Stairs"],
      "weapon": "weapon_molotov",
      "position": [6923.2626953125, 2399.3659667969, -63.96875],
      "viewangles": [9.2498483657837, 175.74481201172],
      "grenade": {
        "run": 90,
        "recovery_yaw": -90,
        "jump": true
      }
    },
    {
      "name": ["Unnamed", "Stairs Cover"],
      "weapon": "weapon_hegrenade",
      "position": [5739.0883789063, 4827.546875, 38.0625],
      "viewangles": [6.5109572410583, -101.2518081665],
      "grenade": {
        "run": 8,
        "delay": 6,
        "jump": true
      }
    },
    {
      "name": ["Unnamed", "Plant"],
      "weapon": "weapon_molotov",
      "position": [5218.6987304688, 3083.4074707031, -150.33415222168],
      "viewangles": [-2.630051612854, 89.27010345459],
      "grenade": {
        "run": 10,
        "recovery_jump": true,
        "recovery_yaw": -90,
        "jump": true
      }
    },
    {
      "name": ["Unnamed", "Plant"],
      "weapon": "weapon_molotov",
      "position": [5653.5, 2972.9680175781, -63.96875],
      "viewangles": [2.4299349784851, 105.22021484375],
      "grenade": {
        "run": 10,
        "recovery_jump": true,
        "recovery_yaw": -90,
        "jump": true
      }
    },
    {
      "name": ["Unnamed", "Boost"],
      "weapon": "weapon_molotov",
      "position": [6283.3041992188, 4545.701171875, -122.54882049561],
      "viewangles": [2.309992313385, -131.92465209961],
      "grenade": {
        "run": 27,
        "jump": true
      }
    },
    {
      "name": ["Unnamed", "Stairs [Unsafe]"],
      "weapon": "weapon_hegrenade",
      "position": [6298.78125, 4402.1391601563, -119.57089996338],
      "viewangles": [7.8103446960449, -151.38464355469],
      "grenade": {
        "run": 26,
        "jump": true
      }
    },
    {
      "name": ["Unnamed", "Boost"],
      "weapon": "weapon_hegrenade",
      "position": [5894.9682617188, 2732.4721679688, -63.96875],
      "viewangles": [-12.310019493103, 128.09855651855],
      "grenade": {
        "run": 5
      }
    },
    {
      "name": ["Unnamed", "Fish \/ FD"],
      "weapon": "weapon_molotov",
      "position": [5713.5278320313, 4922.6733398438, -15.96875],
      "viewangles": [2.9800689220428, -101.16349029541],
      "grenade": {
        "run": 1,
        "run_yaw": 180,
        "jump": true
      }
    },
    {
      "name": ["Unnamed", "Stairs"],
      "weapon": "weapon_molotov",
      "position": [6299.4565429688, 4402.57421875, -119.57441711426],
      "viewangles": [-18.809507369995, -151.12835693359],
      "grenade": {
        "run": 13
      }
    }
  ]