[
    {
      "name": ["Train 1", "Ivy"],
      "weapon": "weapon_flashbang",
      "position": [1000.5521240234, 485.8684387207, -219.96875],
      "viewangles": [-8.6086511611938, 177.69291687012],
      "grenade": {
        "run": 20
      }
    },
    {
      "name": ["Connector", "Plant "],
      "description": "left",
      "weapon": "weapon_molotov",
      "position": [-240.00473022461, 676.23010253906, -215.96875],
      "viewangles": [-27.873950958252, -34.518962860107]
    },
    {
      "name": ["Connector", "Plant"],
      "weapon": "weapon_molotov",
      "position": [-235.91801452637, 417.89779663086, -215.96875],
      "viewangles": [-18.864994049072, -24.022232055664]
    },
    {
      "name": ["Electrical Box", "Plant"],
      "description": "back",
      "weapon": "weapon_molotov",
      "position": [-259.09982299805, 46.355045318604, -215.96875],
      "viewangles": [-20.599927902222, 1.2164610624313]
    },
    {
      "name": ["Electrical Box", "Heaven"],
      "weapon": "weapon_molotov",
      "position": [-249.08059692383, 61.394508361816, -215.96875],
      "viewangles": [-32.249889373779, -20.020673751831],
      "duck": true
    },
    {
      "name": ["Connector", "Plant "],
      "description": "right\/center",
      "weapon": "weapon_molotov",
      "position": [-103.19041442871, 418.96875, -215.96875],
      "viewangles": [-6.5319952964783, -53.903171539307],
      "grenade": {
        "jump": true
      }
    },
    {
      "name": ["A Site", "Heaven"],
      "weapon": "weapon_molotov",
      "position": [-240.01055908203, 676.26928710938, -215.96875],
      "viewangles": [-7.364857673645, -46.533061981201],
      "grenade": {
        "run": 1,
        "run_speed": true,
        "jump": true
      }
    },
    {
      "name": ["T Spawn", "Connector"],
      "weapon": "weapon_smokegrenade",
      "position": [-367.96875, 1236.0125732422, -136.94927978516],
      "viewangles": [-29.942993164063, -54.572006225586],
      "grenade": {
        "jump": true
      }
    },
    {
      "name": ["T Main", "Plant "],
      "description": "center",
      "weapon": "weapon_hegrenade",
      "position": [-915.59063720703, 625.35479736328, -215.96875],
      "viewangles": [-17.721946716309, -23.444675445557],
      "grenade": {
        "run": 20
      }
    },
    {
      "name": ["Train", "Heaven"],
      "weapon": "weapon_molotov",
      "position": [223.40620422363, 366.44372558594, -215.96875],
      "viewangles": [-21.489900588989, -45.857093811035],
      "grenade": {
        "delay": 12,
        "jump": true
      }
    },
    {
      "name": ["Train", "Heaven"],
      "weapon": "weapon_hegrenade",
      "position": [234.80870056152, 434.75946044922, -215.96875],
      "viewangles": [-2.5604026317596, -57.872566223145],
      "grenade": {
        "jump": true
      }
    },
    {
      "name": ["Train", "Heaven"],
      "weapon": "weapon_molotov",
      "position": [-246.19253540039, 418.97714233398, -215.96875],
      "viewangles": [-30.344888687134, -36.83141708374],
      "grenade": {
        "run": 5,
        "run_speed": true
      }
    },
    {
      "name": ["Ivy", "Heaven"],
      "description": "unsafe",
      "weapon": "weapon_hegrenade",
      "position": [1073.2032470703, 516.10723876953, -218.6018371582],
      "viewangles": [-0.12989374995232, -88.697937011719],
      "grenade": {
        "run": 22,
        "recovery_yaw": 138,
        "run_yaw": -75,
        "jump": true
      }
    },
    {
      "name": ["Ivy", "Heaven"],
      "weapon": "weapon_hegrenade",
      "position": [1247.0920410156, -70.61547088623, -215.96875],
      "viewangles": [-24.684003829956, -157.17922973633]
    },
    {
      "name": ["Connector", "Electrical Box"],
      "weapon": "weapon_molotov",
      "position": [623.91369628906, -530.97698974609, -216.67794799805],
      "viewangles": [8.5909309387207, 133.48802185059],
      "grenade": {
        "run": 7,
        "recovery_yaw": 90,
        "jump": true
      }
    },
    {
      "name": ["Connector", "Electrical Box"],
      "weapon": "weapon_hegrenade",
      "position": [623.90887451172, -485.82040405273, -219.58422851563],
      "viewangles": [9.9879131317139, 136.93109130859],
      "grenade": {
        "run": 8,
        "jump": true
      }
    },
    {
      "name": ["123", "Stairs"],
      "description": "unsafe",
      "weapon": "weapon_molotov",
      "position": [1706.1883544922, 591.9462890625, -215.96875],
      "viewangles": [-6.3953046798706, -84.938133239746],
      "grenade": {
        "run": 12,
        "recovery_jump": true,
        "recovery_yaw": -90,
        "run_yaw": 33
      }
    },
    {
      "name": ["Tunnel1", "FiveSeven"],
      "weapon": "weapon_hegrenade",
      "position": [1294.3596191406, 400.02493286133, -215.96875],
      "viewangles": [-4.9444236755371, 175.48867797852]
    },
    {
      "name": ["Bombsite A", "Heaven"],
      "weapon": "weapon_hegrenade",
      "position": [-336.51354980469, 418.98825073242, -215.96875],
      "viewangles": [-4.5914554595947, -36.096618652344],
      "grenade": {
        "run": 11,
        "jump": true
      }
    },
    {
      "name": ["Bombsite A", "Heaven"],
      "weapon": "weapon_hegrenade",
      "position": [88.694847106934, 407.19549560547, -215.96875],
      "viewangles": [-4.27969789505, -49.121200561523],
      "grenade": {
        "jump": true
      }
    },
    {
      "name": ["here", "FiveSeven"],
      "weapon": "weapon_molotov",
      "position": [1294.4680175781, 400.02404785156, -214.96875],
      "viewangles": [-9.8842000961304, 175.49682617188]
    },
    {
      "name": ["here", "Heaven"],
      "weapon": "weapon_molotov",
      "position": [1180.5014648438, -196.05508422852, -214.96875],
      "viewangles": [-32.183605194092, -167.6908416748]
    },
    {
      "name": ["here", "Plant"],
      "weapon": "weapon_hegrenade",
      "position": [-416.17291259766, 389.7307434082, -214.96875],
      "viewangles": [-3.400443315506, -36.961242675781],
      "grenade": {
        "run": 20,
        "jump": true
      }
    },
    {
      "name": ["IVY", "IVY"],
      "weapon": "weapon_hegrenade",
      "position": [-367.58361816406, -83.860733032227, -215.96875],
      "viewangles": [4.2282032966614, 23.230445861816],
      "grenade": {
        "run": 21,
        "jump": true
      }
    },
    {
      "name": ["Five-seven Spot", "FiveSeven"],
      "weapon": "weapon_molotov",
      "position": [-440.16317749023, 520.89056396484, -85.364814758301],
      "viewangles": [-16.117631912231, -10.400792121887]
    },
    {
      "name": ["Connector", "Heaven"],
      "weapon": "weapon_molotov",
      "position": [500.03002929688, -355.28173828125, -215.96875],
      "viewangles": [3.001740694046, 95.532577514648],
      "grenade": {
        "fov": 5.12,
        "run": 10,
        "jump": true
      }
    },
    {
      "name": ["A Site", "Droproom"],
      "description": "Fakeduck",
      "weapon": "weapon_molotov",
      "position": [581.42883300781, 49.50463104248, -134.40859985352],
      "viewangles": [-30.570623397827, -154.26440429688],
      "grenade": {
        "fov": 5.12,
        "run": 14,
        "recovery_yaw": 46
      }
    },
    {
      "name": ["Heaven", "Heaven"],
      "weapon": "weapon_molotov",
      "position": [759.43817138672, 731.96276855469, -211.96875],
      "viewangles": [-2.8841915130615, -93.225654602051],
      "position_visibility": [0, 0, 0],
      "grenade": {
        "fov": 5.12,
        "run": 1,
        "jump": true
      },
      "approach_accurate": true
    },
    {
      "name": ["Unnamed", "Heaven"],
      "weapon": "weapon_hegrenade",
      "position": [1180.5472412109, -196.07659912109, -215.96875],
      "viewangles": [-31.851545333862, -167.86058044434],
      "grenade": {
        "fov": 5.12,
        "recovery_jump": true,
        "recovery_yaw": 90
      }
    },
    {
      "name": ["Unnamed", "Plant"],
      "description": "right\/left",
      "weapon": "weapon_molotov",
      "position": [224.73115539551, 356.12365722656, -215.96875],
      "viewangles": [-22.195697784424, -20.664491653442],
      "grenade": {
        "fov": 5.12,
        "run": 14
      }
    },
    {
      "name": ["Unnamed", "Plant "],
      "description": "Right",
      "weapon": "weapon_molotov",
      "position": [216.82765197754, 373.33245849609, -215.96875],
      "viewangles": [-67.679931640625, -68.871017456055],
      "grenade": {
        "fov": 5.12,
        "run": 8,
        "jump": true
      }
    },
    {
      "name": ["Unnamed", "Plant"],
      "description": "left",
      "weapon": "weapon_molotov",
      "position": [-337.39526367188, 306.53039550781, -214.96875],
      "viewangles": [-33.105621337891, -12.842555999756],
      "grenade": {
        "fov": 5.12
      }
    },
    {
      "name": ["Unnamed", "Connector [Pre]"],
      "description": "safe",
      "weapon": "weapon_molotov",
      "position": [1090.7210693359, 550.31231689453, -215.96875],
      "viewangles": [-17.527471542358, -121.42728424072],
      "grenade": {
        "fov": 5.12,
        "run": 20,
        "run_speed": true,
        "run_yaw": -53
      },
      "duck": true
    },
    {
      "name": ["Unnamed", "Anti-Push B"],
      "description": "Fakeduck",
      "weapon": "weapon_molotov",
      "position": [-297.11212158203, -1277.9349365234, -355.96875],
      "viewangles": [-22.709352493286, 20.782789230347],
      "grenade": {
        "fov": 5.12,
        "run": 1
      }
    },
    {
      "name": ["Unnamed", "Plant back"],
      "description": "right",
      "weapon": "weapon_molotov",
      "position": [1090.2858886719, 440.47180175781, -215.96875],
      "viewangles": [-12.165987014771, -158.35664367676],
      "grenade": {
        "fov": 5.12,
        "run": 1
      }
    },
    {
      "name": ["Unnamed", "Plant"],
      "description": "right",
      "weapon": "weapon_hegrenade",
      "position": [1090.3006591797, 440.47772216797, -215.96875],
      "viewangles": [-12.165987014771, -158.35664367676],
      "grenade": {
        "fov": 5.12,
        "run": 1
      }
    },
    {
      "name": ["Unnamed", "Plant"],
      "description": "center",
      "weapon": "weapon_hegrenade",
      "position": [1090.3006591797, 440.47772216797, -215.96875],
      "viewangles": [-13.128611564636, -158.40922546387],
      "grenade": {
        "fov": 5.12,
        "run": 1
      }
    },
    {
      "name": ["B Ramp", "upsite"],
      "weapon": "weapon_molotov",
      "position": [-944.69836425781, -874.44860839844, -151.96875],
      "viewangles": [-28.040344238281, 115.96300506592],
      "grenade": {
        "recovery_yaw": -45
      }
    },
    {
      "name": ["Unnamed", "Plant"],
      "description": "center",
      "weapon": "weapon_molotov",
      "position": [1503.8171386719, 676.61383056641, -215.96875],
      "viewangles": [7.546000957489, -155.34983825684],
      "grenade": {
        "run": 20,
        "jump": true
      }
    },
    {
      "name": ["Unnamed", "Heaven"],
      "weapon": "weapon_smokegrenade",
      "position": [513.18420410156, -533.70837402344, -223.96875],
      "viewangles": [5.8739910125732, 96.329605102539],
      "grenade": {
        "run": 25,
        "jump": true
      }
    },
    {
      "name": ["Unnamed", "Plant"],
      "weapon": "weapon_molotov",
      "position": [-578.09893798828, -418.42861938477, -215.96875],
      "viewangles": [9.1739892959595, 34.333808898926],
      "grenade": {
        "run": 20,
        "jump": true
      }
    },
    {
      "name": ["B", "B [MLU]"],
      "description": "not working on mouse1 \/ FD",
      "weapon": "weapon_molotov",
      "position": [-1079.3741455078, -1318.3004150391, -55.96875],
      "viewangles": [-3.9743595123291, 88.756370544434],
      "movement": {
        "frames": [
          [
            0,
            0,
            "F",
            225
          ],
          [
            0,
            0,
            "A"
          ],
          36,
          [
            0.16059994697571
          ],
          [
            1.4453999996185,
            0.32119750976563
          ],
          16,
          [
            0.4818000793457,
            -0.16059875488281
          ],
          [
            1.4453999996185,
            -0.16059875488281
          ],
          [
            1.1242000460625,
            -0.16059875488281
          ],
          [
            0.96360009908676
          ],
          [
            0.48179996013641
          ],
          [
            0.32119989395142
          ],
          [
            0.48179984092712
          ],
          [
            0.48179984092712,
            0.32119750976563
          ],
          [
            0.8030002117157,
            0.64239501953125
          ],
          [
            0.96360015869141,
            0.48179626464844
          ],
          [
            0.32120037078857,
            0.32119750976563
          ],
          [
            0.16060018539429,
            0.48179626464844
          ],
          [
            0,
            0.96359252929688
          ],
          [
            -0.16060018539429,
            1.1241989135742
          ],
          [
            -0.32120037078857,
            1.4454040527344
          ],
          [
            -2.2483999729156,
            1.6060028076172,
            "R",
            450,
            225
          ],
          2,
          [
            -0.4818000793457
          ],
          [
            -0.96360015869141,
            -0.32119750976563
          ],
          [
            -0.96360009908676,
            -0.80300140380859
          ],
          [
            -1.4453999996185,
            -2.0877990722656,
            "J"
          ],
          [
            -1.4454000592232,
            -3.2119979858398,
            "j"
          ],
          [
            -1.1242001056671,
            -4.9785995483398,
            "f"
          ],
          [
            -1.6060004234314,
            -6.1027984619141
          ],
          [
            -2.4089999198914,
            -6.2633972167969
          ],
          [
            -2.0878005027771,
            -5.9421997070313
          ],
          [
            -1.9272003173828,
            -6.1027984619141
          ],
          [
            -1.28480052948,
            -5.6210021972656
          ],
          [
            -0.32119941711426,
            -5.2998008728027
          ],
          [
            -0.48179912567139,
            -6.7452011108398
          ],
          [
            -0.16059970855713,
            -1.9272003173828
          ],
          [
            -0.4818000793457,
            -3.6938018798828
          ],
          [
            -1.28480052948,
            -5.1392021179199
          ],
          [
            -0.96359920501709,
            -3.2119979858398
          ],
          [
            -0.96360015869141,
            -3.051399230957
          ],
          [
            -0.80299949645996,
            -2.5695991516113
          ],
          [
            -0.16060066223145,
            -1.2847995758057
          ],
          [
            -0.48180198669434,
            -3.5331993103027
          ],
          [
            -0.32120132446289,
            -1.4454002380371
          ],
          [
            -0.32120132446289,
            -0.32120132446289
          ],
          3,
          [
            0.16060066223145,
            -3.3725996017456
          ],
          [
            0,
            -3.3725996017456
          ],
          [
            -0.64239883422852,
            -2.0877995491028
          ],
          [
            -0.32119941711426,
            -0.4818000793457,
            "a"
          ],
          7,
          [
            -0.16060066223145,
            -0.16060018539429
          ],
          [
            -0.16060066223145,
            -0.16060018539429
          ],
          [
            0,
            0,
            "r"
          ],
          1
        ]
      }
    },
    {
      "name": ["123", "Stairs "],
      "description": "UNSAFE",
      "weapon": "weapon_hegrenade",
      "position": [1706.1390380859, 591.96130371094, -215.96875],
      "viewangles": [-5.7070841789246, -86.141983032227],
      "grenade": {
        "run": 15,
        "recovery_jump": true,
        "recovery_yaw": -90,
        "run_yaw": 34
      }
    },
    {
      "name": ["Connector", "Blue train"],
      "weapon": "weapon_smokegrenade",
      "position": [1077.9997558594, -753.97930908203, -223.90618896484],
      "viewangles": [-45.80407, 143.151688],
      "grenade": {
        "jump": true
      }
    },
    {
      "name": ["A1", "Break Room"],
      "weapon": "weapon_smokegrenade",
      "position": [1021.0969238281, -254.9885559082, -215.90618896484],
      "viewangles": [-38.494926, 154.562332]
    },
    {
      "name": ["T Spawn", "A Train"],
      "weapon": "weapon_smokegrenade",
      "position": [-660.66528320313, 1157.7182617188, -216.90618896484],
      "viewangles": [-43.198013, -44.553295]
    },
    {
      "name": ["T Long", "A2"],
      "weapon": "weapon_smokegrenade",
      "position": [1535.96875, 1775.96875, -223.90618896484],
      "viewangles": [-9.818258, -112.486588],
      "grenade": {
        "run": 20
      }
    },
    {
      "name": ["T Spawn", "Bomb train \/ Connector"],
      "weapon": "weapon_smokegrenade",
      "position": [-627.77270507813, 1261.7415771484, -216.30569458008],
      "viewangles": [-44.319992, -53.548634]
    },
    {
      "name": ["T Spawn", "Bomb train"],
      "weapon": "weapon_smokegrenade",
      "position": [-526.62823486328, 1325.4068603516, -86.839477539063],
      "viewangles": [-26.41748, -57.328667]
    },
    {
      "name": ["B Stairs", "Connector"],
      "weapon": "weapon_smokegrenade",
      "position": [-653.99932861328, -479.96871948242, 16.093811035156],
      "viewangles": [-41.597443, -8.42019]
    },
    {
      "name": ["White halls", "Bomb train \/ Connector"],
      "weapon": "weapon_smokegrenade",
      "position": [-655.96875, -399.89273071289, 16.093811035156],
      "viewangles": [-46.002502, 10.89071],
      "grenade": {
        "strength": 0.5
      }
    },
    {
      "name": ["Boilers", "Connector"],
      "weapon": "weapon_smokegrenade",
      "position": [-1159.9996337891, -1048.0017089844, -95.906188964844],
      "viewangles": [-11.023086, 5.091055],
      "grenade": {
        "run": 20
      }
    },
    {
      "name": ["T Spawn", "Bomb train"],
      "weapon": "weapon_smokegrenade",
      "position": [-453.35845947266, 1286.2846679688, -86.490753173828],
      "viewangles": [-25.130558, -58.731426]
    },
    {
      "name": ["White halls", "Green train"],
      "weapon": "weapon_smokegrenade",
      "position": [-613.16168212891, -583.96875, 16.093811035156],
      "viewangles": [-44.022999, 53.455647]
    },
    {
      "name": ["White halls", "Ivy"],
      "weapon": "weapon_smokegrenade",
      "position": [-655.99920654297, -449.66864013672, 16.093811035156],
      "viewangles": [-38.577927, 27.880314]
    },
    {
      "name": ["T Spawn", "Blue train \/ Red train"],
      "weapon": "weapon_smokegrenade",
      "position": [-645.47937011719, 1697.7219238281, -209.90618896484],
      "viewangles": [-41.56469, -65.086685]
    },
    {
      "name": ["B Stairs", "Ivy \/ Green Train"],
      "weapon": "weapon_smokegrenade",
      "position": [-640.02783203125, -583.96966552734, 16.093811035156],
      "viewangles": [-44.699406, 32.218452]
    },
    {
      "name": ["Boilers", "H2 \/ Bomb train"],
      "weapon": "weapon_smokegrenade",
      "position": [-1155.9790039063, -1301.5043945313, -95.906188964844],
      "viewangles": [-15.857571, 38.88282],
      "grenade": {
        "run": 20
      }
    },
    {
      "name": ["T Spawn", "Electric box"],
      "weapon": "weapon_smokegrenade",
      "position": [-645.46948242188, 1697.7225341797, -209.90896606445],
      "viewangles": [-42.05962, -72.308723]
    },
    {
      "name": ["T Long", "Ivy"],
      "weapon": "weapon_smokegrenade",
      "position": [1388.4262695313, 1446.0004882813, -223.90618896484],
      "viewangles": [-6.188282, -95.524574]
    },
    {
      "name": ["T Spawn", "Connector"],
      "weapon": "weapon_smokegrenade",
      "position": [-448.61474609375, 1236.03125, -86.839477539063],
      "viewangles": [-29.766037, -58.441879]
    },
    {
      "name": ["T Spawn", "Green train"],
      "weapon": "weapon_smokegrenade",
      "position": [-803.57238769531, 388.27883911133, -215.90618896484],
      "viewangles": [-21.022144, 13.708805]
    },
    {
      "name": ["T Spawn", "Blue train"],
      "weapon": "weapon_smokegrenade",
      "position": [-555.03125, 1262.03125, -212.5322265625],
      "viewangles": [-68.09655, -50.974125]
    },
    {
      "name": ["Boilers", "B Upper"],
      "weapon": "weapon_smokegrenade",
      "position": [-1055.96875, -1607.9691162109, -151.90618896484],
      "viewangles": [-9.076089, -21.028521]
    },
    {
      "name": ["Boilers", "H2 Lower"],
      "weapon": "weapon_smokegrenade",
      "position": [-1159.9780273438, -1088.1125488281, -95.909507751465],
      "viewangles": [-6.832071, 13.307947]
    },
    {
      "name": ["T Spawn", "Electric box"],
      "weapon": "weapon_smokegrenade",
      "position": [-481.86563110352, 1725.0115966797, -209.90618896484],
      "viewangles": [-45.93708, -78.790627]
    },
    {
      "name": ["T Spawn", "Red Train \/ Green Train"],
      "weapon": "weapon_smokegrenade",
      "position": [-838.16229248047, 1268.0244140625, -222.90618896484],
      "viewangles": [-37.604507, -42.064575]
    },
    {
      "name": ["Connector", "Bombsite A"],
      "weapon": "weapon_flashbang",
      "position": [400.03125, -420.03125, -211.77757263184],
      "viewangles": [-28.85902, -89.674629],
      "grenade": {
        "run": 20
      }
    },
    {
      "name": ["Upper", "Boilers"],
      "weapon": "weapon_flashbang",
      "position": [-799.03265380859, -1731.9709472656, -127.90618896484],
      "viewangles": [-13.036031, 0.827849],
      "grenade": {
        "run": 10
      }
    },
    {
      "name": ["Bombsite B", "Boilers"],
      "weapon": "weapon_flashbang",
      "position": [50.860469818115, -1023.9149780273, -164.55776977539],
      "viewangles": [-23.860077, -179.212845]
    },
    {
      "name": ["Boilers", "Plant"],
      "weapon": "weapon_molotov",
      "position": [-989.21868896484, -1637.9793701172, -151.90618896484],
      "viewangles": [-10.660044, -19.426443],
      "grenade": {
        "run": 10
      }
    },
    {
      "name": ["Unnamed", "Upper Stairs"],
      "description": "safe",
      "weapon": "weapon_molotov",
      "position": [548.85626220703, -27.674070358276, -131.67225646973],
      "viewangles": [-30.496925354004, -160.7147064209],
      "grenade": {
        "run": 1
      }
    },
    {
      "name": ["Unnamed", "Upper Stairs"],
      "weapon": "weapon_hegrenade",
      "position": [558.42517089844, -25.491277694702, -131.51573181152],
      "viewangles": [-30.185205459595, -160.77294921875],
      "grenade": {
        "run": 6
      }
    },
    {
      "name": ["Unnamed", "Plant"],
      "description": "center",
      "weapon": "weapon_hegrenade",
      "position": [-320.56158447266, 302.15676879883, -215.96875],
      "viewangles": [-1.9149510860443, -39.173740386963],
      "grenade": {
        "run": 14,
        "recovery_yaw": 90,
        "jump": true
      }
    },
    {
      "name": ["Unnamed", "FiveSeven"],
      "weapon": "weapon_molotov",
      "position": [1090.9150390625, 426.02627563477, -215.96875],
      "viewangles": [-9.4020671844482, 107.95896148682],
      "grenade": {
        "run": 4
      }
    },
    {
      "name": ["Unnamed", "FiveSeven"],
      "description": "FD",
      "weapon": "weapon_molotov",
      "position": [728.77380371094, -669.92114257813, -211.96875],
      "viewangles": [-1.4277014732361, 128.68104553223],
      "grenade": {
        "run": 30,
        "jump": true
      }
    },
    {
      "name": ["Unnamed", "Fiveseven"],
      "description": "Fakeduck",
      "weapon": "weapon_hegrenade",
      "position": [728.78698730469, -669.93017578125, -211.96875],
      "viewangles": [-1.4277014732361, 128.68104553223],
      "grenade": {
        "run": 30,
        "jump": true
      }
    },
    {
      "name": ["Unnamed", "Droproom"],
      "description": "USELESS?",
      "weapon": "weapon_molotov",
      "position": [988.05126953125, 213.69772338867, -215.96875],
      "viewangles": [-36.121921539307, -158.46128845215],
      "grenade": {
        "run": 32
      }
    },
    {
      "name": ["Unnamed", "corner (LEFT) [UNSAFE]"],
      "description": "scar-predict",
      "weapon": "weapon_hegrenade",
      "position": [1276.0635986328, 890.05383300781, -223.96875],
      "viewangles": [-5.8445978164673, -30.880701065063],
      "grenade": {
        "run": 22,
        "recovery_jump": true,
        "recovery_yaw": 180,
        "run_yaw": -85
      }
    },
    {
      "name": ["Unnamed", "corner (LEFT) [UNSAFE]"],
      "description": "scar-predict",
      "weapon": "weapon_molotov",
      "position": [1276.1129150391, 890.00311279297, -223.96875],
      "viewangles": [-15.392608642578, -30.418712615967],
      "grenade": {
        "run": 22,
        "recovery_jump": true,
        "recovery_yaw": 180,
        "run_yaw": -85
      }
    },
    {
      "name": ["Unnamed", "FiveSeven"],
      "weapon": "weapon_molotov",
      "position": [609.18756103516, -527.47711181641, -220.2897644043],
      "viewangles": [-16.759969711304, 82.584312438965],
      "grenade": {
        "run": 1
      }
    },
    {
      "name": ["Unnamed", "Drop"],
      "description": "door",
      "weapon": "weapon_molotov",
      "position": [1007.8002929688, 144.07330322266, -215.96875],
      "viewangles": [2.845668554306, -164.08633422852],
      "grenade": {
        "run": 7,
        "jump": true
      },
      "duck": true
    },
    {
      "name": ["Unnamed", "L corner"],
      "weapon": "weapon_molotov",
      "position": [1636.8023681641, 561.31390380859, -215.96875],
      "viewangles": [-12.175954818726, -49.179996490479],
      "grenade": {
        "run": 23
      }
    },
    {
      "name": ["Unnamed", "L corner"],
      "weapon": "weapon_hegrenade",
      "position": [1636.7913818359, 561.32647705078, -215.96875],
      "viewangles": [-12.175954818726, -49.179996490479],
      "grenade": {
        "run": 23
      }
    },
    {
      "name": ["Unnamed", "R corner"],
      "weapon": "weapon_molotov",
      "position": [1104.9647216797, 543.83312988281, -215.96875],
      "viewangles": [-10.843925476074, -129.76414489746],
      "grenade": {
        "run": 15
      }
    },
    {
      "name": ["Unnamed", "R corner"],
      "weapon": "weapon_hegrenade",
      "position": [1080.1049804688, 517.92639160156, -217.9944152832],
      "viewangles": [-13.825998306274, -129.30410766602],
      "grenade": {
        "run": 15
      }
    },
    {
      "name": ["Unnamed", "Fiveseven L corner"],
      "weapon": "weapon_hegrenade",
      "position": [1104.8846435547, 400.03018188477, -215.96875],
      "viewangles": [-12.04393196106, 108.89593505859],
      "grenade": {
        "run": 15
      }
    },
    {
      "name": ["Unnamed", "FiveSeven"],
      "weapon": "weapon_molotov",
      "position": [-504.64804077148, -366.73480224609, -215.96875],
      "viewangles": [6.745596408844, 22.007764816284],
      "grenade": {
        "run": 3,
        "recovery_yaw": 0,
        "jump": true
      }
    },
    {
      "name": ["Unnamed", "Plant"],
      "description": "center",
      "weapon": "weapon_hegrenade",
      "position": [-551.97515869141, -378.89279174805, -215.96875],
      "viewangles": [7.6994524002075, 19.529630661011],
      "grenade": {
        "run": 10,
        "recovery_yaw": 0,
        "jump": true
      }
    },
    {
      "name": ["Unnamed", "Plant"],
      "description": "Back",
      "weapon": "weapon_hegrenade",
      "position": [-557.95068359375, -380.01260375977, -215.96875],
      "viewangles": [-21.915996551514, 19.270936965942],
      "grenade": {
        "run": 7
      }
    },
    {
      "name": ["Unnamed", "Electrical Box"],
      "weapon": "weapon_molotov",
      "position": [-447.39501953125, 1396.6153564453, -86.902038574219],
      "viewangles": [-8.3226289749146, -77.858932495117],
      "grenade": {
        "run": 4,
        "run_speed": true,
        "delay": 10,
        "recovery_yaw": 0,
        "jump": true
      }
    },
    {
      "name": ["Unnamed", "Heaven"],
      "weapon": "weapon_molotov",
      "position": [1108.2210693359, 546.94897460938, -215.96875],
      "viewangles": [-6.0554299354553, -101.69165039063],
      "grenade": {
        "run": 20,
        "delay": 1,
        "run_yaw": -62,
        "jump": true
      }
    },
    {
      "name": ["Unnamed", "Heaven"],
      "weapon": "weapon_molotov",
      "position": [1379.3013916016, -43.686679840088, -215.96875],
      "viewangles": [-25.138031005859, -162.82273864746],
      "grenade": {
        "run": 8,
        "recovery_yaw": 90
      }
    },
    {
      "name": ["Unnamed", "Plant"],
      "description": "right",
      "weapon": "weapon_molotov",
      "position": [-536.50164794922, 1317.5825195313, -86.902038574219],
      "viewangles": [1.1648681163788, -71.509414672852],
      "grenade": {
        "run": 15,
        "delay": 1,
        "run_yaw": 64,
        "jump": true
      }
    },
    {
      "name": ["Unnamed", "Heaven"],
      "weapon": "weapon_hegrenade",
      "position": [545.47369384766, -523.88580322266, -224.21937561035],
      "viewangles": [7.9847359657288, 95.07657623291],
      "grenade": {
        "run": 13,
        "jump": true
      }
    },
    {
      "name": ["Unnamed", "FiveSeven"],
      "weapon": "weapon_molotov",
      "position": [-756.72680664063, 613.71453857422, -215.96875],
      "viewangles": [4.2998471260071, -14.733528137207],
      "grenade": {
        "run": 8,
        "jump": true
      }
    },
    {
      "name": ["Unnamed", "Plant"],
      "weapon": "weapon_molotov",
      "position": [747.80023193359, 726.04650878906, -211.96875],
      "viewangles": [-0.46493181586266, -101.16732788086],
      "grenade": {
        "strength": 0.5,
        "run": 1,
        "run_yaw": 180,
        "jump": true
      }
    },
    {
      "name": ["Unnamed", "Plant"],
      "description": "center",
      "weapon": "weapon_molotov",
      "position": [1225.7045898438, 494.35034179688, -219.96875],
      "viewangles": [-16.884799957275, -158.45986938477],
      "grenade": {
        "run": 3,
        "recovery_jump": true,
        "run_speed": true,
        "recovery_yaw": 90
      }
    },
    {
      "name": ["Unnamed", "Heaven"],
      "weapon": "weapon_molotov",
      "position": [-756.64086914063, 613.67028808594, -215.96875],
      "viewangles": [-32.669750213623, -32.124267578125],
      "grenade": {
        "run": 22
      }
    },
    {
      "name": ["Unnamed", "Plant"],
      "weapon": "weapon_molotov",
      "position": [-756.51275634766, 613.72338867188, -215.96875],
      "viewangles": [-26.399536132813, -23.309350967407],
      "grenade": {
        "run": 2
      }
    },
    {
      "name": ["Unnamed", "Plant"],
      "description": "back",
      "weapon": "weapon_hegrenade",
      "position": [-308.52508544922, 48.379676818848, -215.96875],
      "viewangles": [-19.579277038574, -4.17431640625],
      "grenade": {
        "run": 1,
        "run_speed": true
      }
    },
    {
      "name": ["Unnamed", "Plant"],
      "weapon": "weapon_hegrenade",
      "position": [-308.53518676758, 48.361576080322, -215.96875],
      "viewangles": [-15.335014343262, -4.3440823554993]
    },
    {
      "name": ["Unnamed", "Plant"],
      "description": "Back",
      "weapon": "weapon_molotov",
      "position": [-1056.4604492188, -967.20581054688, -55.96875],
      "viewangles": [-7.7450308799744, -10.925579071045]
    },
    {
      "name": ["Unnamed", "Plant"],
      "weapon": "weapon_molotov",
      "position": [-1079.873046875, -955.82238769531, -55.96875],
      "viewangles": [-2.0899946689606, -11.915276527405]
    },
    {
      "name": ["Unnamed", "Ivy [Check]"],
      "weapon": "weapon_molotov",
      "position": [-371.23974609375, -52.991004943848, -215.96875],
      "viewangles": [-21.698436737061, 20.125667572021],
      "grenade": {
        "run": 21
      }
    },
    {
      "name": ["Unnamed", "Heaven"],
      "description": "full safe",
      "weapon": "weapon_hegrenade",
      "position": [1389.2492675781, -40.660537719727, -215.96875],
      "viewangles": [-24.588062286377, -162.96267700195],
      "grenade": {
        "run": 8,
        "recovery_yaw": 90
      }
    },
    {
      "name": ["Back of B", "B Platform"],
      "description": "runboost",
      "weapon": "weapon_molotov",
      "position": [-1054.9956054688, -1047.0147705078, -79.9375],
      "viewangles": [7.5585885047913, 4.5773272514343],
      "grenade": {
        "run": 26,
        "delay": 3,
        "jump": true
      }
    },
    {
      "name": ["B Platform", "Back Of B"],
      "weapon": "weapon_molotov",
      "position": [1054.408203125, -863.55450439453, -255.96875],
      "viewangles": [-6.8220496177673, -175.57794189453],
      "grenade": {
        "run": 32,
        "delay": 3,
        "jump": true
      }
    },
    {
      "name": ["Unnamed", "Connector"],
      "weapon": "weapon_molotov",
      "position": [-444.9635925293, 1347.8049316406, -11.473175048828],
      "viewangles": [10.126973152161, -61.26309967041],
      "grenade": {
        "run": 19,
        "jump": true
      }
    },
    {
      "name": ["Spawn", "Connector"],
      "weapon": "weapon_molotov",
      "position": [-235.83555603027, 417.90994262695, -215.96875],
      "viewangles": [-10.069912910461, -44.416675567627],
      "grenade": {
        "delay": 13,
        "recovery_yaw": 0,
        "jump": true
      }
    },
    {
      "name": ["Train", "Train"],
      "weapon": "weapon_hegrenade",
      "position": [-858.47686767578, 510.08419799805, -219.96875],
      "viewangles": [1.0073184967041e-005, -0.66462057828903],
      "grenade": {
        "run": 15,
        "jump": true
      }
    },
    {
      "name": ["A Site", "Plant"],
      "description": "Right",
      "weapon": "weapon_hegrenade",
      "position": [-336.53433227539, 418.99011230469, -215.96875],
      "viewangles": [1.5259783267975, -32.854621887207],
      "grenade": {
        "delay": 5,
        "recovery_yaw": 0,
        "jump": true
      }
    },
    {
      "name": ["Unnamed", "AWP Cormer"],
      "description": "safe",
      "weapon": "weapon_molotov",
      "position": [1243.0633544922, 952.73999023438, -223.96875],
      "viewangles": [-20.687490463257, -58.796020507813],
      "grenade": {
        "fov": 5.12,
        "run": 31
      }
    },
    {
      "name": ["Unnamed", "AWP Cormer"],
      "description": "safe",
      "weapon": "weapon_hegrenade",
      "position": [1242.4614257813, 952.34564208984, -223.96875],
      "viewangles": [-20.687490463257, -58.928024291992],
      "grenade": {
        "fov": 5.12,
        "run": 31
      }
    },
    {
      "name": ["Unnamed", "Heaven (semi)"],
      "weapon": "weapon_molotov",
      "position": [-553.03985595703, 1309.3189697266, -86.902038574219],
      "viewangles": [0.26836416125298, -52.524368286133],
      "grenade": {
        "run": 26,
        "jump": true
      }
    },
    {
      "name": ["Unnamed", "CT"],
      "weapon": "weapon_molotov",
      "position": [1761.2882080078, -154.00721740723, -219.96875],
      "viewangles": [0.41795790195465, -59.84143447876],
      "grenade": {
        "run": 26,
        "recovery_jump": true,
        "recovery_yaw": -90
      }
    },
    {
      "name": ["Unnamed", "CT"],
      "weapon": "weapon_hegrenade",
      "position": [1761.2509765625, -154.09121704102, -219.96875],
      "viewangles": [0.97895801067352, -55.29182434082],
      "grenade": {
        "run": 26,
        "recovery_jump": true,
        "recovery_yaw": -90
      }
    },
    {
      "name": ["Unnamed", "IvI PUSH"],
      "weapon": "weapon_molotov",
      "position": [902.11883544922, 52.893383026123, -215.96875],
      "viewangles": [-18.290832519531, 98.507194519043],
      "grenade": {
        "run": 10,
        "recovery_yaw": -90
      }
    },
    {
      "name": ["Unnamed", "IvI PUSH"],
      "weapon": "weapon_hegrenade",
      "position": [902.10327148438, 52.890308380127, -215.96876525879],
      "viewangles": [-18.290832519531, 98.507194519043],
      "grenade": {
        "run": 10,
        "recovery_yaw": -90
      }
    },
    {
      "name": ["Unnamed", "Plant"],
      "description": "Right",
      "weapon": "weapon_hegrenade",
      "position": [240.43910217285, 424.37683105469, -215.96875],
      "viewangles": [4.7321953773499, -69.399436950684],
      "grenade": {
        "run": 20,
        "recovery_jump": true,
        "run_yaw": 180,
        "jump": true
      }
    },
    {
      "name": ["Unnamed", "IvI PUSH"],
      "weapon": "weapon_hegrenade",
      "position": [-167.11190795898, 640.86834716797, -215.96875],
      "viewangles": [6.701199054718, -7.1790223121643],
      "grenade": {
        "run": 20,
        "recovery_jump": true,
        "jump": true
      }
    },
    {
      "name": ["Hell", "Heaven"],
      "weapon": "weapon_molotov",
      "position": [840.78985595703, 735.96875, -154.96875],
      "viewangles": [-26.857685089111, -93.933349609375]
    },
    {
      "name": ["Hell", "Connector"],
      "weapon": "weapon_molotov",
      "position": [840.78839111328, 735.96868896484, -154.96875],
      "viewangles": [-14.642874717712, -107.15055084229]
    },
    {
      "name": ["Cloud", "Ladder"],
      "weapon": "weapon_molotov",
      "position": [1083.8414306641, -1725.0974121094, -209.11401367188],
      "viewangles": [-17.181800842285, 179.86517333984],
      "grenade": {
        "run": 15
      }
    },
    {
      "name": ["Hell", "Train Right"],
      "weapon": "weapon_molotov",
      "position": [840.79766845703, 735.96978759766, -154.96875],
      "viewangles": [-14.558424949646, -112.75862884521]
    },
    {
      "name": ["Hell", "Train Left"],
      "weapon": "weapon_molotov",
      "position": [840.81555175781, 735.97253417969, -154.96875],
      "viewangles": [5.6586837768555, -100.7875213623],
      "grenade": {
        "delay": 7,
        "jump": true
      }
    },
    {
      "name": ["Upper B", "Ladder"],
      "weapon": "weapon_hegrenade",
      "position": [-989.25067138672, -1637.9680175781, -151.96875],
      "viewangles": [-10.560479164124, -19.433275222778],
      "grenade": {
        "run": 10
      }
    },
    {
      "name": ["Unnamed", "FiveSeven"],
      "weapon": "weapon_hegrenade",
      "position": [495.37405395508, -116.83851623535, -130.34494018555],
      "viewangles": [-3.2919180393219, 64.365173339844],
      "grenade": {
        "run": 1
      }
    },
    {
      "name": ["Unnamed", "IvI"],
      "weapon": "weapon_hegrenade",
      "position": [496.44522094727, -117.27739715576, -130.31816101074],
      "viewangles": [-6.1453413963318, 55.094375610352],
      "grenade": {
        "run": 17
      }
    },
    {
      "name": ["Unnamed", "IvI"],
      "weapon": "weapon_molotov",
      "position": [496.44436645508, -117.27861022949, -130.31816101074],
      "viewangles": [-6.1453413963318, 55.094375610352],
      "grenade": {
        "run": 17
      }
    },
    {
      "name": ["Unnamed", "FiveSeven"],
      "weapon": "weapon_molotov",
      "position": [495.36959838867, -116.8478012085, -130.34494018555],
      "viewangles": [-3.2919180393219, 64.365173339844],
      "grenade": {
        "run": 1
      }
    },
    {
      "name": ["Unnamed", "Middle Train"],
      "weapon": "weapon_hegrenade",
      "position": [440.33990478516, -138.72210693359, -130.9499206543],
      "viewangles": [8.2653923034668, 102.54402160645],
      "grenade": {
        "run": 2,
        "delay": 10,
        "recovery_yaw": 0,
        "jump": true
      },
      "duck": true
    },
    {
      "name": ["Unnamed", "1W"],
      "weapon": "weapon_molotov",
      "position": [-1096.5405273438, -1317.9134521484, -95.96875],
      "viewangles": [14.16788482666, 102.96950531006],
      "movement": {
        "frames": [
          [
            0,
            0,
            "A"
          ],
          9,
          [
            0,
            0,
            "",
            225
          ],
          [
            0,
            0,
            "",
            450
          ],
          [
            0,
            0,
            "",
            450
          ],
          [
            0,
            0,
            "",
            450
          ],
          [
            0,
            0,
            "",
            450
          ],
          [
            0,
            0,
            "",
            450
          ],
          [
            0,
            0,
            "",
            450
          ],
          [
            0,
            0,
            "",
            450
          ],
          [
            0,
            0,
            "",
            450
          ],
          [
            0,
            0,
            "",
            450
          ],
          [
            0.050600051879883,
            0,
            "",
            450
          ],
          [
            0.050600051879883,
            0,
            "",
            450
          ],
          [
            0.050600051879883,
            0.05059814453125,
            "",
            450
          ],
          [
            0.10120010375977,
            0,
            "",
            450
          ],
          [
            0.050600051879883,
            0,
            "",
            450
          ],
          [
            0.10120010375977,
            0,
            "",
            450
          ],
          [
            0.15180015563965,
            0,
            "",
            450
          ],
          [
            0.15180015563965,
            0,
            "",
            450
          ],
          [
            0.20240020751953,
            0,
            "",
            450
          ],
          [
            0.15180015563965,
            0,
            "",
            450
          ],
          [
            0.20240020751953,
            0,
            "",
            450
          ],
          [
            0.20240020751953,
            0.05059814453125,
            "",
            450
          ],
          [
            0.25300025939941,
            0.1011962890625,
            "",
            450
          ],
          [
            0.10120010375977,
            0,
            "",
            450
          ],
          [
            0.20240020751953,
            0.1011962890625,
            "",
            450
          ],
          [
            0.25300025939941,
            0.1011962890625,
            "",
            450
          ],
          [
            0.3036003112793,
            0.15179443359375,
            "",
            450
          ],
          [
            0.20240020751953,
            0.15179443359375,
            "",
            450
          ],
          [
            0.35420036315918,
            0.25299072265625,
            "",
            450
          ],
          [
            0.25300025939941,
            0.202392578125,
            "",
            450
          ],
          [
            0.3036003112793,
            0.202392578125,
            "",
            450
          ],
          [
            0.3036003112793,
            0.25299072265625,
            "",
            450
          ],
          [
            0.35420036315918,
            0.25299072265625,
            "",
            450
          ],
          [
            0.45540046691895,
            0.35418701171875,
            "",
            450
          ],
          [
            0.45540046691895,
            0.45539093017578,
            "",
            450
          ],
          [
            0.55660057067871,
            0.60720062255859,
            "",
            450
          ],
          [
            0.70840072631836,
            0.91080474853516,
            "",
            450
          ],
          [
            0.65780067443848,
            0.91079711914063,
            "",
            450
          ],
          [
            0.65780067443848,
            1.0626068115234,
            "",
            450
          ],
          [
            0.70840072631836,
            1.2144012451172,
            "",
            450
          ],
          [
            0.50600051879883,
            0.75899505615234,
            "J",
            450
          ],
          [
            0.3036003112793,
            0.30359649658203,
            "j",
            450
          ],
          [
            0.15180015563965,
            0,
            "",
            450,
            450
          ],
          [
            0.10120010375977,
            -0.40479278564453,
            "",
            450,
            450
          ],
          [
            0.050600051879883,
            -1.2649993896484,
            "",
            0,
            450
          ],
          [
            -0.10120010375977,
            -1.6192016601563,
            "",
            0,
            450
          ],
          [
            -0.35420036315918,
            -2.1757965087891,
            "",
            0,
            450
          ],
          [
            -0.45540046691895,
            -2.4287948608398,
            "",
            0,
            450
          ],
          [
            -0.50600051879883,
            -2.6818084716797,
            "",
            0,
            450
          ],
          [
            -0.55660057067871,
            -2.9854049682617,
            "",
            0,
            450
          ],
          [
            -0.55660057067871,
            -2.7830047607422,
            "",
            0,
            450
          ],
          [
            -0.60720062255859,
            -3.3396148681641,
            "",
            0,
            450
          ],
          [
            -0.45540046691895,
            -2.6311950683594,
            "",
            0,
            450
          ],
          [
            -0.35420036315918,
            -2.4793930053711,
            "",
            0,
            450
          ],
          [
            -0.50600051879883,
            -3.4914016723633,
            "",
            0,
            450
          ],
          [
            -0.15180015563965,
            -1.1131973266602,
            "",
            0,
            450
          ],
          [
            -0.3036003112793,
            -2.0240020751953,
            "",
            0,
            450
          ],
          [
            -0.3036003112793,
            -2.1251983642578,
            "",
            0,
            450
          ],
          [
            -0.3036003112793,
            -1.9733963012695,
            "",
            0,
            450
          ],
          [
            -0.3036003112793,
            -1.9733963012695,
            "",
            0,
            450
          ],
          [
            -0.40480041503906,
            -2.0746002197266,
            "",
            0,
            450
          ],
          [
            -0.35420036315918,
            -1.7710037231445,
            "",
            0,
            450
          ],
          [
            -0.35420036315918,
            -1.7710037231445,
            "",
            0,
            450
          ],
          [
            -0.40480041503906,
            -1.9734039306641,
            "",
            0,
            450
          ],
          [
            -0.40480041503906,
            -1.9228057861328,
            "",
            0,
            450
          ],
          [
            -0.45540046691895,
            -1.9227981567383,
            "",
            0,
            450
          ],
          [
            -0.50600051879883,
            -1.9733963012695,
            "",
            0,
            450
          ],
          [
            -0.50600051879883,
            -2.3275985717773,
            "",
            0,
            450
          ],
          [
            -0.40480041503906,
            -1.8215980529785,
            "",
            0,
            450
          ],
          [
            -0.55660057067871,
            -2.4794006347656,
            "",
            0,
            450
          ],
          [
            -0.45540046691895,
            -1.9228019714355,
            "",
            0,
            450
          ],
          [
            -0.45540046691895,
            -2.1758003234863,
            "",
            0,
            450
          ],
          [
            -0.50600051879883,
            -2.4287986755371,
            "",
            0,
            450
          ],
          [
            -0.50600051879883,
            -2.2769966125488,
            "",
            0,
            450
          ],
          [
            -0.45540046691895,
            -2.2263946533203,
            "",
            0,
            450
          ],
          [
            -0.55660057067871,
            -2.3275985717773,
            "",
            0,
            450
          ],
          [
            -0.50600051879883,
            -2.0745964050293,
            "J",
            0,
            450
          ],
          [
            -0.65780067443848,
            -2.4793968200684,
            "j",
            0,
            450
          ],
          [
            -0.70840072631836,
            -2.4793968200684,
            "",
            0,
            450
          ],
          [
            -0.60720062255859,
            -2.0240001678467,
            "",
            0,
            450
          ],
          [
            -0.65780067443848,
            -2.175802230835,
            "",
            0,
            450
          ],
          [
            -0.60720014572144,
            -1.8722019195557,
            "",
            0,
            450
          ],
          [
            -0.86020040512085,
            -2.2264022827148,
            "",
            0,
            450
          ],
          [
            -0.75900030136108,
            -2.0240020751953,
            "",
            0,
            450
          ],
          [
            -0.86020040512085,
            -2.2264022827148,
            "",
            0,
            450
          ],
          [
            -0.80959987640381,
            -2.175802230835,
            "",
            0,
            450
          ],
          [
            -1.2649998664856,
            -3.6431999206543,
            "a",
            0,
            450
          ],
          [
            -0.25300002098083,
            -0.80959987640381,
            "",
            0,
            450
          ],
          [
            -0.65779995918274,
            -1.7710008621216,
            "",
            0,
            450
          ],
          [
            -0.60720002651215,
            -1.7710008621216,
            "",
            0,
            450
          ],
          [
            -0.50599992275238,
            -1.3662004470825,
            "D",
            0,
            450
          ],
          [
            -0.35419999063015,
            -0.86020088195801,
            "R"
          ],
          [
            -0.15179999917746,
            -0.35420036315918
          ],
          [
            -0.050599999725819,
            -0.10120010375977,
            "r"
          ],
          23,
          [
            0,
            0,
            "",
            450
          ],
          [
            0,
            0,
            "d",
            450
          ],
          [
            0,
            0,
            "FJ"
          ]
        ]
      }
    },
    {
      "name": ["Unnamed", "1w + FD"],
      "weapon": "weapon_molotov",
      "position": [-1155.9973144531, -1301.4989013672, -95.96875],
      "viewangles": [14.167737007141, 79.792633056641],
      "movement": {
        "frames": [
          [
            0,
            0,
            "A"
          ],
          1,
          [
            0,
            0,
            "",
            225
          ],
          [
            0,
            0,
            "",
            450
          ],
          [
            0,
            0,
            "",
            450
          ],
          [
            0,
            0,
            "",
            450
          ],
          [
            0,
            0,
            "",
            450
          ],
          [
            0,
            0,
            "",
            450
          ],
          [
            0,
            0,
            "",
            450
          ],
          [
            0.050600051879883,
            0.05059814453125,
            "",
            450
          ],
          [
            0,
            0,
            "",
            450
          ],
          [
            0,
            0.05059814453125,
            "",
            450
          ],
          [
            0.050600051879883,
            0,
            "",
            450
          ],
          [
            0,
            0.05059814453125,
            "",
            450
          ],
          [
            0.050600051879883,
            0,
            "",
            450
          ],
          [
            0,
            0,
            "",
            450
          ],
          [
            0.10120010375977,
            0,
            "",
            450
          ],
          [
            0.050600051879883,
            0.05059814453125,
            "",
            450
          ],
          [
            0.050600051879883,
            0.05059814453125,
            "",
            450
          ],
          [
            0.10120010375977,
            0,
            "",
            450
          ],
          [
            0.050600051879883,
            0.05059814453125,
            "",
            450
          ],
          [
            0.10120010375977,
            0.05059814453125,
            "",
            450
          ],
          [
            0.050600051879883,
            0.05059814453125,
            "",
            450
          ],
          [
            0.050600051879883,
            0,
            "",
            450
          ],
          [
            0.050600051879883,
            0,
            "",
            450
          ],
          [
            0.10120010375977,
            0.05059814453125,
            "",
            450
          ],
          [
            0.10120010375977,
            0.05059814453125,
            "",
            450
          ],
          [
            0.10120010375977,
            0.05059814453125,
            "",
            450
          ],
          [
            0.15180015563965,
            0.05059814453125,
            "",
            450
          ],
          [
            0.10120010375977,
            0.1011962890625,
            "",
            450
          ],
          [
            0.20240020751953,
            0.15180206298828,
            "",
            450
          ],
          [
            0.050600051879883,
            0.05059814453125,
            "",
            450
          ],
          [
            0.20240020751953,
            0.15179443359375,
            "",
            450
          ],
          [
            0.15179920196533,
            0.202392578125,
            "",
            450
          ],
          [
            0.20240020751953,
            0.202392578125,
            "",
            450
          ],
          [
            0.25300025939941,
            0.3035888671875,
            "",
            450
          ],
          [
            0.20240020751953,
            0.202392578125,
            "",
            450
          ],
          [
            0.20240020751953,
            0.35418701171875,
            "",
            450
          ],
          [
            0.3036003112793,
            0.40479278564453,
            "",
            450
          ],
          [
            0.25300025939941,
            0.40478515625,
            "",
            450
          ],
          [
            0.35420036315918,
            0.55658721923828,
            "",
            450
          ],
          [
            0.3036003112793,
            0.55659484863281,
            "",
            450
          ],
          [
            0.3036003112793,
            0.70840454101563,
            "",
            450
          ],
          [
            0.35420036315918,
            0.80959320068359,
            "",
            450
          ],
          [
            0.3036003112793,
            0.80959320068359,
            "",
            450
          ],
          [
            0.35420036315918,
            0.91079711914063,
            "",
            450
          ],
          [
            0.35420036315918,
            1.0625991821289,
            "",
            450
          ],
          [
            0.35420036315918,
            1.0626068115234,
            "",
            450
          ],
          [
            0.45540046691895,
            1.467399597168,
            "",
            450
          ],
          [
            0.45540046691895,
            1.3661956787109,
            "",
            450
          ],
          [
            0.35420036315918,
            1.1131973266602,
            "",
            450
          ],
          [
            0.3036003112793,
            1.1131973266602,
            "",
            450
          ],
          [
            0.40480041503906,
            1.0120010375977,
            "",
            450
          ],
          [
            0.15180015563965,
            0.40480041503906,
            "J",
            450,
            225
          ],
          [
            0,
            0,
            "j",
            450,
            450
          ],
          [
            0,
            -0.1011962890625,
            "",
            0,
            450
          ],
          [
            -0.050600051879883,
            -0.65779113769531,
            "",
            0,
            450
          ],
          [
            -0.20240020751953,
            -1.1131896972656,
            "",
            0,
            450
          ],
          [
            -0.3036003112793,
            -1.4673919677734,
            "",
            0,
            450
          ],
          [
            -0.50600051879883,
            -1.9734115600586,
            "",
            0,
            450
          ],
          [
            -0.45540046691895,
            -2.0239944458008,
            "",
            0,
            450
          ],
          [
            -0.55660057067871,
            -2.3781967163086,
            "",
            0,
            450
          ],
          [
            -0.70840072631836,
            -3.5419998168945,
            "",
            0,
            450
          ],
          [
            -0.3036003112793,
            -1.467399597168,
            "",
            0,
            450
          ],
          [
            -0.50600051879883,
            -2.6311950683594,
            "",
            0,
            450
          ],
          [
            -0.45540046691895,
            -2.5299987792969,
            "",
            0,
            450
          ],
          [
            -0.40480041503906,
            -2.4793930053711,
            "",
            0,
            450
          ],
          [
            -0.35420036315918,
            -2.3781890869141,
            "",
            0,
            450
          ],
          [
            -0.25300025939941,
            -1.77099609375,
            "",
            0,
            450
          ],
          [
            -0.40480041503906,
            -2.3781967163086,
            "",
            0,
            450
          ],
          [
            -0.3036003112793,
            -1.9227981567383,
            "",
            0,
            450
          ],
          [
            -0.35420036315918,
            -1.7203979492188,
            "",
            0,
            450
          ],
          [
            -0.3036003112793,
            -1.5685958862305,
            "",
            0,
            450
          ],
          [
            -0.40480041503906,
            -1.9227981567383,
            "",
            0,
            450
          ],
          [
            -0.40480041503906,
            -1.6697998046875,
            "",
            0,
            450
          ],
          [
            -0.35420036315918,
            -1.619197845459,
            "",
            0,
            450
          ],
          [
            -0.40480041503906,
            -1.6697959899902,
            "",
            0,
            450
          ],
          [
            -0.40480041503906,
            -1.8215942382813,
            "",
            0,
            450
          ],
          [
            -0.45540046691895,
            -1.8215980529785,
            "",
            0,
            450
          ],
          [
            -0.45540046691895,
            -1.8215980529785,
            "",
            0,
            450
          ],
          [
            -0.50600051879883,
            -1.9227981567383,
            "",
            0,
            450
          ],
          [
            -0.65780067443848,
            -2.4287986755371,
            "",
            0,
            450
          ],
          [
            -0.50600051879883,
            -2.023998260498,
            "",
            0,
            450
          ],
          [
            -0.65780067443848,
            -2.3275985717773,
            "",
            0,
            450
          ],
          [
            -0.50600051879883,
            -2.0745964050293,
            "",
            0,
            450
          ],
          [
            -0.60720062255859,
            -2.3275985717773,
            "",
            0,
            450
          ],
          [
            -0.65780067443848,
            -2.5806007385254,
            "",
            0,
            450
          ],
          [
            -0.45540046691895,
            -2.0745983123779,
            "",
            0,
            450
          ],
          [
            -0.60720062255859,
            -2.580602645874,
            "",
            0,
            450
          ],
          [
            -0.50600004196167,
            -2.0240020751953,
            "J",
            0,
            450
          ],
          [
            -0.60720062255859,
            -2.2264022827148,
            "j",
            0,
            450
          ],
          [
            -0.60720014572144,
            -2.327600479126,
            "",
            0,
            450
          ],
          [
            -0.55660009384155,
            -2.0746021270752,
            "",
            0,
            450
          ],
          [
            -0.50600051879883,
            -2.0746021270752,
            "",
            0,
            450
          ],
          [
            -0.80959987640381,
            -3.0866003036499,
            "",
            0,
            450
          ],
          [
            -0.20240020751953,
            -0.70839977264404,
            "",
            0,
            450
          ],
          [
            -0.50600028038025,
            -2.1252002716064,
            "D"
          ],
          [
            -0.45540022850037,
            -1.8215999603271
          ],
          [
            -0.30360007286072,
            -1.3662004470825
          ],
          [
            -0.55660009384155,
            -1.5685997009277,
            "a"
          ],
          [
            -0.65780007839203,
            -1.3662004470825
          ],
          [
            -0.55659997463226,
            -0.96140050888062
          ],
          [
            -0.55659991502762,
            -0.86020040512085
          ],
          [
            -0.30359998345375,
            -0.75899982452393
          ],
          [
            -0.20239999890327,
            -0.75899982452393
          ],
          [
            -0.15180000662804,
            -0.6578004360199
          ],
          [
            -0.050599992275238,
            -0.25300002098083
          ],
          [
            0,
            -0.10119998455048
          ],
          20,
          [
            0,
            0,
            "d"
          ],
          [
            0,
            0,
            "",
            450
          ],
          [
            0,
            0,
            "",
            450
          ],
          [
            0,
            0,
            "F"
          ]
        ]
      }
    },
    {
      "name": ["Unnamed", "Plant"],
      "description": "left",
      "weapon": "weapon_hegrenade",
      "position": [81.577949523926, 403.14389038086, -215.96875],
      "viewangles": [1.088832616806, -31.371223449707],
      "grenade": {
        "strength": 0.5,
        "run": 1,
        "recovery_jump": true,
        "jump": true
      }
    },
    {
      "name": ["Unnamed", "Main"],
      "weapon": "weapon_hegrenade",
      "position": [622.03179931641, -83.47575378418, -128.9056854248],
      "viewangles": [-6.8485903739929, 153.43406677246],
      "grenade": {
        "run": 4
      }
    },
    {
      "name": ["Unnamed", "Main"],
      "weapon": "weapon_molotov",
      "position": [622.04327392578, -83.481315612793, -128.9056854248],
      "viewangles": [-6.9805903434753, 155.53732299805],
      "grenade": {
        "run": 4
      }
    },
    {
      "name": ["Unnamed", "."],
      "weapon": "weapon_flashbang",
      "position": [-1019.3492431641, -1039.0853271484, -151.96873474121],
      "viewangles": [2.5997693538666, 3.1344985961914]
    },
    {
      "name": ["Unnamed", "Main"],
      "weapon": "weapon_molotov",
      "position": [597.91705322266, -522.17114257813, -222.98741149902],
      "viewangles": [3.0611808300018, 129.35369873047],
      "grenade": {
        "run": 15,
        "recovery_yaw": 49,
        "jump": true
      }
    },
    {
      "name": ["Unnamed", "Electrical Box"],
      "weapon": "weapon_molotov",
      "position": [595.83294677734, -58.70015335083, -129.20472717285],
      "viewangles": [-3.2204258441925, 158.68933105469]
    },
    {
      "name": ["Unnamed", "Red Train"],
      "weapon": "weapon_molotov",
      "position": [-519.96472167969, 1356.2764892578, -86.902038574219],
      "viewangles": [-23.464387893677, -56.815837860107],
      "grenade": {
        "run": 1,
        "run_speed": true
      }
    },
    {
      "name": ["Unnamed", "Blue Train"],
      "weapon": "weapon_molotov",
      "position": [-523.73663330078, 1363.2938232422, -86.902038574219],
      "viewangles": [-24.530948638916, -61.748676300049],
      "grenade": {
        "run": 3,
        "run_speed": true,
        "run_yaw": 180
      }
    },
    {
      "name": ["Unnamed", "ANTI-NADE TRAINS"],
      "weapon": "weapon_molotov",
      "position": [-597.89807128906, 1503.1083984375, -220.7396697998],
      "viewangles": [-46.939117431641, -62.89111328125]
    },
    {
      "name": ["Unnamed", "IvI"],
      "weapon": "weapon_molotov",
      "position": [-232.47079467773, 665.81274414063, -215.96875],
      "viewangles": [6.5470843315125, 1.0072636604309],
      "grenade": {
        "run": 25,
        "recovery_jump": true,
        "run_yaw": -24,
        "jump": true
      }
    },
    {
      "name": ["Ivy", "Connector"],
      "weapon": "weapon_molotov",
      "position": [1109.7220458984, 550.85321044922, -215.96875],
      "viewangles": [-16.712057113647, -127.15403747559],
      "grenade": {
        "run": 20,
        "recovery_jump": true,
        "recovery_yaw": 90,
        "run_yaw": -5
      }
    },
    {
      "name": ["Unnamed", "Electrical Box"],
      "weapon": "weapon_molotov",
      "position": [810.91381835938, 17.339588165283, -127.22677612305],
      "viewangles": [-18.264755249023, -155.84208679199],
      "grenade": {
        "run": 9
      }
    },
    {
      "name": ["Unnamed", "Electrical Box"],
      "weapon": "weapon_hegrenade",
      "position": [785.43084716797, 61.963745117188, -129.85559082031],
      "viewangles": [-10.296724319458, -176.98564147949]
    },
    {
      "name": ["Unnamed", "Electrical box"],
      "weapon": "weapon_molotov",
      "position": [-655.97875976563, -406.97161865234, 16.03125],
      "viewangles": [-9.8564224243164, -58.248165130615],
      "grenade": {
        "run": 15,
        "jump": true
      }
    }
  ]