[
    {
      "name": ["Connector", "Roof"],
      "weapon": "weapon_molotov",
      "position": [453.57995605469, 607.34173583984, 141.69445800781],
      "viewangles": [-39.600227355957, -136.82386779785]
    },
    {
      "name": ["Alley", "Roof"],
      "description": "Right",
      "weapon": "weapon_molotov",
      "position": [458.91186523438, 312.27810668945, 215.46264648438],
      "viewangles": [-26.839862823486, -149.94482421875],
      "grenade": {
        "strength": 0.5,
        "recovery_jump": true,
        "recovery_yaw": 0,
        "jump": true
      }
    },
    {
      "name": ["Connector 3", "Roof"],
      "weapon": "weapon_molotov",
      "position": [273.88778686523, 743.99639892578, 96.03125],
      "viewangles": [-44.792137145996, -123.19995117188]
    },
    {
      "name": ["Roof", "A Site"],
      "weapon": "weapon_molotov",
      "position": [-250.89756774902, -55.572593688965, 533.85473632813],
      "viewangles": [12.407741546631, 6.9750537872314],
      "duck": true
    },
    {
      "name": ["Second roof", "A Site"],
      "weapon": "weapon_molotov",
      "position": [256.47351074219, -94.077239990234, 514.21716308594],
      "viewangles": [8.095724105835, 165.63876342773],
      "duck": true
    },
    {
      "name": ["CT Side Lower", "Roof"],
      "weapon": "weapon_molotov",
      "position": [278.43295288086, -745.97778320313, 96.03125],
      "viewangles": [-44.176067352295, 125.96856689453]
    },
    {
      "name": ["CT Side Lower", "Roof"],
      "weapon": "weapon_molotov",
      "position": [-203.27293395996, -751.00256347656, 96.03125],
      "viewangles": [-51.424152374268, 93.328758239746]
    },
    {
      "name": ["Hut", "Top Roof"],
      "weapon": "weapon_molotov",
      "position": [578.70532226563, 545.86895751953, 190.49926757813],
      "viewangles": [-35.363639831543, -142.49937438965]
    },
    {
      "name": ["Hut", "Roof"],
      "description": "Left",
      "weapon": "weapon_molotov",
      "position": [594.50274658203, 528.81469726563, 190.49925231934],
      "viewangles": [-32.862277984619, -137.84396362305]
    },
    {
      "name": ["Hut", "Roof"],
      "description": "Right",
      "weapon": "weapon_molotov",
      "position": [594.53076171875, 528.48321533203, 190.49925231934],
      "viewangles": [-33.544578552246, -148.41915893555]
    },
    {
      "name": ["Roof", "Bombsite"],
      "weapon": "weapon_hegrenade",
      "position": [-259.85345458984, -137.00782775879, 492.32702636719],
      "viewangles": [45.067897796631, 14.86842250824],
      "grenade": {
        "run": 26,
        "jump": true
      }
    },
    {
      "name": ["Roof", "Bombsite"],
      "weapon": "weapon_molotov",
      "position": [-224.79695129395, -130.67138671875, 495.55407714844],
      "viewangles": [12.774118423462, 16.346609115601],
      "grenade": {
        "run": 10,
        "recovery_yaw": 180
      }
    },
    {
      "name": ["Roof", "Corner"],
      "description": "r",
      "weapon": "weapon_hegrenade",
      "position": [-318.52642822266, -129.04249572754, 496.37957763672],
      "viewangles": [19.710214614868, 59.556358337402],
      "grenade": {
        "run": 20,
        "recovery_yaw": 180
      }
    },
    {
      "name": ["Roof", "Corner"],
      "description": "l",
      "weapon": "weapon_hegrenade",
      "position": [-182.98782348633, -166.14427185059, 477.47137451172],
      "viewangles": [37.33521270752, 93.214210510254],
      "grenade": {
        "run": 20,
        "jump": true
      }
    },
    {
      "name": ["here", "Site"],
      "weapon": "weapon_molotov",
      "position": [-157.76136779785, -749.22619628906, 97.03125],
      "viewangles": [-6.5144877433777, 56.124855041504],
      "grenade": {
        "run": 1,
        "jump": true
      }
    },
    {
      "name": ["here", "Site"],
      "weapon": "weapon_hegrenade",
      "position": [-271.58984375, -280.55667114258, 433.33096313477],
      "viewangles": [5.7422513961792, 27.274038314819],
      "grenade": {
        "run": 15
      }
    },
    {
      "name": ["here", "Site"],
      "weapon": "weapon_molotov",
      "position": [-273.48294067383, -281.52490234375, 432.89947509766],
      "viewangles": [5.5833759307861, 27.210472106934],
      "grenade": {
        "run": 22
      }
    },
    {
      "name": ["here", "Roof from round_start"],
      "weapon": "weapon_molotov",
      "position": [61.643375396729, 512.88433837891, 105.03125],
      "viewangles": [-29.299127578735, -104.00124359131]
    },
    {
      "name": ["here", "Roof"],
      "description": "unsafe",
      "weapon": "weapon_molotov",
      "position": [-368.23303222656, 747.96875, 97.03125],
      "viewangles": [-47.698322296143, -80.128761291504]
    },
    {
      "name": ["here", "Site"],
      "weapon": "weapon_molotov",
      "position": [-300.36120605469, 290.19653320313, 422.29644775391],
      "viewangles": [2.3197824954987, -26.086965560913],
      "grenade": {
        "run": 7
      }
    },
    {
      "name": ["here", "Second roof"],
      "weapon": "weapon_molotov",
      "position": [-369.03466796875, 402.189453125, 262.73223876953],
      "viewangles": [-32.393543243408, -39.441082000732],
      "grenade": {
        "run": 1,
        "run_yaw": 180
      }
    },
    {
      "name": ["here", "Roof"],
      "weapon": "weapon_hegrenade",
      "position": [455.39770507813, 279.38372802734, 224.68460083008],
      "viewangles": [-16.565769195557, -157.05409240723],
      "grenade": {
        "strength": 0.5,
        "recovery_yaw": 0,
        "jump": true
      }
    },
    {
      "name": ["Unnamed", "Roof"],
      "description": "Right",
      "weapon": "weapon_molotov",
      "position": [-241.82978820801, 19.639572143555, 224.03125],
      "viewangles": [-15.595871925354, -3.3821492195129],
      "grenade": {
        "fov": 5.12,
        "jump": true
      }
    },
    {
      "name": ["Unnamed", "Roof"],
      "description": "Right",
      "weapon": "weapon_hegrenade",
      "position": [-225.22543334961, 4.2326827049255, 224.03125],
      "viewangles": [-17.305418014526, -1.4530071020126],
      "grenade": {
        "fov": 5.12,
        "jump": true
      }
    },
    {
      "name": ["Unnamed", "Roof"],
      "description": "Left",
      "weapon": "weapon_molotov",
      "position": [215.25360107422, -17.51181602478, 224.03125],
      "viewangles": [-18.290182113647, 177.61134338379],
      "grenade": {
        "fov": 5.12,
        "jump": true
      }
    },
    {
      "name": ["Unnamed", "Roof"],
      "description": "Left",
      "weapon": "weapon_hegrenade",
      "position": [208.08926391602, -14.940032958984, 224.03125],
      "viewangles": [-18.791822433472, 177.36058044434],
      "grenade": {
        "fov": 5.12,
        "jump": true
      }
    },
    {
      "name": ["Unnamed", "Roof Left"],
      "weapon": "weapon_molotov",
      "position": [458.91720581055, 312.27270507813, 215.46382141113],
      "viewangles": [-18.928676605225, -141.82662963867],
      "grenade": {
        "strength": 0.5,
        "recovery_jump": true,
        "recovery_yaw": 0,
        "jump": true
      }
    },
    {
      "name": ["RoofUp molotov", "RoofUp molotov"],
      "weapon": "weapon_molotov",
      "position": [-267.73181152344, 42.423793792725, 225.03125],
      "viewangles": [-27.8192425, -22.52496],
      "grenade": {
        "run": 15
      }
    },
    {
      "name": ["plant", "plant"],
      "weapon": "weapon_hegrenade",
      "position": [390.07269287109, -444.25128173828, 150.9654083252],
      "viewangles": [-7.88818932, 137.414825],
      "grenade": {
        "run": 2
      }
    },
    {
      "name": ["plant", "plant"],
      "weapon": "weapon_hegrenade",
      "position": [248.8062286377, 0.41040736436844, 556.03125],
      "viewangles": [31.3205128, -179.707184],
      "grenade": {
        "run": 7
      }
    },
    {
      "name": ["plant", "plant"],
      "weapon": "weapon_hegrenade",
      "position": [423.95239257813, 108.00133514404, 225.03125],
      "viewangles": [-6.867363, -162.240128]
    },
    {
      "name": ["side fd", "side fd"],
      "weapon": "weapon_hegrenade",
      "position": [172.48260498047, -725.07067871094, 97.03125],
      "viewangles": [-24.84916, 119.728554]
    },
    {
      "name": ["1w", "1w"],
      "weapon": "weapon_molotov",
      "position": [-150.63317871094, 746.48425292969, 96.03125],
      "viewangles": [-48.481323242188, -98.966438293457]
    },
    {
      "name": ["plant", "plant"],
      "weapon": "weapon_molotov",
      "position": [423.95239257813, 108.00133514404, 225.03125],
      "viewangles": [-6.867363, -162.240128]
    },
    {
      "name": ["plant", "plant"],
      "weapon": "weapon_molotov",
      "position": [390.07269287109, -444.25128173828, 150.9654083252],
      "viewangles": [-7.88818932, 137.414825],
      "grenade": {
        "run": 2
      }
    },
    {
      "name": ["plant", "plant"],
      "weapon": "weapon_molotov",
      "position": [248.8062286377, 0.41040736436844, 556.03125],
      "viewangles": [31.3205128, -179.707184],
      "grenade": {
        "run": 7
      }
    },
    {
      "name": ["roof", "roof"],
      "weapon": "weapon_molotov",
      "position": [-657.36010742188, 709.57098388672, 97.03125],
      "viewangles": [-41.2604523, -41.00058],
      "grenade": {
        "run": 3
      }
    },
    {
      "name": ["side fd", "side fd"],
      "weapon": "weapon_molotov",
      "position": [172.48260498047, -725.07067871094, 97.03125],
      "viewangles": [-24.84916, 119.728554]
    },
    {
      "name": ["roof", "roof"],
      "weapon": "weapon_hegrenade",
      "position": [-657.36010742188, 709.57098388672, 97.03125],
      "viewangles": [-41.2604523, -41.00058],
      "grenade": {
        "run": 3
      }
    }
  ]